Ticker Symbol,Period Ending,Accounts Payable,Accounts Receivable,Add'l income/expense items,After Tax ROE,Capital Expenditures,Capital Surplus,Cash Ratio,Cash and Cash Equivalents,Changes in Inventories,Common Stocks,Cost of Revenue,Current Ratio,Deferred Asset Charges,Deferred Liability Charges,Depreciation,Earnings Before Interest and Tax,Earnings Before Tax,Effect of Exchange Rate,Equity Earnings/Loss Unconsolidated Subsidiary,Fixed Assets,Goodwill,Gross Margin,Gross Profit,Income Tax,Intangible Assets,Interest Expense,Inventory,Investments,Liabilities,Long-Term Debt,Long-Term Investments,Minority Interest,Misc. Stocks,Net Borrowings,Net Cash Flow,Net Cash Flow-Operating,Net Cash Flows-Financing,Net Cash Flows-Investing,Net Income,Net Income Adjustments,Net Income Applicable to Common Shareholders,Net Income-Cont. Operations,Net Receivables,Non-Recurring Items,Operating Income,Operating Margin,Other Assets,Other Current Assets,Other Current Liabilities,Other Equity,Other Financing Activities,Other Investing Activities,Other Liabilities,Other Operating Activities,Other Operating Items,Pre-Tax Margin,Pre-Tax ROE,Profit Margin,Quick Ratio,Research and Development,Retained Earnings,Sale and Purchase of Stock,"Sales, General and Admin.",Short-Term Debt / Current Portion of Long-Term Debt,Short-Term Investments,Total Assets,Total Current Assets,Total Current Liabilities,Total Equity,Total Liabilities,Total Liabilities & Equity,Total Revenue,Treasury Stock,For Year,Earnings Per Share,Estimated Shares Outstanding,Security,SEC filings,GICS Sector,GICS Sub Industry,Address of Headquarters,Date first added,CIK,Country
AAL,2015-12-31,5102000000.0,352000000,-708000000,135,-6151000000,11591000000.0,51.0,1085000000.0,0,6000000.0,11096000000.0,73.0,2477000000,667000000,1487000000,5496000000,4616000000,0,0,27510000000.0,4091000000.0,73,29894000000.0,-2994000000,2249000000.0,880000000,863000000,443000000.0,-633000000,18330000000.0,0.0,0,0,2856000000,-604000000,6249000000.0,-1259000000.0,-5594000000.0,7610000000,-2662000000,7610000000,7610000000,1425000000,1051000000,6204000000,15,2103000000.0,748000000,6272000000.0,-4732000000,96000000,114000000,10178000000.0,95000000,1364000000,11,82,19,67.0,0,-1230000000.0,-3846000000,21275000000,2231000000.0,5864000000.0,48415000000.0,9985000000.0,13605000000,5635000000.0,42780000000.0,48415000000.0,40990000000.0,0.0,2015.0,11.39,668129938.5,American Airlines Group,reports,Industrials,Airlines,"Fort Worth, Texas",2015-03-23,6201,United States
AAP,2016-01-02,3757085000.0,-21476000,-7484000,19,-234747000,603332000.0,2.0,90782000.0,-244096000,7000.0,5314246000.0,130.0,0,433925000,269476000,818296000,752888000,-4213000,0,1434577000.0,989484000.0,45,4422772000.0,279490000,687125000.0,65408000,4174768000,0.0,174667000,1213161000.0,0.0,0,0,-426322000,-13889000,689642000.0,-445952000.0,-253366000.0,473398000,30250000,473398000,473398000,597788000,0,825780000,8,82633000.0,77408000,39794000.0,-44059000,-13492000,-18619000,229354000.0,7423000,0,8,31,5,20.0,0,2021077000.0,-1491000,3596992000,598000.0,0.0,8134565000.0,4940746000.0,3797477000,2460648000.0,5673917000.0,8134565000.0,9737018000.0,-119709000.0,2015.0,6.45,73395038.76,Advance Auto Parts,reports,Consumer Discretionary,Automotive Retail,"Roanoke, Virginia",2015-07-09,1158449,United States
AAPL,2015-09-26,60671000000.0,-3124000000,1285000000,45,-11247000000,0.0,52.0,21120000000.0,-238000000,27416000000.0,140000000000.0,111.0,0,3624000000,11257000000,72515000000,72515000000,0,0,22471000000.0,5116000000.0,40,93626000000.0,19121000000,3893000000.0,0,2349000000,-44417000000.0,15188000000,53329000000.0,164000000000.0,0,0,29305000000,7276000000,81266000000.0,-17716000000.0,-56274000000.0,53394000000,4968000000,53394000000,53394000000,30343000000,0,71230000000,30,5422000000.0,15085000000,8940000000.0,-345000000,-1499000000,-610000000,33427000000.0,-179000000,0,31,61,23,108.0,8067000000,92284000000.0,-34710000000,14329000000,10999000000.0,20481000000.0,290000000000.0,89378000000.0,80610000000,119000000000.0,171000000000.0,290000000000.0,234000000000.0,0.0,2015.0,9.28,5753663793.0,Apple Inc.,reports,Information Technology,Computer Hardware,"Cupertino, California",1982-11-30,320193,United States
ABBV,2015-12-31,8463000000.0,-1076000000,-206000000,130,-532000000,13080000000.0,77.0,8399000000.0,-434000000,17000000.0,4500000000.0,150.0,0,5276000000,836000000,7331000000,6645000000,-300000000,0,2565000000.0,13168000000.0,80,18359000000.0,1501000000,19709000000.0,686000000,1719000000,29000000.0,1503000000,29240000000.0,145000000.0,0,0,16623000000,51000000,7535000000.0,5752000000.0,-12936000000.0,5144000000,1051000000,5144000000,5144000000,4730000000,150000000,7537000000,33,1149000000.0,1458000000,0.0,-2561000000,30000000,-12433000000,3695000000.0,511000000,0,29,168,23,134.0,4285000000,2248000000.0,-7425000000,6387000000,2431000000.0,8000000.0,53050000000.0,16314000000.0,10894000000,3945000000.0,49105000000.0,53050000000.0,22859000000.0,-8839000000.0,2015.0,3.15,1633015873.0,AbbVie,reports,Health Care,Pharmaceuticals,"North Chicago, Illinois",2012-12-31,1551152,United States
ABC,2015-09-30,21578227000.0,-1478793000,-44220000,22,-231585000,3736477000.0,10.0,2167442000.0,-1379189000,2750000.0,132000000000.0,94.0,0,1944240000,255988000,378000000,268964000,0,0,1192510000.0,4144391000.0,3,3529313000.0,407129000,1993119000.0,109036000,9755094000,-86214000.0,5122127000,3739225000.0,0.0,0,0,1496390000,358929000,3922228000.0,-632134000.0,-2931165000.0,-138165000,1577391000,-138165000,-138165000,8222951000,0,422220000,0,298474000.0,189001000,0.0,-136333000,0,-2613366000,84904000.0,-37131000,248635000,0,44,0,49.0,0,1164489000.0,-1665115000,2858458000,0.0,0.0,27962982000.0,20334488000.0,21578227000,616386000.0,27346596000.0,27962982000.0,136000000000.0,-4150997000.0,2015.0,-0.62,222846774.2,AmerisourceBergen Corp,reports,Health Care,Health Care Distributors,"Chesterbrook, Pennsylvania",,1140859,United States
ABT,2015-12-31,5683000000.0,-171000000,479000000,21,-1110000000,0.0,67.0,5001000000.0,-257000000,12734000000.0,8747000000.0,154.0,2119000000,0,1472000000,3346000000,3183000000,-198000000,0,5732000000.0,9638000000.0,57,11658000000.0,577000000,5562000000.0,163000000,2599000000,-821000000.0,215000000,5871000000.0,4041000000.0,115000000,0,1147000000,938000000,2966000000.0,-2236000000.0,406000000.0,4423000000,-2773000000,4423000000,2606000000,3418000000,0,2867000000,14,0.0,2013000000,373000000.0,-6658000000,-17000000,2337000000,4864000000.0,57000000,601000000,16,15,22,126.0,1405000000,25757000000.0,-1923000000,6785000000,3130000000.0,1124000000.0,41247000000.0,14155000000.0,9186000000,21211000000.0,20036000000.0,41247000000.0,20405000000.0,-10622000000.0,2015.0,2.94,1504421769.0,Abbott Laboratories,reports,Health Care,Health Care Equipment,"North Chicago, Illinois",1964-03-31,1800,United States
ADBE,2015-11-27,779356000.0,-79502000,34870000,9,-184936000,4184883000.0,180.0,876560000.0,0,61000.0,744317000.0,218.0,0,259303000,339473000,937965000,873781000,-21297000,0,787421000.0,5366881000.0,84,4051194000.0,244230000,510007000.0,64184000,0,-535197000.0,350908000,1907231000.0,80439000.0,0,0,387091000,-240840000,1469502000.0,-200687000.0,-1488358000.0,629551000,236773000,629551000,629551000,672006000,1559000,903095000,19,159832000.0,161802000,1434200000.0,-169080000,0,-768225000,344802000.0,-7701000,68649000,18,12,13,218.0,862730000,7253431000.0,-647103000,2215161000,0.0,3111524000.0,11726472000.0,4821892000.0,2213556000,7001580000.0,4724892000.0,11726472000.0,4795511000.0,-4267715000.0,2015.0,1.26,499643650.8,Adobe Systems Inc,reports,Information Technology,Application Software,"San Jose, California",1997-05-05,796343,United States
ADI,2015-10-31,438904000.0,-71198000,6303000,14,-153960000,634484000.0,272.0,884353000.0,-35557000,52011000.0,1175830000.0,366.0,57033000,251129000,222240000,837144000,810114000,-3950000,0,644110000.0,1636526000.0,66,2259262000.0,113236000,583517000.0,27030000,412314000,152175000.0,89394000,495341000.0,17482000.0,0,0,0,315120000,907798000.0,-571603000.0,-17125000.0,696878000,-1366000,696878000,696878000,595768000,0,830841000,24,40561000.0,42538000,300087000.0,-50851000,-1267000,-15340000,125763000.0,7407000,88318000,24,16,20,329.0,637459000,4437315000.0,-104322000,702644000,374594000.0,2144575000.0,7058777000.0,4079548000.0,1113585000,5072959000.0,1985818000.0,7058777000.0,3435092000.0,0.0,2015.0,0.31,2247993548.0,"Analog Devices, Inc.",reports,Information Technology,Semiconductors,"Norwood, Massachusetts",,6281,United States
ADM,2015-12-31,13407000000.0,913000000,392000000,10,-1125000000,0.0,49.0,6124000000.0,872000000,3180000000.0,63682000000.0,162.0,0,1563000000,882000000,2592000000,2284000000,0,390000000,9853000000.0,0.0,6,4020000000.0,438000000,3688000000.0,308000000,8243000000,35000000.0,-1693000000,5779000000.0,4340000000.0,16000000,0,240000000,-189000000,2481000000.0,-2649000000.0,-21000000.0,1849000000,-496000000,1849000000,2239000000,1738000000,200000000,1810000000,3,447000000.0,5286000000,0.0,-2146000000,-162000000,1069000000,1395000000.0,157000000,0,3,13,3,101.0,0,16865000000.0,-2040000000,2010000000,98000000.0,438000000.0,40157000000.0,21829000000.0,13505000000,17899000000.0,22242000000.0,40141000000.0,67702000000.0,0.0,2015.0,2.99,618394648.8,Archer-Daniels-Midland Co,reports,Consumer Staples,Agricultural Products,"Decatur, Illinois",1981-07-29,7084,United States
ADS,2015-12-31,1010619000.0,8307000,0,30,-191683000,2981041000.0,25.0,1624601000.0,0,1121000.0,4482700000.0,254.0,617000,777420000,524467000,1261860000,931676000,-25309000,0,576706000.0,3814078000.0,30,1957046000.0,326248000,1203745000.0,330184000,0,-2899032000.0,98026000,10136018000.0,0.0,0,167377000,3009130000,90885000,1705841000.0,1772901000.0,-3362548000.0,596541000,638239000,596541000,596541000,14052456000,0,1261860000,20,576267000.0,573360000,3975291000.0,-137251000,-205928000,-271833000,2925426000.0,-168626000,492140000,14,46,9,254.0,0,3092464000.0,-1020923000,203046000,1419649000.0,0.0,22421830000.0,16250417000.0,6405559000,2010030000.0,20411800000.0,22421830000.0,6439746000.0,-3927345000.0,2015.0,8.91,66951851.85,Alliance Data Systems,reports,Information Technology,Data Processing & Outsourced Services,"Plano, Texas",2013-12-23,1101215,United States
ADSK,2015-01-31,499300000.0,-17300000,0,4,-75500000,0.0,145.0,1410600000.0,0,1773100000.0,342100000.0,191.0,100000000,256300000,145900000,120700000,83000000,-5000000,0,159200000.0,1456200000.0,86,2170100000.0,1200000,86500000.0,37700000,0,-196100000.0,376000000,743100000.0,273000000.0,0,0,0,-442400000,708100000.0,-239900000.0,-905600000.0,81800000,165600000,81800000,81800000,544000000,3100000,120700000,5,163500000.0,100900000,900800000.0,-53300000,-43400000,-634000000,291000000.0,-43900000,39800000,3,4,3,191.0,725200000,499400000.0,-197000000,1281300000,0.0,615800000.0,4909700000.0,2671300000.0,1400100000,2219200000.0,2690500000.0,4909700000.0,2512200000.0,0.0,2015.0,0.36,227222222.2,Autodesk Inc,reports,Information Technology,Application Software,"San Rafael, California",1989-12-01,769397,United States
AEE,2015-12-31,909000000.0,83000000,44000000,9,-1917000000,5616000000.0,14.0,292000000.0,-14000000,2000000.0,3501000000.0,92.0,0,4476000000,896000000,1303000000,948000000,0,0,18799000000.0,411000000.0,43,2597000000.0,363000000,0.0,355000000,538000000,-2000000.0,-91000000,6880000000.0,556000000.0,142000000,0,664000000,287000000,2017000000.0,246000000.0,-1976000000.0,636000000,367000000,636000000,585000000,725000000,0,1259000000,21,1957000000.0,362000000,488000000.0,-3000000,-10000000,-57000000,3103000000.0,140000000,796000000,16,14,10,66.0,0,1331000000.0,-12000000,542000000,696000000.0,0.0,23640000000.0,1917000000.0,2093000000,6946000000.0,16694000000.0,23640000000.0,6098000000.0,0.0,2015.0,2.6,244615384.6,Ameren Corp,reports,Utilities,MultiUtilities,"St. Louis, Missouri",1991-09-19,1002910,United States
AFL,2015-12-31,4340000000.0,147000000,0,14,0,1828000000.0,,4350000000.0,0,67000000.0,13049000000.0,,8511000000,0,0,4151000000,3862000000,0,0,427000000.0,0.0,37,7823000000.0,1329000000,0.0,289000000,0,-4811000000.0,3488000000,5952000000.0,102000000000.0,0,0,-18000000,-308000000,6776000000.0,-2187000000.0,-4897000000.0,2533000000,-140000000,2533000000,2533000000,705000000,0,3862000000,19,1988000000.0,0,0.0,625000000,-234000000,-86000000,90296000000.0,748000000,3672000000,19,22,12,,0,24007000000.0,-1279000000,0,0.0,0.0,118000000000.0,0.0,0,17708000000.0,101000000000.0,118000000000.0,20872000000.0,-8819000000.0,2015.0,5.88,430782312.9,AFLAC Inc,reports,Financials,Life & Health Insurance,"Columbus, Georgia",,4977,United States
AIG,2015-12-31,0.0,1455000000,-767000000,2,0,81510000000.0,,1629000000.0,0,4766000000.0,36581000000.0,,31509000000,0,4629000000,4562000000,3281000000,-39000000,0,0.0,0.0,37,21746000000.0,1059000000,0.0,1281000000,0,8514000000.0,548000000,29350000000.0,331000000000.0,552000000,0,-2938000000,-129000000,2877000000.0,-11429000000.0,8462000000.0,2196000000,153000000,2196000000,2222000000,31864000000,0,3281000000,6,90964000000.0,0,0.0,2537000000,3228000000,-52000000,377000000000.0,-6130000000,0,6,4,4,,0,30943000000.0,-10691000000,16417000000,0.0,10132000000.0,497000000000.0,0.0,0,89658000000.0,407000000000.0,497000000000.0,58327000000.0,-30098000000.0,2015.0,1.69,1299408284.0,"American International Group, Inc.",reports,Financials,Property & Casualty Insurance,"New York, New York",1980-03-31,5272,United States
AIV,2015-12-31,355098000.0,619000,7336000,15,-536627000,4064659000.0,,137745000.0,0,1563000.0,365248000.0,,0,64052000,311487000,263551000,63866000,0,0,5529461000.0,0.0,63,616062000.0,-27524000,0.0,199685000,0,-429000.0,-22334000,0.0,0.0,141514000,87926000,-247022000,21818000,359891000.0,-167176000.0,-170897000.0,248710000,-201864000,235966000,91390000,0,0,256215000,26,473918000.0,0,0.0,-6040000,-7152000,359494000,53000.0,0,306301000,7,4,25,,0,-2596917000.0,339580000,53546000,3873160000.0,0.0,6144194000.0,0.0,0,1622391000.0,4521803000.0,6144194000.0,981310000.0,0.0,2015.0,1.52,163625000.0,Apartment Investment & Mgmt,reports,Real Estate,REITs,"Denver, Colorado",,922864,United States
AIZ,2015-12-31,2182538000.0,-93895000,0,3,-114896000,3148409000.0,,1288305000.0,-27269000,1497000.0,8666624000.0,,3150934000,0,124117000,256297000,201181000,-56231000,0,298414000.0,833512000.0,16,1658870000.0,59626000,277163000.0,55116000,0,236527000.0,294043000,1391801000.0,12615565000.0,0,0,0,-30351000,254572000.0,-487127000.0,264293000.0,141555000,-15593000,141555000,141555000,8755296000,0,201181000,2,2308263000.0,0,0.0,118549000,-100053000,142662000,22070824000.0,-168386000,1402573000,2,4,1,,0,4856674000.0,-292906000,0,0.0,508950000.0,30036402000.0,0.0,0,4523967000.0,25512435000.0,30036402000.0,10325494000.0,-3601162000.0,2015.0,2.08,68055288.46,Assurant Inc,reports,Financials,Multi-line Insurance,"New York, New York",2007-04-10,1267238,United States
AJG,2015-12-31,3689800000.0,-258900000,0,10,-99000000,3209400000.0,,1892500000.0,0,176900000.0,0.0,,643500000,0,356900000,396500000,293500000,-15100000,0,249000000.0,3662900000.0,100,5392400000.0,-95600000,1698800000.0,103000000,0,0.0,605900000,4948800000.0,0.0,49900000,0,78900000,166000000,652600000.0,-9900000.0,-461600000.0,356800000,-109400000,356800000,389100000,1734000000,0,293500000,5,1029800000.0,0,0.0,-522500000,5300000,-362600000,1215800000.0,-331000000,2567000000,5,8,7,,0,774500000.0,163400000,2428900000,245000000.0,0.0,10910500000.0,0.0,0,3638300000.0,7272200000.0,10910500000.0,5392400000.0,0.0,2015.0,2.07,172367149.8,Arthur J. Gallagher & Co.,reports,Financials,Insurance Brokers,"Itasca, Illinois",2016-05-31,354190,United States
AKAM,2015-12-31,278148000.0,-56247000,8999000,10,-311676000,4437420000.0,225.0,289473000.0,0,1772000.0,725620000.0,377.0,4700000,17051000,318088000,475149000,456624000,-10036000,0,753180000.0,1150244000.0,67,1471828000.0,135218000,156095000.0,18525000,0,153060000.0,54503000,624288000.0,774674000.0,0,0,0,50823000,764151000.0,-267728000.0,-435564000.0,321406000,107278000,321406000,321406000,380399000,767000,466150000,21,95844000.0,123228000,54292000.0,-41453000,-56214000,-276948000,93268000.0,19123000,27067000,21,15,15,377.0,148591000,-1276861000.0,-240815000,829253000,0.0,460088000.0,4187925000.0,1253188000.0,332440000,3120878000.0,1067047000.0,4187925000.0,2197448000.0,0.0,2015.0,1.8,178558888.9,Akamai Technologies Inc,reports,Information Technology,Internet Software & Services,"Cambridge, Massachusetts",2007-07-12,1086222,United States
ALB,2015-12-31,810634000.0,-8788000,48474000,10,-227649000,2059151000.0,13.0,213734000.0,27649000,1122000.0,2454463000.0,113.0,0,736317000,260076000,490909000,358187000,2154000,30999000,2484738000.0,2893811000.0,33,1196872000.0,29122000,1733047000.0,132722000,508728000,3154000.0,-73151000,3174674000.0,455417000.0,146921000,0,-376241000,-2276034000,360689000.0,-478325000.0,-2160552000.0,334906000,-160791000,334906000,360064000,632705000,139292000,442435000,12,216998000.0,475836000,128706000.0,-421288000,-5431000,-1936057000,686025000.0,-44370000,0,10,11,9,82.0,102871000,1615407000.0,-4267000,512274000,677345000.0,0.0,9615014000.0,1831003000.0,1616685000,3254392000.0,6360622000.0,9615014000.0,3651335000.0,0.0,2015.0,3.01,111264451.8,Albemarle Corp,reports,Materials,Specialty Chemicals,"Baton Rouge, Louisiana",2016-07-01,915913,United States
ALK,2015-12-31,1022000000.0,47000000,22000000,35,-831000000,73000000.0,74.0,73000000.0,0,1000000.0,1935000000.0,92.0,0,1113000000,320000000,1320000000,1312000000,0,0,4802000000.0,0.0,65,3663000000.0,464000000,0.0,8000000,51000000,-152000000.0,131000000,571000000.0,0.0,0,0,-116000000,-34000000,1584000000.0,-688000000.0,-930000000.0,848000000,25000000,848000000,848000000,212000000,32000000,1298000000,23,68000000.0,72000000,669000000.0,-303000000,35000000,53000000,632000000.0,213000000,320000000,23,54,15,89.0,0,2890000000.0,-505000000,2013000000,115000000.0,1255000000.0,6533000000.0,1663000000.0,1806000000,2411000000.0,4122000000.0,6533000000.0,5598000000.0,-250000000.0,2015.0,6.61,128290469.0,Alaska Air Group Inc,reports,Industrials,Airlines,"Seattle, Washington",2016-05-13,766421,United States
ALL,2015-12-31,0.0,-312000000,3000000,11,-303000000,3245000000.0,,495000000.0,0,9000000.0,22837000000.0,,3861000000,90000000,371000000,3574000000,3282000000,0,0,1024000000.0,1219000000.0,36,12816000000.0,1111000000,0.0,292000000,0,1045000000.0,1111000000,5124000000.0,76205000000.0,0,0,-20000000,-162000000,3616000000.0,-4520000000.0,742000000.0,2171000000,728000000,2055000000,2171000000,14062000000,39000000,3279000000,9,5668000000.0,0,0.0,-768000000,-1223000000,0,79417000000.0,-453000000,8445000000,9,16,6,,0,39413000000.0,-2678000000,761000000,0.0,2122000000.0,105000000000.0,0.0,0,20025000000.0,84631000000.0,105000000000.0,35653000000.0,-23620000000.0,2015.0,5.12,424023437.5,Allstate Corp,reports,Financials,Property & Casualty Insurance,"Northfield Township, Illinois",,899051,United States
ALLE,2015-12-31,381500000.0,-13500000,-96400000,601,-35200000,24400000.0,45.0,199700000.0,-5800000,1000000.0,1199000000.0,164.0,91900000,120000000,53200000,262200000,209300000,-9000000,0,224800000.0,714100000.0,42,869100000.0,54600000,372400000.0,52900000,204100000,12300000.0,-17200000,1457500000.0,0.0,4100000,0,278300000,-90800000,257000000.0,195000000.0,-533800000.0,153900000,91400000,153900000,154700000,313900000,0,358600000,17,124700000.0,17400000,0.0,-232200000,-300000,-510900000,208700000.0,-5000000,0,10,818,7,119.0,0,232400000.0,-19000000,510500000,65600000.0,0.0,2263000000.0,735100000.0,447100000,25600000.0,2237400000.0,2263000000.0,2068100000.0,0.0,2015.0,1.6,96187500.0,Allegion,reports,Industrials,Building Products,"Dublin, Ireland",2013-12-02,1579241,Ireland
ALXN,2015-12-31,460000000.0,-116000000,9000000,2,-286000000,7727000000.0,195.0,1010000000.0,-88000000,0.0,233000000.0,341.0,0,529000000,167000000,546000000,498000000,-9000000,0,697000000.0,5048000000.0,91,2371000000.0,354000000,4708000000.0,48000000,290000000,635000000.0,-154000000,3405000000.0,0.0,0,0,3425000000,66000000,675000000.0,2985000000.0,-3585000000.0,144000000,779000000,144000000,144000000,533000000,81000000,537000000,21,228000000.0,208000000,83000000.0,62000000,-55000000,-3934000000,195000000.0,-57000000,117000000,19,6,6,300.0,709000000,1181000000.0,-250000000,927000000,166000000.0,375000000.0,13097000000.0,2416000000.0,709000000,8259000000.0,4838000000.0,13097000000.0,2604000000.0,-711000000.0,2015.0,0.68,211764705.9,Alexion Pharmaceuticals,reports,Health Care,Biotechnology,"Cheshire, Connecticut",2012-05-25,899866,United States
AMAT,2015-10-25,1833000000.0,-61000000,8000000,18,-215000000,6575000000.0,131.0,4797000000.0,-266000000,11000000.0,5707000000.0,244.0,145000000,0,371000000,1701000000,1598000000,0,0,892000000.0,3302000000.0,41,3952000000.0,221000000,762000000.0,103000000,1833000000,-62000000.0,-334000000,3342000000.0,946000000.0,0,0,2581000000,1795000000,1163000000.0,913000000.0,-281000000.0,1377000000,50000000,1377000000,1377000000,1739000000,0,1693000000,18,0.0,724000000,765000000.0,-92000000,0,-4000000,555000000.0,26000000,0,17,21,14,196.0,1451000000,13967000000.0,-1237000000,808000000,1200000000.0,168000000.0,15308000000.0,9261000000.0,3798000000,7613000000.0,7695000000.0,15308000000.0,9659000000.0,-12848000000.0,2015.0,1.13,1218584071.0,Applied Materials Inc,reports,Information Technology,Semiconductor Equipment,"Santa Clara, California",,6951,United States
AME,2015-12-31,639097000.0,-6995000,-9541000,18,-69083000,568286000.0,37.0,381005000.0,-12007000,2608000.0,2549280000.0,158.0,0,624046000,149460000,898175000,806380000,-26629000,0,484548000.0,2706633000.0,36,1425015000.0,215521000,1672961000.0,91795000,514451000,0.0,-75009000,1556045000.0,180775000.0,0,0,244754000,3390000,672540000.0,-216964000.0,-425557000.0,590859000,30220000,590859000,590859000,650019000,0,907716000,23,0.0,74138000,0.0,-405631000,0,-356474000,204641000.0,-3988000,68707000,20,25,15,108.0,0,3974793000.0,-396208000,448592000,386075000.0,0.0,6664530000.0,1619613000.0,1025172000,3254626000.0,3409904000.0,6664530000.0,3974295000.0,-885430000.0,2015.0,2.46,240186585.4,AMETEK Inc,reports,Industrials,Electrical Components & Equipment,"Berwyn, Pennsylvania",2013-09-23,1037868,United States
AMG,2015-12-31,0.0,56100000,15300000,18,-38200000,597200000.0,,563800000.0,0,600000.0,0.0,,0,565700000,142300000,1139200000,1090600000,-13000000,288900000,114100000.0,2668400000.0,100,2435900000.0,256900000,1686400000.0,48600000,0,-286300000.0,-42000000,1894800000.0,2286300000.0,932000000,612500000,17800000,13200000,1204800000.0,-854100000.0,-324500000.0,516000000,208500000,516000000,804900000,391200000,43800000,786400000,32,74600000.0,0,0.0,-18100000,35900000,0,942700000.0,6200000,134200000,45,38,21,,0,2679300000.0,-476400000,1515300000,0.0,0.0,7784800000.0,0.0,0,2837100000.0,4947700000.0,7784800000.0,2435900000.0,-421900000.0,2015.0,9.49,54373024.24,Affiliated Managers Group Inc,reports,Financials,Asset Management & Custody Banks,"Beverly, Massachusetts",2014-07-01,1004434,United States
AMGN,2015-12-31,6417000000.0,-420000000,603000000,25,-594000000,0.0,362.0,4144000000.0,481000000,30649000000.0,4227000000.0,445.0,0,2239000000,2108000000,9073000000,7978000000,0,0,4907000000.0,14787000000.0,80,17435000000.0,1039000000,11641000000.0,1095000000,2435000000,-4421000000.0,899000000,29182000000.0,0.0,0,0,1065000000,413000000,9731000000.0,-3771000000.0,-5547000000.0,6939000000,-431000000,6939000000,6939000000,2995000000,0,8470000000,39,1599000000.0,1703000000,0.0,-480000000,-655000000,-532000000,3281000000.0,155000000,0,37,28,32,416.0,4070000000,-2086000000.0,-1785000000,4895000000,2247000000.0,27238000000.0,71449000000.0,38515000000.0,8664000000,28083000000.0,43366000000.0,71449000000.0,21662000000.0,0.0,2015.0,9.15,758360655.7,Amgen Inc,reports,Health Care,Biotechnology,"Thousand Oaks, California",1992-01-02,318154,United States
AMP,2015-12-31,1606000000.0,-277000000,0,22,-133000000,7611000000.0,,5808000000.0,0,3000000.0,2261000000.0,,2725000000,0,248000000,2559000000,2142000000,-21000000,0,0.0,0.0,81,9939000000.0,455000000,0.0,417000000,0,-392000000.0,576000000,2907000000.0,40714000000.0,1188000000,0,1151000000,-281000000,2572000000.0,-2318000000.0,-514000000.0,1562000000,-116000000,1562000000,1687000000,5274000000,0,2559000000,21,90821000000.0,0,0.0,390000000,-1119000000,11000000,132000000000.0,454000000,3630000000,18,30,13,,0,9551000000.0,-1470000000,3750000000,200000000.0,0.0,145000000000.0,0.0,0,7217000000.0,138000000000.0,145000000000.0,12200000000.0,-10338000000.0,2015.0,8.6,181627907.0,Ameriprise Financial,reports,Financials,Asset Management & Custody Banks,"Minneapolis, Minnesota",,820027,United States
AMT,2015-12-31,938826000.0,-56312000,-186878000,10,-728753000,9690609000.0,39.0,462879000.0,0,4267000.0,1308868000.0,83.0,1378796000,0,1292260000,1425911000,829962000,-23224000,0,9866424000.0,4091805000.0,73,3462648000.0,157955000,9837876000.0,595949000,0,9504000.0,150984000,17068807000.0,732903000.0,61139000,0,1789103000,7194000,2183052000.0,5589101000.0,-7741735000.0,685074000,354073000,594911000,685074000,227354000,0,1612789000,34,0.0,306235000,211001000.0,-1836996000,-85672000,-7022486000,1922618000.0,-229960000,1285328000,17,12,14,83.0,0,-998535000.0,4711190000,564531000,50202000.0,0.0,26904272000.0,996468000.0,1200029000,6651679000.0,20252593000.0,26904272000.0,4771516000.0,-207740000.0,2015.0,1.42,482446478.9,American Tower Corp A,reports,Real Estate,Specialized REITs,"Boston, Massachusetts",2007-11-19,1053507,United States
AMZN,2015-12-31,30769000000.0,-1755000000,-206000000,4,-4589000000,13394000000.0,58.0,15890000000.0,-2187000000,5000000.0,71651000000.0,105.0,0,0,6281000000,2027000000,1568000000,-374000000,-22000000,21838000000.0,3759000000.0,33,35355000000.0,950000000,0.0,459000000,10243000000,-1066000000.0,12608000000,8227000000.0,0.0,0,0,-3882000000,1333000000,11920000000.0,-3763000000.0,-6450000000.0,596000000,2486000000,596000000,596000000,5654000000,0,2233000000,2,3445000000.0,0,3118000000.0,-723000000,0,-795000000,9249000000.0,-6109000000,0,1,12,1,75.0,0,2545000000.0,0,33122000000,0.0,3918000000.0,64747000000.0,35705000000.0,33887000000,13384000000.0,51363000000.0,64747000000.0,107000000000.0,-1837000000.0,2015.0,1.28,465625000.0,Amazon.com Inc,reports,Consumer Discretionary,Internet & Direct Marketing Retail,"Seattle, Washington",2005-11-18,1018724,United States
AN,2015-12-31,2865700000.0,-91800000,-1200000,19,-247600000,5200000.0,1.0,74100000.0,-548800000,1200000.0,17600500000.0,91.0,0,78600000,132100000,871900000,722700000,0,0,2667400000.0,1394500000.0,16,3261500000.0,279000000,439900000.0,149200000,3612000000,-10200000.0,566700000,1745300000.0,0.0,0,0,210000000,-1300000,507200000.0,900000.0,-509400000.0,442600000,16200000,442600000,443700000,908200000,15400000,873100000,4,336700000.0,115400000,529200000.0,0,0,-251600000,207600000.0,-8800000,127400000,3,31,2,21.0,0,2702800000.0,-207300000,2245600000,1772500000.0,0.0,9548200000.0,4709700000.0,5167400000,2349300000.0,7198900000.0,9548200000.0,20862000000.0,-359900000.0,2015.0,3.93,112620865.1,AutoNation Inc,reports,Consumer Discretionary,Specialty Stores,"Fort Lauderdale, Florida",,350698,United States
ANTM,2015-12-31,4619700000.0,-42900000,9300000,11,-638200000,8555600000.0,,2113500000.0,0,2600000.0,61116900000.0,,0,2630600000,907900000,5284000000,4631000000,-5300000,0,2019800000.0,17562200000.0,23,18039600000.0,2071000000,8158000000.0,653000000,0,-120500000.0,735500000,15864500000.0,22482400000.0,0,0,-892300000,-38200000,4116000000.0,-2997400000.0,-1151500000.0,2560000000,-79100000,2560000000,2560000000,7340800000,0,4631000000,6,2041100000.0,0,0.0,-292600000,-118700000,-392800000,15558900000.0,34600000,230100000,6,20,3,,0,14778500000.0,-1329800000,12534800000,540000000.0,0.0,61717800000.0,0.0,0,23044100000.0,38673700000.0,61717800000.0,79156500000.0,0.0,2015.0,9.73,263103802.7,Anthem Inc.,reports,Health Care,Managed Health Care,"Indianapolis, Indiana",,1156039,United States
AON,2015-12-31,1772000000.0,516000000,114000000,23,-290000000,5409000000.0,,384000000.0,0,3000000.0,0.0,,141000000,176000000,543000000,1962000000,1689000000,-172000000,0,765000000.0,8448000000.0,100,11682000000.0,267000000,2180000000.0,273000000,0,-37000000.0,-976000000,5737000000.0,0.0,57000000,0,253000000,10000000,2009000000.0,-1689000000.0,-138000000.0,1385000000,36000000,1385000000,1422000000,2734000000,0,1848000000,16,12156000000.0,0,0.0,-3423000000,0,189000000,13316000000.0,468000000,0,14,28,12,,0,4117000000.0,-1619000000,9834000000,562000000.0,356000000.0,27164000000.0,0.0,0,6106000000.0,21058000000.0,27164000000.0,11682000000.0,0.0,2015.0,4.93,280933062.9,Aon plc,reports,Financials,Insurance Brokers,"London, United Kingdom",,315293,United Kingdom
APA,2015-12-31,618000000.0,663000000,-17000000,917,-5178000000,12467000000.0,80.0,1467000000.0,21000000,257000000.0,2065000000.0,204.0,971000000,1072000000,29517000000,-27927000000,-28226000000,0,0,14119000000.0,0.0,68,4318000000.0,-5469000000,0.0,299000000,570000000,1245000000.0,-507000000,8777000000.0,0.0,1662000000,0,-2509000000,698000000,2984000000.0,-2962000000.0,676000000.0,-23528000000,-2835000000,-23119000000,-22757000000,1253000000,2065000000,-27910000000,437,0.0,462000000,1223000000.0,-116000000,53000000,4609000000,2924000000.0,-347000000,29372000000,442,1100,369,173.0,0,-7153000000.0,0,791000000,0.0,0.0,18842000000.0,3752000000.0,1841000000,2566000000.0,16276000000.0,18842000000.0,6383000000.0,-2889000000.0,2015.0,-61.2,384444444.4,Apache Corporation,reports,Energy,Oil & Gas Exploration & Production,"Houston, Texas",,6769,United States
APC,2015-12-31,3839000000.0,-2000000,-55000000,52,-6067000000,9265000000.0,22.0,939000000.0,0,52000000.0,3185000000.0,95.0,0,5400000000,4603000000,-8864000000,-9689000000,-2000000,0,33751000000.0,0.0,63,5513000000.0,-2877000000,6331000000.0,825000000,0,-3000000.0,-6205000000,15636000000.0,0.0,2638000000,0,541000000,-6430000000,-1877000000.0,220000000.0,-4771000000.0,-6692000000,5767000000,-6692000000,-6692000000,2469000000,7719000000,-8809000000,101,2268000000.0,573000000,309000000.0,-383000000,0,1299000000,5658000000.0,772000000,4603000000,111,76,77,95.0,0,4880000000.0,514000000,2000000000,32000000.0,0.0,46331000000.0,3981000000.0,4180000000,12819000000.0,33512000000.0,46331000000.0,8698000000.0,-995000000.0,2015.0,-13.18,507738998.5,Anadarko Petroleum Corp,reports,Energy,Oil & Gas Exploration & Production,"The Woodlands, Texas",,773910,United States
APD,2015-09-30,1697500000.0,27900000,-16600000,18,-1265600000,904700000.0,6.0,206400000.0,8300000,249400000.0,6939000000.0,77.0,0,803400000,936400000,1846200000,1742700000,-22900000,154500000,10095300000.0,1131300000.0,30,2955900000.0,418300000,508300000.0,103500000,657800000,-4300000.0,156200000,3949100000.0,1265700000.0,132100000,0,-84400000,-130200000,2446400000.0,-945400000.0,-1250500000.0,1277900000,-32300000,1277900000,1324400000,1860500000,215200000,1708300000,17,1540400000.0,68800000,17000000.0,-2125900000,-56100000,19400000,1556500000.0,-325500000,0,18,24,13,59.0,137100000,10580400000.0,-157100000,895300000,1929900000.0,0.0,17334500000.0,2793500000.0,3644400000,7249000000.0,10085500000.0,17334500000.0,9894900000.0,-2359600000.0,2015.0,5.95,214773109.2,Air Products & Chemicals Inc,reports,Materials,Industrial Gases,"Allentown, Pennsylvania",1985-04-30,2969,United States
APH,2015-12-31,1008100000.0,-22300000,16400000,24,-172100000,783300000.0,175.0,1737200000.0,-5200000,300000.0,3789200000.0,382.0,0,0,171600000,1121100000,1052800000,-54800000,0,609500000.0,2692900000.0,32,1779500000.0,280500000,306000000.0,68300000,851800000,335900000.0,35400000,2813200000.0,0.0,39900000,0,153600000,768300000,1030500000.0,-180100000.0,-27300000.0,763500000,28000000,763500000,763500000,1104600000,5700000,1104700000,20,0.0,133200000,0.0,-349500000,0,-191100000,358400000.0,50700000,0,19,33,14,297.0,0,2804400000.0,-184500000,669100000,300000.0,23200000.0,7458400000.0,3850000000.0,1008400000,3238500000.0,4219900000.0,7458400000.0,5568700000.0,0.0,2015.0,2.47,309109311.7,Amphenol Corp,reports,Information Technology,Electronic Components,"Wallingford, Connecticut",2008-09-30,820313,United States
ARNC,2015-12-31,3978000000.0,212000000,-2000000,3,-1180000000,10019000000.0,37.0,1919000000.0,-64000000,1391000000.0,18069000000.0,153.0,2668000000,0,1280000000,746000000,248000000,-39000000,0,14815000000.0,5401000000.0,20,4465000000.0,445000000,0.0,498000000,3442000000,-94000000.0,-1199000000,9044000000.0,1685000000.0,2085000000,0,-145000000,42000000,1582000000.0,-441000000.0,-1060000000.0,-322000000,1874000000,-322000000,-322000000,1862000000,1220000000,748000000,3,4006000000.0,730000000,1174000000.0,-5431000000,0,214000000,8142000000.0,-324000000,1280000000,1,2,1,87.0,238000000,8834000000.0,27000000,979000000,59000000.0,0.0,36528000000.0,7953000000.0,5211000000,12046000000.0,24482000000.0,36528000000.0,22534000000.0,-2825000000.0,2015.0,-0.31,1038709677.0,Arconic Inc,reports,Industrials,Aerospace & Defense,"New York, New York",1964-03-31,4281,United States
ATVI,2015-12-31,909000000.0,-40000000,0,11,-111000000,10242000000.0,70.0,1823000000.0,-54000000,0.0,1585000000.0,130.0,275000000,10000000,501000000,1319000000,1121000000,-366000000,0,189000000.0,7095000000.0,66,3079000000.0,229000000,562000000.0,198000000,128000000,0.0,181000000,4079000000.0,9000000.0,0,0,-48000000,-3025000000,1192000000.0,-135000000.0,-3716000000.0,892000000,41000000,892000000,892000000,679000000,0,1319000000,28,3734000000.0,749000000,1702000000.0,-633000000,-83000000,-3605000000,483000000.0,-329000000,0,24,14,19,125.0,646000000,4096000000.0,106000000,1114000000,0.0,8000000.0,15251000000.0,3387000000.0,2611000000,8068000000.0,7183000000.0,15251000000.0,4664000000.0,-5637000000.0,2015.0,1.21,737190082.6,Activision Blizzard,reports,Information Technology,Home Entertainment Software,"Santa Monica, California",2015-08-31,718877,United States
AVB,2015-12-31,471347000.0,0,152008000,8,-1625191000,10068532000.0,,400507000.0,0,1370000.0,0.0,,37577000,0,475854000,919209000,743594000,0,70018000,15942309000.0,0.0,100,1856028000.0,1861000,0.0,175615000,0,102599000.0,23113000,6555750000.0,216919000.0,0,9997000,14782000,-108953000,1056754000.0,33810000.0,-1199517000.0,741733000,-184892000,742038000,741733000,0,-10542000,697183000,38,229172000.0,0,0.0,-31387000,0,323075000,553000.0,946000,477923000,40,8,40,,0,-197989000.0,674686000,691464000,53132000.0,104821000.0,16931305000.0,0.0,0,9840526000.0,7090779000.0,16931305000.0,1856028000.0,0.0,2015.0,5.54,133886823.1,"AvalonBay Communities, Inc.",reports,Real Estate,Residential REITs,"Arlington, Virginia[3]",2007-01-10,915912,United States
AVY,2016-01-02,1363800000.0,-135900000,-68300000,28,-135800000,834000000.0,11.0,158800000.0,-34400000,124100000.0,4321100000.0,122.0,372200000,107900000,188300000,469400000,408900000,-11900000,0,847900000.0,686200000.0,28,1645800000.0,134500000,45800000.0,60500000,478700000,-500000.0,29800000,963600000.0,0.0,0,0,-105800000,-48400000,473700000.0,-367300000.0,-142900000.0,274300000,135100000,274300000,274400000,995600000,0,537700000,9,406200000.0,142300000,0.0,-683000000,-100000,-6600000,637400000.0,16500000,0,7,42,5,89.0,0,2277600000.0,-128300000,1108100000,95300000.0,0.0,4133700000.0,1775400000.0,1459100000,965700000.0,3168000000.0,4133700000.0,5966900000.0,-1587000000.0,2015.0,3.01,91129568.11,Avery Dennison Corp,reports,Materials,Paper Packaging,"Glendale, California",1987-12-31,8818,United States
AWK,2015-12-31,707000000.0,-84000000,18000000,9,-1160000000,6351000000.0,4.0,66000000.0,0,2000000.0,1404000000.0,43.0,0,2334000000,440000000,782000000,782000000,0,0,13933000000.0,1302000000.0,56,1755000000.0,306000000,0.0,0,38000000,-197000000.0,23000000,6211000000.0,0.0,0,0,608000000,22000000,1179000000.0,308000000.0,-1465000000.0,476000000,333000000,476000000,476000000,522000000,0,1075000000,34,1349000000.0,31000000,144000000.0,-88000000,26000000,-108000000,2102000000.0,-9000000,440000000,25,15,15,40.0,0,-1073000000.0,-87000000,243000000,682000000.0,0.0,17241000000.0,657000000.0,1533000000,5049000000.0,12180000000.0,17229000000.0,3159000000.0,-143000000.0,2015.0,2.66,178947368.4,American Water Works Company Inc,reports,Utilities,Water Utilities,"Voorhees, New Jersey",2016-03-04,1410636,United States
AXP,2015-12-31,11822000000.0,-673000000,0,25,-1341000000,13348000000.0,,26263000000.0,0,194000000.0,475000000.0,,0,0,1043000000,9086000000,7938000000,-276000000,0,4108000000.0,0.0,0,0.0,2775000000,0.0,1148000000,0,-6577000000.0,653000000,0.0,62558000000.0,0,0,-8289000000,474000000,10972000000.0,-2029000000.0,-8193000000.0,5163000000,2728000000,5163000000,5163000000,61687000000,0,0,0,10069000000.0,0,54997000000.0,-2534000000,10878000000,-275000000,20819000000.0,2058000000,1988000000,23,38,15,,0,9665000000.0,-3446000000,22892000000,4812000000.0,258000000.0,161000000000.0,0.0,0,20673000000.0,141000000000.0,161000000000.0,34441000000.0,0.0,2015.0,,,American Express Co,reports,Financials,Consumer Finance,"New York, New York",1976-06-30,4962,United States
AYI,2015-08-31,520900000.0,-46100000,-1200000,16,-56500000,797100000.0,145.0,756800000.0,-15100000,500000.0,1561100000.0,271.0,3500000,31700000,45800000,375100000,343600000,-8300000,0,174600000.0,565000000.0,42,1145600000.0,121500000,223400000.0,31500000,224800000,0.0,82400000,352400000.0,0.0,0,0,0,204300000,288900000.0,-3900000.0,-72400000.0,222100000,6700000,222100000,222100000,411700000,12400000,376300000,14,27100000.0,20100000,0.0,-110400000,-10400000,-15900000,142000000.0,-6900000,0,13,25,8,228.0,0,1093000000.0,11600000,756900000,0.0,0.0,2407000000.0,1413400000.0,520900000,1360000000.0,1047000000.0,2407000000.0,2706700000.0,-420200000.0,2015.0,5.13,43294346.98,Acuity Brands Inc,reports,Industrials,Electrical Components & Equipment,"Atlanta, Georgia",2016-05-03,1144215,United States
AZO,2015-08-29,4712873000.0,-36466000,0,68,-480579000,938355000.0,4.0,175309000.0,-266776000,321000.0,4860309000.0,84.0,42615000,0,276149000,1953051000,1802612000,-9686000,0,3505632000.0,391887000.0,52,5327031000.0,642371000,0.0,150439000,3421635000,-3329000.0,366223000,4624876000.0,0.0,0,0,268814000,50824000,1525123000.0,-896702000.0,-567911000.0,1160241000,11994000,1160241000,1160241000,251503000,0,1953051000,19,191921000.0,121847000,0.0,-249518000,-8712000,-84003000,465990000.0,13758000,0,18,106,11,12.0,0,-1418738000.0,-1204699000,3373980000,0.0,0.0,8102349000.0,3970294000.0,4712873000,-1701390000.0,9803739000.0,8102349000.0,10187340000.0,-971810000.0,2015.0,36.76,31562595.21,AutoZone Inc,reports,Consumer Discretionary,Specialty Stores,"Memphis, Tennessee",,866787,United States
BA,2015-12-31,49178000000.0,-902000000,-14000000,82,-2450000000,4834000000.0,24.0,11302000000.0,-1110000000,5061000000.0,82088000000.0,135.0,265000000,2392000000,1833000000,7430000000,7155000000,-28000000,0,12076000000.0,5126000000.0,15,14026000000.0,1979000000,2657000000.0,275000000,47257000000,554000000.0,3949000000,8730000000.0,4642000000.0,62000000,0,861000000,-431000000,9363000000.0,-7920000000.0,-1846000000.0,5176000000,559000000,5176000000,5176000000,8925000000,0,7443000000,8,1408000000.0,0,0.0,-12748000000,-96000000,50000000,26477000000.0,-142000000,0,7,113,5,42.0,3331000000,38756000000.0,-6352000000,3251000000,1234000000.0,750000000.0,94408000000.0,68234000000.0,50412000000,6335000000.0,88073000000.0,94408000000.0,96114000000.0,-29568000000.0,2015.0,7.52,688297872.3,Boeing Company,reports,Industrials,Aerospace & Defense,"Chicago, Illinois",,12927,United States
BAX,2015-12-31,3119000000.0,-4000000,105000000,11,-911000000,5902000000.0,128.0,2213000000.0,-118000000,683000000.0,5822000000.0,205.0,0,0,759000000,554000000,428000000,-195000000,0,4386000000.0,2687000000.0,42,4146000000.0,35000000,1349000000.0,126000000,1604000000,0.0,236000000,3935000000.0,0.0,19000000,0,2517000000,-712000000,1647000000.0,-357000000.0,-1807000000.0,968000000,-282000000,968000000,393000000,1731000000,0,449000000,5,757000000.0,1100000000,46000000.0,224000000,-2164000000,-896000000,2425000000.0,-430000000,0,4,5,10,177.0,603000000,9683000000.0,200000000,3094000000,2585000000.0,5148000000.0,20975000000.0,11796000000.0,5750000000,8846000000.0,12129000000.0,20975000000.0,9968000000.0,-7646000000.0,2015.0,1.78,543820224.7,Baxter International Inc.,reports,Health Care,Health Care Equipment,"Deerfield, Illinois",1972-09-30,10456,United States
BBBY,2016-02-27,1569295000.0,0,0,33,-328395000,1884813000.0,32.0,515573000.0,-121748000,3377000.0,7483577000.0,205.0,0,499368000,273947000,1414903000,1327445000,-7801000,0,1725043000.0,487169000.0,38,4620310000.0,485956000,0.0,87458000,2848119000,52763000.0,-64362000,1500000000.0,71289000.0,0,0,-7646000,-360001000,1012184000.0,-1088752000.0,-275632000.0,841489000,113990000,841489000,841489000,0,0,1414903000,12,389477000.0,376073000,297930000.0,-54998000,0,0,72807000.0,-31132000,0,11,52,7,52.0,0,10394865000.0,-1091476000,3205407000,0.0,86197000.0,6498940000.0,3825962000.0,1867225000,2559540000.0,3939400000.0,6498940000.0,12103887000.0,-9668517000.0,2015.0,5.15,163395922.3,Bed Bath & Beyond,reports,Consumer Discretionary,Specialty Stores,"Union, New Jersey",,886158,United States
BBT,2015-12-31,6121000000.0,0,0,8,0,8365000000.0,,47538000000.0,0,3902000000.0,233000000.0,,0,0,461000000,3419000000,2917000000,0,0,2007000000.0,8548000000.0,0,0.0,794000000,686000000.0,502000000,0,-3082000000.0,263000000,0.0,181000000000.0,34000000,0,-1143000000,1386000000,2915000000.0,109000000.0,-1638000000.0,2084000000,14000000,1936000000,2084000000,0,165000000,0,0,14306000000.0,0,149000000000.0,-1028000000,2189000000,1444000000,0.0,-368000000,533000000,28,11,20,,0,13464000000.0,0,5996000000,3593000000.0,0.0,210000000000.0,0.0,0,27306000000.0,183000000000.0,210000000000.0,10346000000.0,0.0,2015.0,2.59,804633204.6,BB&T Corporation,reports,Financials,Banks,"Winston-Salem, North Carolina",,92230,United States
BBY,2015-01-31,6414000000.0,-19000000,27000000,25,-561000000,437000000.0,50.0,2432000000.0,-141000000,35000000.0,31292000000.0,148.0,0,0,656000000,1477000000,1387000000,-52000000,0,2462000000.0,425000000.0,22,9047000000.0,141000000,57000000.0,90000000,5174000000,-1224000000.0,355000000,1572000000.0,0.0,5000000,0,-24000000,-52000000,1935000000.0,-223000000.0,-1712000000.0,1233000000,-180000000,1233000000,1246000000,1280000000,5000000,1450000000,4,829000000.0,1130000000,1322000000.0,382000000,2000000,73000000,896000000.0,29000000,0,3,28,3,81.0,0,4141000000.0,50000000,7592000000,41000000.0,1456000000.0,15245000000.0,11472000000.0,7777000000,4995000000.0,10250000000.0,15245000000.0,40339000000.0,0.0,2015.0,3.53,349291784.7,Best Buy Co. Inc.,reports,Consumer Discretionary,Computer & Electronics Retail,"Richfield, Minnesota",,764478,United States
BCR,2015-12-31,1010500000.0,-18000000,-449200000,9,-102900000,2148400000.0,82.0,1030900000.0,-33100000,18400000.0,1301200000.0,156.0,50500000,47200000,193100000,394300000,349400000,-42200000,0,472400000.0,1140600000.0,62,2114800000.0,214000000,1019100000.0,44900000,413700000,21000000.0,-217300000,1144100000.0,0.0,0,0,-82000000,-9600000,798100000.0,-554100000.0,-211400000.0,135400000,707400000,135400000,135400000,445100000,0,843500000,25,192100000.0,79600000,0.0,-208000000,-6900000,-129500000,936700000.0,30600000,0,10,24,4,123.0,259200000,-503500000.0,-440000000,1012100000,250200000.0,0.0,4844000000.0,1969300000.0,1260700000,1455300000.0,3388700000.0,4844000000.0,3416000000.0,0.0,2015.0,1.8,75222222.22,Bard (C.R.) Inc.,reports,Health Care,Health Care Equipment,"Murray Hill, New Jersey",1975-06-30,9892,United States
BDX,2015-09-30,2930000000.0,-2000000,36000000,10,-596000000,4475000000.0,35.0,1424000000.0,200000000,333000000.0,5587000000.0,129.0,0,2430000000,891000000,1110000000,739000000,-38000000,0,4060000000.0,7537000000.0,46,4695000000.0,44000000,7386000000.0,371000000,1959000000,840000000.0,173000000,11370000000.0,1118000000.0,0,0,6655000000,-436000000,1730000000.0,6190000000.0,-8318000000.0,695000000,-170000000,695000000,695000000,1618000000,426000000,1074000000,10,717000000.0,563000000,0.0,-1718000000,0,-8561000000,1133000000.0,-58000000,0,7,10,7,84.0,632000000,12314000000.0,-27000000,2563000000,1452000000.0,95000000.0,26478000000.0,5659000000.0,4381000000,7164000000.0,19314000000.0,26478000000.0,10282000000.0,-8239000000.0,2015.0,3.43,202623906.7,Becton Dickinson,reports,Health Care,Health Care Equipment,"Franklin Lakes, New Jersey",1972-09-30,10795,United States
BHI,2015-12-31,2624000000.0,1943000000,0,12,-965000000,7261000000.0,84.0,2324000000.0,703000000,437000000.0,14415000000.0,334.0,0,252000000,1742000000,-2396000000,-2613000000,-25000000,0,6693000000.0,6070000000.0,8,1327000000.0,-639000000,583000000.0,217000000,2917000000,-310000000.0,-1654000000,3890000000.0,0.0,84000000,0,-45000000,584000000,1796000000.0,-282000000.0,-905000000.0,-1967000000,1172000000,-1967000000,-1967000000,3217000000,2288000000,-2396000000,15,1466000000.0,810000000,0.0,-1005000000,-56000000,370000000,781000000.0,-136000000,0,17,16,12,229.0,466000000,9614000000.0,116000000,969000000,151000000.0,0.0,24080000000.0,9268000000.0,2775000000,16298000000.0,7782000000.0,24080000000.0,15742000000.0,-9000000.0,2015.0,-4.49,438084632.5,Baker Hughes Inc,reports,Energy,Oil & Gas Equipment & Services,"Houston, Texas",,808362,United States
BIIB,2015-12-31,2572900000.0,-2100000,-123700000,38,-643000000,0.0,133.0,1308000000.0,-174400000,100000.0,1240400000.0,260.0,0,124900000,600400000,4767300000,4767300000,-45800000,-12500000,2187600000.0,2663800000.0,88,9523400000.0,1161600000,4085100000.0,0,893400000,-2801900000.0,-272000000,6521500000.0,3868000000.0,2100000,0,5928400000,148900000,3716100000.0,986400000.0,-4553600000.0,3547000000,98000000,3547000000,3547000000,1541500000,93400000,4891000000,45,0.0,836900000,0.0,-224000000,-74400000,-1108700000,905800000.0,-127000000,382600000,44,51,33,225.0,2012800000,12208400000.0,-4945800000,2143600000,4800000.0,2120500000.0,19504800000.0,6700300000.0,2577700000,9372800000.0,10132000000.0,19504800000.0,10763800000.0,-2611700000.0,2015.0,15.38,230624187.3,BIOGEN IDEC Inc.,reports,Health Care,Biotechnology,"Weston, Massachusetts",,875045,United States
BK,2015-12-31,49786000000.0,0,83000000,8,-601000000,25262000000.0,,159000000000.0,0,13000000.0,0.0,,0,0,1457000000,4535000000,4235000000,42000000,0,1379000000.0,17618000000.0,100,14951000000.0,1013000000,3842000000.0,300000000,0,-6772000000.0,-852000000,26800000000.0,191000000000.0,738000000,200000000,5185000000,-433000000,4127000000.0,15185000000.0,-19787000000.0,3158000000,714000000,3053000000,3158000000,562000000,712000000,4152000000,28,19799000000.0,0,280000000000.0,-2600000000,11878000000,370000000,5507000000.0,-414000000,421000000,28,11,21,,0,19974000000.0,-1013000000,10453000000,15002000000.0,0.0,394000000000.0,0.0,0,38037000000.0,356000000000.0,394000000000.0,14951000000.0,-7164000000.0,2015.0,2.73,1156776557.0,The Bank of New York Mellon Corp.,reports,Financials,Banks,"New York, New York",,1390777,United States
BLL,2015-12-31,1730200000.0,34800000,-116500000,22,-527900000,0.0,10.0,224000000.0,96900000,961700000.0,6460300000.0,102.0,0,172700000,285500000,488700000,345500000,9500000,4400000,2685900000.0,2176500000.0,19,1536700000.0,47000000,576200000.0,143200000,898400000,0.0,-18000000,5054200000.0,0.0,10000000,0,2001200000,32600000,1006700000.0,1737100000.0,-2720700000.0,280900000,278100000,280900000,302900000,1061600000,0,605200000,8,2154400000.0,0,334100000.0,-639900000,-92800000,-2192800000,1147200000.0,26500000,285500000,4,28,4,60.0,0,4557500000.0,-99500000,646000000,77300000.0,0.0,9777000000.0,2184000000.0,2141600000,1251300000.0,8525700000.0,9777000000.0,7997000000.0,-3628000000.0,2015.0,2.05,137024390.2,Ball Corp,reports,Materials,Metal & Glass Containers,"Broomfield, Colorado",1984-10-31,9389,United States
BMY,2015-12-31,6875000000.0,-942000000,187000000,11,-820000000,1459000000.0,53.0,2385000000.0,97000000,221000000.0,3909000000.0,130.0,2844000000,586000000,376000000,2077000000,2077000000,-95000000,0,4412000000.0,6881000000.0,76,12651000000.0,446000000,1419000000.0,0,1221000000,-349000000.0,-654000000,6550000000.0,4660000000.0,158000000,0,-1138000000,-3186000000,1832000000.0,-3351000000.0,-1572000000.0,1565000000,853000000,1565000000,1565000000,4299000000,0,1890000000,11,1117000000.0,625000000,1003000000.0,-2468000000,0,-403000000,2171000000.0,471000000,0,13,15,9,115.0,5920000000,31613000000.0,266000000,4841000000,139000000.0,1885000000.0,31748000000.0,10415000000.0,8017000000,14266000000.0,17482000000.0,31748000000.0,16560000000.0,-16559000000.0,2015.0,0.94,1664893617.0,Bristol-Myers Squibb,reports,Health Care,Health Care Distributors,"New York, New York",,14272,United States
BSX,2015-12-31,2179000000.0,-17000000,-39000000,4,-247000000,16860000000.0,13.0,319000000.0,3000000,16000000.0,2173000000.0,143.0,0,735000000,805000000,-366000000,-650000000,-4000000,0,1490000000.0,6473000000.0,71,5304000000.0,-411000000,6194000000.0,284000000,1016000000,-205000000.0,317000000,5674000000.0,0.0,0,0,1430000000,-268000000,600000000.0,1322000000.0,-2186000000.0,-239000000,-246000000,-239000000,-239000000,1771000000,1264000000,-327000000,4,505000000.0,365000000,248000000.0,88000000,-222000000,-1734000000,2974000000.0,-23000000,495000000,9,10,3,101.0,876000000,-8927000000.0,114000000,2996000000,3000000.0,0.0,18133000000.0,3471000000.0,2430000000,6320000000.0,11813000000.0,18133000000.0,7477000000.0,-1717000000.0,2015.0,-0.18,1327777778.0,Boston Scientific,reports,Health Care,Health Care Equipment,"Marlborough, Massachusetts[4]",,885725,United States
BWA,2015-12-31,1915800000.0,-81800000,7500000,17,-577300000,1109700000.0,25.0,577700000.0,-52900000,2500000.0,6320100000.0,133.0,0,0,320200000,947200000,886800000,-65500000,40000000,2448100000.0,1757700000.0,21,1703100000.0,280400000,543800000.0,60400000,723600000,13100000.0,57700000,2108900000.0,460900000.0,77800000,0,1539400000,-220100000,867900000.0,736600000.0,-1759100000.0,609700000,82800000,609700000,609700000,1665000000,0,939700000,12,480000000.0,168900000,0.0,-610200000,0,-1194900000,728100000.0,-104500000,0,11,25,8,102.0,0,4210100000.0,-346100000,763400000,441400000.0,0.0,8825700000.0,3135200000.0,2357200000,3553700000.0,5272000000.0,8825700000.0,8023200000.0,-1158400000.0,2015.0,2.72,224154411.8,BorgWarner,reports,Consumer Discretionary,Auto Parts & Equipment,"Auburn Hills, Michigan",2011-12-19,908255,United States
BXP,2015-12-31,792415000.0,-46326000,359979000,10,-374664000,6305687000.0,,723718000.0,0,1536000.0,904336000.0,,732837000,0,639542000,1231384000,799188000,0,22770000,15555641000.0,0.0,64,1586485000.0,0,0.0,432196000,0,-469955000.0,-103857000,9216513000.0,255604000.0,2177492000,0,-53770000,-1039361000,799411000.0,-1558546000.0,-280226000.0,583106000,-380794000,572606000,583106000,852748000,0,849365000,34,185118000.0,0,0.0,-14114000,0,564393000,483601000.0,-109072000,639542000,32,14,23,,0,-780952000.0,-105628000,97578000,0.0,73790000.0,18379456000.0,0.0,0,5709435000.0,12670021000.0,18379456000.0,2490821000.0,-2722000.0,2015.0,3.79,153853825.9,Boston Properties,reports,Real Estate,REITs,"Boston, Massachusetts",,1037540,United States
C,2015-12-31,53722000000.0,0,682000000,8,-3198000000,108000000000.0,,353000000000.0,0,31000000.0,0.0,,0,0,3697000000,36747000000,24826000000,-1055000000,0,0.0,22349000000.0,100,68024000000.0,7440000000,3721000000.0,11921000000,0,-7882000000.0,-29866000000,319000000000.0,1200000000000.0,1235000000,0,-72422000000,-11208000000,39737000000.0,-64773000000.0,14883000000.0,17242000000,6320000000,17242000000,17386000000,27683000000,11105000000,24144000000,35,127000000000.0,0,908000000000.0,-29344000000,8555000000,6509000000,60147000000.0,42344000000,7182000000,36,11,25,,0,134000000000.0,347000000,44346000000,168000000000.0,0.0,1730000000000.0,0.0,0,222000000000.0,1510000000000.0,1730000000000.0,68024000000.0,-7677000000.0,2015.0,5.41,3187060998.0,Citigroup Inc.,reports,Financials,Banks,"New York, New York",1988-05-31,831001,United States
CAG,2015-05-31,1933400000.0,77300000,0,6,-351200000,1049400000.0,5.0,164700000.0,-112100000,2839700000.0,9061400000.0,108.0,0,0,380400000,1330300000,1000300000,-8800000,122100000,7130600000.0,4544600000.0,24,2875600000.0,362100000,1272500000.0,330000000,1642600000,391400000.0,2800000,6888800000.0,0.0,84000000,0,-1093500000,0,1480600000.0,-1430200000.0,-41600000.0,-252600000,1072100000,-252600000,760300000,739000000,0,1330300000,11,926800000.0,1017000000,361000000.0,-329500000,-15300000,-81800000,2628900000.0,35700000,0,8,22,2,58.0,0,4331100000.0,103800000,1545300000,1015700000.0,0.0,17437800000.0,3563300000.0,3310100000,4526000000.0,12911800000.0,17437800000.0,11937000000.0,-3364700000.0,2015.0,-0.6,421000000.0,ConAgra Foods Inc.,reports,Consumer Staples,Packaged Foods & Meats,"Omaha, Nebraska",1983-08-31,23217,United States
CAH,2015-06-30,16962000000.0,-870000000,-53000000,19,-300000000,0.0,27.0,4616000000.0,-779000000,3003000000.0,96819000000.0,126.0,0,1432000000,451000000,2108000000,1967000000,0,0,1506000000.0,0.0,6,5712000000.0,755000000,6018000000.0,141000000,9211000000,-99000000.0,2101000000,5211000000.0,0.0,0,0,1439000000,1751000000,2540000000.0,60000000.0,-849000000.0,1215000000,422000000,1215000000,1212000000,6523000000,30000000,2161000000,2,866000000.0,1402000000,0.0,-23000000,65000000,-450000000,0.0,0,281000000,2,31,1,73.0,0,5521000000.0,-1036000000,3240000000,281000000.0,0.0,30142000000.0,21752000000.0,17243000000,6256000000.0,23886000000.0,30142000000.0,103000000000.0,-2245000000.0,2015.0,3.66,331967213.1,Cardinal Health Inc.,reports,Health Care,Health Care Distributors,"Dublin, Ohio",,721371,United States
CAT,2015-12-31,11727000000.0,764000000,161000000,17,-3261000000,0.0,25.0,6460000000.0,2274000000,5238000000.0,34133000000.0,128.0,2489000000,0,3046000000,3946000000,3439000000,-169000000,0,16090000000.0,6615000000.0,27,12878000000.0,916000000,2821000000.0,507000000,9700000000,-680000000.0,-2400000000,25169000000.0,14821000000.0,76000000,0,-138000000,-881000000,6675000000.0,-3870000000.0,-3517000000.0,2512000000,325000000,2512000000,2512000000,15686000000,0,3785000000,8,1998000000.0,1662000000,1671000000.0,-2035000000,0,424000000,12046000000.0,143000000,0,7,23,5,91.0,2119000000,29246000000.0,-1992000000,6974000000,12844000000.0,0.0,78342000000.0,33508000000.0,26242000000,14809000000.0,63533000000.0,78342000000.0,47011000000.0,-17640000000.0,2015.0,3.54,709604519.8,Caterpillar Inc.,reports,Industrials,Construction & Farm Machinery & Heavy Trucks,"Peoria, Illinois",,18230,United States
CB,2015-12-31,11522000000.0,-14000000,-33000000,10,0,4481000000.0,,1775000000.0,0,7833000000.0,12968000000.0,,3191000000,0,158000000,3596000000,3296000000,-145000000,0,0.0,0.0,32,6019000000.0,462000000,5683000000.0,300000000,0,-6295000000.0,850000000,13717000000.0,58017000000.0,0,0,4940000000,1120000000,3864000000.0,3695000000.0,-6294000000.0,2834000000,533000000,2834000000,2834000000,18978000000,0,3296000000,17,4276000000.0,0,0.0,-735000000,244000000,1000000,50858000000.0,-497000000,120000000,17,11,15,,0,19478000000.0,-627000000,2270000000,1404000000.0,10446000000.0,102000000000.0,0.0,0,29135000000.0,73231000000.0,102000000000.0,18987000000.0,-1922000000.0,2015.0,8.71,325373134.3,Chubb Limited,reports,Financials,Property & Casualty Insurance,"Zurich, Switzerland",2010-07-15,896159,Switzerland
CBG,2015-12-31,3138277000.0,-231979000,10588000,20,-141517000,1106758000.0,12.0,613167000.0,0,3342000.0,9716541000.0,106.0,135252000,100361000,326407000,998610000,879730000,-22967000,162849000,529823000.0,3085997000.0,10,1139269000.0,320853000,1450469000.0,118880000,0,118654000.0,320914000,2645111000.0,217943000.0,46418000,0,851557000,-200481000,651897000.0,789548000.0,-1618959000.0,547132000,-196242000,547132000,558877000,4298178000,0,835944000,8,293236000.0,393878000,70655000.0,-485675000,-5951000,-1596096000,519244000.0,-126080000,314096000,8,32,5,106.0,0,2088227000.0,-11089000,0,1785225000.0,0.0,11017943000.0,5305223000.0,4994157000,2712652000.0,8305291000.0,11017943000.0,10855810000.0,0.0,2015.0,1.64,333617073.2,CBRE Group,reports,Real Estate,Real Estate Services,"Los Angeles, California",,1138118,United States
CCI,2015-12-31,426527000.0,12668000,54777000,21,-908892000,9548580000.0,36.0,309541000.0,0,3338000.0,1321426000.0,115.0,0,0,1073304000,1000957000,473829000,-1902000,0,9580057000.0,5513551000.0,64,2342425000.0,-51457000,3779915000.0,527128000,0,54475000.0,320625000,12143019000.0,1306408000.0,0,0,274255000,3190000,1794025000.0,-935476000.0,-1959734000.0,1520992000,-25610000,1477004000,525286000,313296000,49146000,946180000,26,875069000.0,358408000,322623000.0,-4398000,0,-1105317000,1948636000.0,994029000,1036178000,13,7,42,115.0,0,-2458397000.0,-29657000,310921000,106219000.0,0.0,22036245000.0,981245000.0,855369000,7089221000.0,14947024000.0,22036245000.0,3663851000.0,0.0,2015.0,4.44,342565765.8,Crown Castle International Corp.,reports,Real Estate,REITs,"Houston, Texas",2012-03-14,1051470,United States
CCL,2015-11-30,2310000000.0,4000000,-558000000,7,-2294000000,8562000000.0,20.0,1395000000.0,5000000,365000000.0,9447000000.0,35.0,0,0,1626000000,2016000000,1799000000,-61000000,0,31818000000.0,3010000000.0,40,6267000000.0,42000000,1308000000.0,217000000,330000000,-219000000.0,359000000,7413000000.0,0.0,0,0,170000000,1064000000,4545000000.0,-942000000.0,-2478000000.0,1757000000,663000000,1757000000,1757000000,303000000,0,2574000000,16,650000000.0,423000000,3272000000.0,-1741000000,-27000000,35000000,1097000000.0,131000000,1626000000,11,8,11,30.0,0,20060000000.0,-269000000,2067000000,1374000000.0,0.0,39237000000.0,2451000000.0,6956000000,23771000000.0,15466000000.0,39237000000.0,15714000000.0,-3475000000.0,2015.0,2.26,777433628.3,Carnival Corp.,reports,Consumer Discretionary,"Hotels, Resorts & Cruise Lines","Miami, Florida",,815097,United States
CELG,2015-12-31,1908300000.0,-304700000,79500000,27,-286300000,11119300000.0,333.0,4880300000.0,-50600000,9400000.0,420100000.0,477.0,0,30000000,402000000,2334100000,2023500000,-50700000,0,814100000.0,4879000000.0,95,8835900000.0,421500000,10858100000.0,310600000,443400000,1729800000.0,625300000,14161400000.0,0.0,0,0,7297700000,758700000,2483900000.0,4584500000.0,-6259000000.0,1602000000,536100000,1602000000,1602000000,1420900000,299600000,2254600000,24,1012300000.0,984700000,60600000.0,767700000,0,-7702500000,4885100000.0,-326200000,279000000,22,34,17,455.0,3697300000,8074400000.0,-3013700000,2305400000,0.0,1671600000.0,26964400000.0,9400900000.0,1968900000,5919000000.0,21045400000.0,26964400000.0,9256000000.0,-14051800000.0,2015.0,2.02,793069306.9,Celgene Corp.,reports,Health Care,Biotechnology,"Summit, New Jersey",,816284,United States
CERN,2016-01-02,457626000.0,-160124000,244000,14,-362132000,1075782000.0,66.0,402122000.0,12951000,3503000.0,750781000.0,235.0,0,350381000,452225000,781380000,781380000,-10913000,0,1309214000.0,799182000.0,83,3674486000.0,242018000,1250617000.0,0,15788000,720406000.0,23109000,563353000.0,173073000.0,0,0,485675000,-233081000,947526000.0,236249000.0,-1405943000.0,539362000,135366000,539362000,539362000,1034084000,0,781136000,18,202065000.0,264780000,278443000.0,-76354000,-11803000,-1764217000,0.0,-55363000,91527000,18,20,12,233.0,539799000,3457843000.0,-293582000,2262024000,41797000.0,111059000.0,5561984000.0,1827833000.0,777866000,3870384000.0,1691600000.0,5561984000.0,4425267000.0,-590390000.0,2015.0,1.57,343542675.2,Cerner,reports,Health Care,Health Care Technology,"North Kansas City, Missouri",2010-04-30,804753,United States
CF,2015-12-31,1084700000.0,-4800000,-2300000,16,-2469300000,1377400000.0,25.0,308800000.0,-71000000,2400000.0,2761200000.0,93.0,0,916200000,479600000,1190800000,1057600000,-18300000,37300000,8539000000.0,2390100000.0,36,1547100000.0,395800000,0.0,133200000,321200000,12800000.0,-270000000,5592700000.0,297800000.0,352000000,0,1000000000,-1710600000,1203700000.0,79900000.0,-2975900000.0,664900000,284400000,699900000,664900000,267200000,0,1193100000,28,384900000.0,229900000,130500000.0,-249800000,0,-519400000,627600000.0,51400000,0,25,26,15,66.0,0,3057900000.0,-547900000,319000000,0.0,0.0,12738900000.0,1127100000.0,1215200000,4035200000.0,8703700000.0,12738900000.0,4308300000.0,-152700000.0,2015.0,2.97,223872053.9,CF Industries Holdings Inc,reports,Materials,Fertilizers & Agricultural Chemicals,"Deerfield, Illinois",2008-08-27,1324404,United States
CFG,2015-12-31,0.0,0,0,4,-121000000,18725000000.0,,27516000000.0,0,6000000.0,237000000.0,,0,730000000,488000000,1478000000,1263000000,0,0,595000000.0,6876000000.0,0,0.0,423000000,0.0,215000000,0,-5584000000.0,-161000000,485000000.0,123000000000.0,0,0,-1873000000,-191000000,1229000000.0,4485000000.0,-5905000000.0,840000000,529000000,833000000,840000000,0,0,0,0,4405000000.0,0,103000000000.0,-387000000,6832000000,-200000000,1490000000.0,-467000000,448000000,24,6,16,,0,1913000000.0,-253000000,3113000000,3432000000.0,0.0,138000000000.0,0.0,0,19646000000.0,119000000000.0,138000000000.0,5276000000.0,-858000000.0,2015.0,1.55,541935483.9,Citizens Financial Group,reports,Financials,Regional Banks,"Providence, Rhode Island",2016-01-29,759944,United States
CHD,2015-12-31,515500000.0,33500000,-2500000,20,-61800000,376400000.0,38.0,330000000.0,-38500000,146400000.0,1883000000.0,104.0,0,643100000,101000000,665900000,635400000,-22900000,-5800000,609600000.0,1354900000.0,45,1511800000.0,225000000,1269500000.0,30500000,274000000,0.0,51500000,692800000.0,8400000.0,0,0,-38300000,-93000000,606100000.0,-535000000.0,-141200000.0,410400000,73800000,410400000,404600000,276200000,0,674200000,20,108500000.0,25800000,0.0,-45900000,-1200000,-79400000,25100000.0,-25600000,0,19,31,12,72.0,0,2650000000.0,-334600000,837600000,357200000.0,0.0,4256900000.0,906000000.0,872700000,2023200000.0,2233700000.0,4256900000.0,3394800000.0,-1103700000.0,2015.0,3.13,131118210.9,Church & Dwight,reports,Consumer Staples,Household Products,"Ewing, New Jersey",2015-12-29,313927,United States
CHK,2015-12-31,1045000000.0,1186000000,134000000,687,-3771000000,12403000000.0,22.0,825000000.0,0,7000000.0,10295000000.0,67.0,0,60000000,2229000000,-18781000000,-19098000000,0,0,14298000000.0,0.0,19,2469000000.0,-4463000000,0.0,317000000,0,-10000000.0,-2220000000,10354000000.0,382000000.0,259000000,0,-508000000,-3283000000,1234000000.0,-1066000000.0,-3451000000.0,-14685000000,14674000000,-14856000000,-14685000000,1129000000,18821000000,-18919000000,148,197000000.0,526000000,2219000000.0,-99000000,-41000000,330000000,861000000.0,0,2229000000,150,893,115,67.0,0,-13202000000.0,-143000000,334000000,421000000.0,0.0,17357000000.0,2480000000.0,3685000000,2138000000.0,14960000000.0,17098000000.0,12764000000.0,-33000000.0,2015.0,-22.43,654703522.1,Chesapeake Energy,reports,Energy,Integrated Oil & Gas,"Oklahoma City, Oklahoma",,895126,United States
CHRW,2015-12-31,912299000.0,107560000,0,44,-28115000,379444000.0,12.0,168229000.0,0,14345000.0,11207604000.0,119.0,0,65460000,66409000,858310000,822781000,-16860000,0,190874000.0,1108337000.0,17,2268480000.0,313082000,120242000.0,35529000,0,0.0,-25358000,500000000.0,0.0,0,0,-155000000,39289000,718336000.0,-607741000.0,-54446000.0,509699000,59513000,509699000,509699000,1522408000,0,858310000,6,34207000.0,40061000,86298000.0,-37946000,-11368000,-26331000,19851000.0,513000,0,6,72,4,119.0,0,2922620000.0,-214306000,1410170000,450000000.0,0.0,3184358000.0,1730698000.0,1448597000,1150450000.0,2033908000.0,3184358000.0,13476084000.0,-2128013000.0,2015.0,3.52,144800852.3,C. H. Robinson Worldwide,reports,Industrials,Air Freight & Logistics,"Eden Prairie, Minnesota",,1043277,United States
CHTR,2015-12-31,1972000000.0,5000000,-139000000,589,-1840000000,2028000000.0,0.0,5000000.0,0,0.0,6426000000.0,17.0,0,1590000000,2125000000,975000000,-331000000,0,0,8345000000.0,1168000000.0,34,3328000000.0,-60000000,6862000000.0,1306000000,0,0.0,319000000,35723000000.0,0.0,0,0,14719000000,2000000,2359000000.0,14675000000.0,-17032000000.0,-271000000,184000000,-271000000,-399000000,279000000,0,1114000000,11,22596000000.0,61000000,0.0,-13000000,0,-15192000000,77000000.0,-3000000,2125000000,3,720,3,17.0,0,-2061000000.0,-8000000,89000000,0.0,0.0,39316000000.0,345000000.0,1972000000,-46000000.0,39362000000.0,39316000000.0,9754000000.0,0.0,2015.0,-2.43,111522633.7,Charter Communications,reports,Consumer Discretionary,Cable & Satellite,"Stamford, Connecticut",2016-09-08,1091667,United States
CI,2015-12-31,6493000000.0,-890000000,0,17,-510000000,2859000000.0,,1968000000.0,0,74000000.0,23290000000.0,,2038000000,0,585000000,3327000000,3327000000,-40000000,0,1534000000.0,6019000000.0,39,14586000000.0,1250000000,0.0,0,0,-990000000.0,1055000000,5169000000.0,24332000000.0,9000000,69000000,-65000000,548000000,2717000000.0,-530000000.0,-1599000000.0,2094000000,-36000000,2094000000,2077000000,10507000000,0,3327000000,9,10309000000.0,0,0.0,-1250000000,52000000,-99000000,33313000000.0,-74000000,11259000000,9,28,6,,0,12121000000.0,-517000000,0,149000000.0,381000000.0,57088000000.0,0.0,0,12035000000.0,45053000000.0,57088000000.0,37876000000.0,-1769000000.0,2015.0,8.17,256303549.6,CIGNA Corp.,reports,Health Care,Managed Health Care,"Philadelphia, Pennsylvania",1976-06-30,701221,United States
CINF,2015-12-31,0.0,-54000000,0,10,-10000000,1232000000.0,,544000000.0,0,397000000.0,4195000000.0,,616000000,638000000,52000000,934000000,881000000,0,0,185000000.0,0.0,18,947000000.0,247000000,0.0,53000000,0,-615000000.0,246000000,856000000.0,14423000000.0,0,0,-14000000,-47000000,1064000000.0,-487000000.0,-624000000.0,634000000,10000000,634000000,634000000,2218000000,0,881000000,17,902000000.0,0,0.0,1344000000,-78000000,1000000,10967000000.0,176000000,13000000,17,14,12,,0,4762000000.0,-29000000,0,0.0,0.0,18888000000.0,0.0,0,6427000000.0,12461000000.0,18888000000.0,5142000000.0,-1308000000.0,2015.0,3.87,163824289.4,Cincinnati Financial,reports,Financials,Property & Casualty Insurance,"Fairfield, Ohio",,20286,United States
CL,2015-12-31,3232000000.0,-75000000,0,463,-691000000,1438000000.0,27.0,970000000.0,-13000000,1466000000.0,6635000000.0,124.0,67000000,233000000,449000000,2763000000,2763000000,-107000000,0,3796000000.0,2103000000.0,59,9399000000.0,1215000000,1346000000.0,0,1180000000,-143000000.0,-67000000,6269000000.0,0.0,255000000,0,421000000,-119000000,2949000000.0,-2276000000.0,-685000000.0,1384000000,1074000000,1384000000,1384000000,1427000000,0,2789000000,17,262000000.0,807000000,0.0,-3962000000,0,149000000,1966000000.0,33000000,0,17,924,9,91.0,0,18861000000.0,-1204000000,6610000000,302000000.0,0.0,11958000000.0,4384000000.0,3534000000,-299000000.0,12257000000.0,11958000000.0,16034000000.0,-18102000000.0,2015.0,1.53,904575163.4,Colgate-Palmolive,reports,Consumer Staples,Household Products,"New York, New York",,21665,United States
CLX,2015-06-30,1010000000.0,6000000,13000000,492,-125000000,775000000.0,27.0,382000000.0,-25000000,159000000.0,3190000000.0,102.0,0,95000000,169000000,1021000000,921000000,-19000000,0,918000000.0,1067000000.0,44,2465000000.0,315000000,585000000.0,100000000,385000000,0.0,122000000,1796000000.0,0.0,0,0,-128000000,53000000,874000000.0,-696000000.0,-106000000.0,580000000,0,580000000,606000000,519000000,0,1008000000,18,165000000.0,143000000,0.0,-502000000,0,19000000,750000000.0,6000000,0,16,781,10,74.0,136000000,1923000000.0,-183000000,1321000000,395000000.0,0.0,4164000000.0,1429000000.0,1405000000,118000000.0,4046000000.0,4164000000.0,5655000000.0,-2237000000.0,2015.0,4.45,130337078.7,The Clorox Company,reports,Consumer Staples,Household Products,"Oakland, California",1969-03-31,21076,United States
CMA,2015-12-31,1383000000.0,0,0,7,-119000000,2173000000.0,,18647000000.0,0,1141000000.0,43000000.0,,0,0,124000000,802000000,750000000,0,0,550000000.0,0.0,0,0.0,229000000,0.0,52000000,0,-3153000000.0,-35000000,0.0,65067000000.0,0,0,317000000,76000000,862000000.0,2469000000.0,-3255000000.0,521000000,159000000,515000000,521000000,0,-32000000,0,0,0.0,0,59853000000.0,-429000000,2527000000,17000000,0.0,93000000,147000000,27,10,18,,0,7084000000.0,-228000000,1859000000,23000000.0,113000000.0,71877000000.0,0.0,0,7560000000.0,64317000000.0,71877000000.0,2819000000.0,-2409000000.0,2015.0,2.93,177815699.7,Comerica Inc.,reports,Financials,Regional Banks,"Dallas, Texas",,28412,United States
CME,2015-12-31,28700000.0,-17300000,-14500000,6,-114200000,17721600000.0,,1692600000.0,0,3400000.0,0.0,,0,7358300000,228600000,2074200000,1956800000,0,100000000,491700000.0,7569000000.0,100,3209400000.0,709800000,19713200000.0,117400000,0,148800000.0,-121200000,2241400000.0,72500000.0,0,0,70700000,326500000,1515300000.0,-1206700000.0,17900000.0,1247000000,189300000,1247000000,1347000000,357800000,253600000,1871300000,58,37474700000.0,0,36795800000.0,-80800000,2000000,-16700000,37191300000.0,-11100000,99400000,61,10,39,,0,2907600000.0,64000000,1238700000,0.0,0.0,67371500000.0,0.0,0,20551800000.0,46819700000.0,67371500000.0,3209400000.0,0.0,2015.0,3.71,336118598.4,CME Group Inc.,reports,Financials,Financial Exchanges & Data,"Chicago, Illinois",,1156375,United States
CMG,2015-12-31,279942000.0,-3504000,-6916000,22,-257418000,1172628000.0,237.0,248005000.0,262000,358000.0,3326936000.0,291.0,0,284267000,130368000,769867000,769867000,-4196000,0,1217220000.0,21939000.0,26,1174287000.0,294265000,0.0,0,15043000,-206722000.0,16911000,0.0,622939000.0,0,0,0,-171460000,683316000.0,-386440000.0,-464140000.0,475602000,8888000,475602000,475602000,96435000,16922000,763589000,17,48321000.0,39965000,0.0,-8273000,0,0,32883000.0,54789000,130368000,17,36,11,286.0,0,2197873000.0,-460882000,250214000,0.0,415199000.0,2725066000.0,814647000.0,279942000,2127974000.0,597092000.0,2725066000.0,4501223000.0,-1234612000.0,2015.0,15.3,31085098.04,Chipotle Mexican Grill,reports,Consumer Discretionary,Restaurants,"Denver, Colorado",2011-04-28,1058090,United States
CMI,2015-12-31,2978000000.0,103000000,33000000,19,-744000000,0.0,48.0,1711000000.0,150000000,2178000000.0,14163000000.0,209.0,0,0,514000000,2090000000,2025000000,-87000000,315000000,3745000000.0,482000000.0,26,4947000000.0,555000000,328000000.0,65000000,2707000000,-11000000.0,-70000000,1576000000.0,975000000.0,344000000,0,-73000000,-590000000,2059000000.0,-1644000000.0,-918000000.0,1399000000,73000000,1399000000,1714000000,2640000000,301000000,2057000000,11,1657000000.0,789000000,762000000.0,-1359000000,10000000,-163000000,2005000000.0,-181000000,0,11,27,7,138.0,735000000,10322000000.0,-910000000,2169000000,63000000.0,100000000.0,15134000000.0,7947000000.0,3803000000,7406000000.0,7728000000.0,15134000000.0,19110000000.0,-3735000000.0,2015.0,7.86,177989821.9,Cummins Inc.,reports,Industrials,Industrial Machinery,"Columbus, Indiana",1965-03-31,26172,United States
CMS,2015-12-31,1123000000.0,120000000,19000000,14,-1564000000,4837000000.0,12.0,285000000.0,147000000,3000000.0,4281000000.0,101.0,0,2073000000,750000000,1196000000,796000000,0,14000000,14705000000.0,0.0,34,2175000000.0,271000000,0.0,400000000,778000000,-385000000.0,-26000000,8518000000.0,1091000000.0,37000000,0,742000000,39000000,1640000000.0,463000000.0,-2064000000.0,537000000,143000000,523000000,537000000,929000000,0,1163000000,18,2183000000.0,328000000,224000000.0,-47000000,0,-115000000,3431000000.0,-19000000,750000000,12,20,8,67.0,0,-855000000.0,43000000,262000000,955000000.0,0.0,20299000000.0,2320000000.0,2302000000,3938000000.0,16324000000.0,20262000000.0,6456000000.0,0.0,2015.0,1.9,282631578.9,CMS Energy,reports,Utilities,MultiUtilities,"Jackson, Michigan",,811156,United States
CNC,2015-12-31,1183000000.0,-360000000,35000000,16,-150000000,956000000.0,,1760000000.0,0,0.0,17242000000.0,,0,143000000,111000000,740000000,697000000,0,0,518000000.0,842000000.0,24,5518000000.0,339000000,155000000.0,43000000,0,-652000000.0,599000000,1428000000.0,2042000000.0,11000000,156000000,338000000,150000000,658000000.0,305000000.0,-813000000.0,355000000,48000000,355000000,358000000,1279000000,0,705000000,3,567000000.0,0,0.0,-10000000,-4000000,-11000000,2468000000.0,-97000000,1836000000,3,32,2,,0,1358000000.0,-29000000,2977000000,5000000.0,176000000.0,7339000000.0,0.0,0,2157000000.0,5182000000.0,7339000000.0,22760000000.0,-147000000.0,2015.0,2.99,118729097.0,Centene Corporation,reports,Health Care,Managed Health Care,"St Louis, Missouri",2016-03-30,1071739,United States
CNP,2015-12-31,758000000.0,345000000,27000000,20,-1584000000,0.0,43.0,264000000.0,28000000,0.0,5109000000.0,109.0,0,5052000000,997000000,-673000000,-1130000000,0,-1633000000,11537000000.0,840000000.0,31,2277000000.0,-438000000,0.0,457000000,347000000,180000000.0,-276000000,7901000000.0,2993000000.0,0,0,-54000000,-34000000,1865000000.0,-512000000.0,-1387000000.0,-692000000,1323000000,-692000000,-2325000000,1044000000,0,933000000,13,3275000000.0,229000000,343000000.0,0,0,17000000,2453000000.0,140000000,970000000,15,33,9,95.0,0,0.0,0,374000000,1366000000.0,805000000.0,21334000000.0,2689000000.0,2467000000,3461000000.0,17873000000.0,21334000000.0,7386000000.0,0.0,2015.0,-1.61,429813664.6,CenterPoint Energy,reports,Utilities,MultiUtilities,"Houston, Texas",1985-07-31,1130310,United States
COF,2015-12-31,299000000.0,-72000000,0,9,-532000000,29655000000.0,,71703000000.0,0,6000000.0,1091000000.0,,0,0,2100000000,6415000000,5881000000,0,0,3584000000.0,14480000000.0,0,0.0,1869000000,0.0,534000000,0,-19270000000.0,620000000,0.0,290000000000.0,0,0,9964000000,781000000,10127000000.0,20380000000.0,-29726000000.0,4050000000,4427000000,3872000000,4012000000,1189000000,0,0,0,16450000000.0,0,218000000000.0,-616000000,12163000000,-9924000000,9629000000.0,-998000000,4966000000,23,12,16,,0,27045000000.0,-773000000,12566000000,21112000000.0,0.0,334000000000.0,0.0,0,47284000000.0,287000000000.0,334000000000.0,25038000000.0,-8806000000.0,2015.0,7.15,566433566.4,Capital One Financial,reports,Financials,Consumer Finance,"Tysons Corner, Virginia",,927628,United States
COG,2015-12-31,215552000.0,112406000,3866000,6,-955602000,721997000.0,0.0,514000.0,-3023000,42377000.0,580994000.0,61.0,0,842529000,626665000,-90362000,-187273000,0,6415000,4976879000.0,0.0,57,776156000.0,-73382000,0.0,96911000,17049000,-45385000.0,-65244000,2005000000.0,103517000.0,0,0,265162000,-20440000,740737000.0,232157000.0,-993334000.0,-113891000,186326000,-113891000,-107476000,124552000,142335000,-90362000,7,36717000.0,2671000,0.0,-365000,85000,7653000,169630000.0,-2502000,622211000,14,9,8,54.0,0,1552014000.0,0,112253000,20000000.0,0.0,5261899000.0,144786000.0,235552000,2009188000.0,3252711000.0,5261899000.0,1357150000.0,-306835000.0,2015.0,-0.28,406753571.4,Cabot Oil & Gas,reports,Energy,Oil & Gas Exploration & Production,"Houston, Texas",2008-06-23,858470,United States
COL,2015-09-30,1357000000.0,-46000000,15000000,37,-210000000,1519000000.0,12.0,252000000.0,-23000000,2000000.0,3630000000.0,157.0,165000000,0,252000000,1023000000,962000000,-23000000,0,964000000.0,1904000000.0,31,1614000000.0,268000000,703000000.0,61000000,1824000000,0.0,77000000,1680000000.0,0.0,5000000,0,-56000000,-71000000,749000000.0,-492000000.0,-294000000.0,686000000,50000000,686000000,694000000,1038000000,0,1008000000,19,344000000.0,110000000,255000000.0,-1699000000,-1000000,-84000000,1684000000.0,-258000000,0,18,51,13,68.0,0,5124000000.0,-281000000,606000000,448000000.0,0.0,7304000000.0,3224000000.0,2060000000,1875000000.0,5429000000.0,7304000000.0,5244000000.0,-3071000000.0,2015.0,5.19,132177264.0,Rockwell Collins,reports,Industrials,Industrial Conglomerates,"Cedar Rapids, Iowa",,1137411,United States
COST,2015-08-30,12292000000.0,0,104000000,22,-2393000000,5218000000.0,39.0,4801000000.0,-890000000,2000000.0,101000000000.0,101.0,0,0,1127000000,3728000000,3604000000,-418000000,0,15401000000.0,0.0,13,15134000000.0,1195000000,0.0,124000000,8908000000,-67000000.0,880000000,4852000000.0,0.0,226000000,0,1079000000,-937000000,4285000000.0,-2324000000.0,-2480000000.0,2377000000,202000000,2377000000,2377000000,1224000000,65000000,3624000000,3,837000000.0,228000000,2964000000.0,-1121000000,-143000000,-20000000,783000000.0,557000000,0,3,34,2,48.0,0,6518000000.0,-481000000,11445000000,1283000000.0,1618000000.0,33017000000.0,16779000000.0,16539000000,10617000000.0,22400000000.0,33017000000.0,116000000000.0,0.0,2015.0,5.41,439371534.2,Costco Co.,reports,Consumer Staples,Hypermarkets & Super Centers,"Issaquah, Washington",1993-10-01,909832,United States
CPB,2015-08-02,1263000000.0,12000000,3000000,48,-380000000,339000000.0,9.0,253000000.0,-18000000,12000000.0,5300000000.0,75.0,0,505000000,303000000,1057000000,949000000,-32000000,0,2347000000.0,2344000000.0,34,2782000000.0,283000000,1205000000.0,108000000,995000000,0.0,1000000,2539000000.0,0.0,-4000000,0,-209000000,21000000,1182000000.0,-526000000.0,-603000000.0,666000000,249000000,666000000,666000000,647000000,102000000,1054000000,13,88000000.0,198000000,0.0,-168000000,-3000000,-223000000,850000000.0,-31000000,0,12,69,8,39.0,117000000,1754000000.0,-226000000,1509000000,1543000000.0,0.0,8077000000.0,2093000000.0,2806000000,1381000000.0,6696000000.0,8077000000.0,8082000000.0,-556000000.0,2015.0,2.21,301357466.1,Campbell Soup,reports,Consumer Staples,Packaged Foods & Meats,"Camden, New Jersey",,16732,United States
CRM,2015-01-31,1103335000.0,-544610000,5785000,7,-290454000,4604485000.0,23.0,908117000.0,0,651000.0,1289270000.0,80.0,162796000,34681000,745558000,-139848000,-213085000,-38391000,0,1125866000.0,3782660000.0,76,4084316000.0,49603000,433398000.0,73237000,0,-542782000.0,958803000,1370692000.0,1070629000.0,0,0,-342200000,126482000,1173714000.0,-310481000.0,-698360000.0,-262688000,551736000,-262688000,-262688000,1905506000,0,-145633000,3,575234000.0,613609000,3286768000.0,-24108000,0,134876000,894468000.0,-275085000,0,4,5,5,80.0,792917000,-605845000.0,308989000,3437032000,0.0,87312000.0,10665127000.0,3514544000.0,4390103000,3975183000.0,6689944000.0,10665127000.0,5373586000.0,0.0,2015.0,-0.42,625447619.0,Salesforce.com,reports,Information Technology,Internet Software & Services,"San Francisco, California",2008-09-15,1108524,United States
CSCO,2015-07-25,4215000000.0,-1047000000,997000000,15,-1227000000,0.0,258.0,6877000000.0,-116000000,43592000000.0,19480000000.0,313.0,4454000000,5359000000,2442000000,11767000000,11201000000,0,0,3332000000.0,24469000000.0,60,29681000000.0,2220000000,2376000000.0,566000000,1627000000,-8379000000.0,1497000000,21457000000.0,3858000000.0,9000000,0,4469000000,151000000,12552000000.0,-2313000000.0,-10088000000.0,8981000000,1165000000,8981000000,8981000000,9835000000,484000000,10770000000,22,1516000000.0,1490000000,15300000000.0,61000000,-14000000,-482000000,3438000000.0,-370000000,359000000,23,19,18,306.0,6207000000,16045000000.0,-2810000000,11861000000,3897000000.0,53539000000.0,113000000000.0,73368000000.0,23412000000,59698000000.0,53675000000.0,113000000000.0,49161000000.0,0.0,2015.0,1.76,5102840909.0,Cisco Systems,reports,Information Technology,Networking Equipment,"San Jose, California",1993-12-01,858877,United States
CSX,2015-12-25,1362000000.0,149000000,98000000,17,-2562000000,113000000.0,74.0,628000000.0,0,966000000.0,3293000000.0,145.0,0,9179000000,1208000000,3682000000,3138000000,0,0,30174000000.0,0.0,72,8518000000.0,1170000000,0.0,544000000,350000000,-514000000.0,-259000000,10515000000.0,1394000000.0,16000000,0,971000000,-41000000,3370000000.0,-519000000.0,-2892000000.0,1968000000,388000000,1968000000,1968000000,982000000,0,3584000000,30,337000000.0,70000000,570000000.0,-665000000,0,184000000,1431000000.0,-84000000,1208000000,27,27,17,128.0,0,11238000000.0,-804000000,3726000000,20000000.0,810000000.0,34745000000.0,2840000000.0,1952000000,11652000000.0,23093000000.0,34745000000.0,11811000000.0,0.0,2015.0,2.0,984000000.0,CSX Corp.,reports,Industrials,Railroads,"Jacksonville, Florida",1967-09-30,277948,United States
CTAS,2015-05-31,507965000.0,-1443000,339000,22,-217720000,157183000.0,85.0,417073000.0,23785000,329248000.0,2555549000.0,341.0,0,339327000,155082000,718485000,653324000,-8918000,21739000,871421000.0,1195612000.0,43,1921337000.0,242803000,42434000.0,65161000,226211000,-256000.0,2855000,1300000000.0,329692000.0,0,0,-518000,-96215000,580276000.0,-712560000.0,44987000.0,430618000,11407000,430618000,410521000,497066000,0,696407000,16,17494000.0,579376000,704000.0,-8471000,1589000,262963000,112009000.0,-42028000,0,15,34,10,297.0,0,4227620000.0,-511740000,1224930000,0.0,16081000.0,4192460000.0,1735807000.0,508669000,1932455000.0,2260005000.0,4192460000.0,4476886000.0,-2773125000.0,2015.0,3.68,117015760.9,Cintas Corporation,reports,Industrials,Diversified Support Services,"Mason, Ohio",,723254,United States
CTL,2015-12-31,2881000000.0,-132000000,23000000,6,-2872000000,15178000000.0,3.0,126000000.0,0,544000000.0,7778000000.0,58.0,0,3569000000,4186000000,2628000000,1316000000,0,0,18069000000.0,20742000000.0,57,10122000000.0,438000000,5483000000.0,1312000000,0,0.0,-277000000,18722000000.0,0.0,0,0,-292000000,-2000000,5152000000.0,-2301000000.0,-2853000000.0,878000000,609000000,878000000,878000000,1943000000,0,2605000000,15,660000000.0,581000000,220000000.0,-1934000000,-3000000,19000000,6649000000.0,-112000000,4189000000,7,9,5,58.0,0,272000000.0,-808000000,3328000000,1503000000.0,0.0,47604000000.0,2650000000.0,4604000000,14060000000.0,33544000000.0,47604000000.0,17900000000.0,0.0,2015.0,1.58,555696202.5,CenturyLink Inc,reports,Telecommunications Services,Integrated Telecommunications Services,"Monroe, Louisiana",,18926,United States
CTSH,2015-12-31,1983700000.0,-322400000,39300000,17,-272800000,453000000.0,182.0,2125200000.0,0,6100000.0,7440200000.0,291.0,347800000,52600000,330000000,2181300000,2163600000,-19500000,0,1271400000.0,2404700000.0,40,4975800000.0,540000000,864300000.0,17700000,0,-1096100000.0,502200000,881200000.0,0.0,0,0,-353400000,115100000,2153300000.0,-648100000.0,-1370600000.0,1623600000,91000000,1623600000,1623600000,2621600000,0,2142000000,17,268600000.0,337500000,323700000.0,-106200000,0,-1700000,139800000.0,-71100000,325200000,17,23,13,291.0,0,8925200000.0,-328400000,2508600000,406300000.0,2824300000.0,13065400000.0,7908600000.0,2713700000,9278100000.0,3787300000.0,13065400000.0,12416000000.0,0.0,2015.0,2.67,608089887.6,Cognizant Technology Solutions,reports,Information Technology,IT Consulting & Other Services,"Teaneck, New Jersey",,1058290,United States
CTXS,2015-12-31,431215000.0,-7226000,5945000,16,-160825000,4566919000.0,52.0,368518000.0,703000,299000.0,614364000.0,100.0,215196000,414314000,428892000,356030000,311877000,-10313000,0,373817000.0,1962722000.0,81,2661230000.0,-7484000,283418000.0,44153000,10521000,205987000.0,229152000,1311071000.0,891964000.0,0,0,-7569000,108369000,1034548000.0,-691451000.0,-224415000.0,319361000,74273000,319361000,319361000,669276000,167548000,350085000,11,56449000.0,132784000,1249754000.0,-28527000,-46336000,-269577000,87717000.0,-10607000,41595000,10,16,10,100.0,563975000,3474625000.0,-643419000,1538027000,0.0,502852000.0,5467517000.0,1683951000.0,1680969000,1973446000.0,3494071000.0,5467517000.0,3275594000.0,-6039870000.0,2015.0,2.01,158886069.7,Citrix Systems,reports,Information Technology,Internet Software & Services,"Fort Lauderdale, Florida",,877890,United States
CVS,2015-12-31,14319000000.0,1594000000,0,14,-2367000000,30948000000.0,11.0,2459000000.0,1141000000,17000000.0,127000000000.0,126.0,0,4217000000,2092000000,9454000000,8616000000,-20000000,0,9855000000.0,38106000000.0,17,26528000000.0,3386000000,13878000000.0,838000000,14001000000,387000000.0,3495000000,26267000000.0,0.0,7000000,39000000,11218000000,-22000000,8412000000.0,5006000000.0,-13420000000.0,5237000000,-36000000,5237000000,5230000000,11888000000,0,9454000000,6,1440000000.0,722000000,0.0,-389000000,-61000000,-11440000000,1542000000.0,-357000000,0,6,23,3,65.0,0,35506000000.0,-4702000000,0,8850000000.0,88000000.0,92437000000.0,29158000000.0,23169000000,37196000000.0,55241000000.0,92437000000.0,153000000000.0,-28886000000.0,2015.0,4.66,1123819742.0,CVS Health,reports,Consumer Staples,Drug Retail,"Woonsocket, Rhode Island",,64803,United States
CVX,2015-12-31,21536000000.0,-59000000,3868000000,3,-29504000000,16330000000.0,43.0,11022000000.0,0,1832000000.0,92785000000.0,134.0,6801000000,44154000000,21037000000,4842000000,4842000000,-226000000,4684000000,190000000000.0,4588000000.0,29,37140000000.0,132000000,0.0,0,6334000000,166000000.0,-868000000,33664000000.0,29522000000.0,1170000000,0,10724000000,-1763000000,19456000000.0,2815000000.0,-23808000000.0,4587000000,-3609000000,4587000000,9271000000,12860000000,3340000000,-3710000000,3,0.0,4821000000,0.0,-4531000000,0,5530000000,7935000000.0,-1755000000,21037000000,4,3,4,110.0,0,182000000000.0,211000000,16473000000,4928000000.0,310000000.0,266000000000.0,35347000000.0,26464000000,153000000000.0,113000000000.0,266000000000.0,130000000000.0,-42493000000.0,2015.0,2.46,1864634146.0,Chevron Corp.,reports,Energy,Integrated Oil & Gas,"San Ramon, California",,93410,United States
CXO,2015-12-31,241723000.0,117716000,631404000,1,-2511403000,4628390000.0,38.0,228550000.0,-5154000,129000.0,541359000.0,220.0,15585000,1630373000,1230853000,312655000,97271000,0,0,10996065000.0,0.0,70,1262214000.0,31371000,25693000.0,215384000,0,541574000.0,-73721000,3332188000.0,167038000.0,0,0,-232041000,228529000,897505000.0,1300749000.0,-1969725000.0,65900000,-434363000,65900000,65900000,394580000,119376000,381003000,21,122945000.0,691420000,354697000.0,0,2150000,104000,140344000.0,-3726000,1230853000,5,1,4,220.0,0,2345641000.0,1530640000,230734000,0.0,0.0,12641876000.0,1314550000.0,596420000,6942551000.0,5699325000.0,12641876000.0,1803573000.0,-31609000.0,2015.0,0.54,122037037.0,Concho Resources,reports,Energy,Oil & Gas Exploration & Production,"Midland, Texas",2016-02-22,1358071,United States
D,2015-12-31,1241000000.0,294000000,196000000,15,-5575000000,0.0,8.0,623000000.0,-26000000,6680000000.0,6201000000.0,52.0,0,7414000000,1669000000,3732000000,2828000000,0,0,41554000000.0,3294000000.0,47,5482000000.0,905000000,570000000.0,904000000,1348000000,-901000000.0,-251000000,23616000000.0,5774000000.0,938000000,0,3004000000,289000000,4475000000.0,2317000000.0,-6503000000.0,1899000000,788000000,1899000000,1899000000,1369000000,0,3536000000,30,3414000000.0,851000000,1232000000.0,-474000000,-224000000,-27000000,6045000000.0,78000000,1395000000,24,22,16,35.0,0,6458000000.0,1073000000,551000000,5647000000.0,0.0,58797000000.0,4191000000.0,8120000000,12664000000.0,46133000000.0,58797000000.0,11683000000.0,0.0,2015.0,3.21,591588785.0,Dominion Resources,reports,Utilities,Electric Utilities,"Richmond, Virginia",,715957,United States
DAL,2015-12-31,7244000000.0,-56000000,-164000000,42,-2945000000,12936000000.0,31.0,3959000000.0,155000000,0.0,17096000000.0,52.0,4956000000,2246000000,1835000000,7638000000,7157000000,0,0,23039000000.0,9794000000.0,58,23608000000.0,2631000000,4861000000.0,481000000,697000000,-759000000.0,-295000000,6766000000.0,0.0,0,0,-1520000000,-116000000,7927000000.0,-4088000000.0,-3955000000.0,4526000000,224000000,4526000000,4526000000,2020000000,35000000,7802000000,19,1428000000.0,915000000,6138000000.0,-7275000000,-367000000,-251000000,15746000000.0,1538000000,1835000000,18,66,11,48.0,0,5562000000.0,-2200000000,13936000000,4144000000.0,1465000000.0,53134000000.0,9056000000.0,17526000000,10850000000.0,42284000000.0,53134000000.0,40704000000.0,-373000000.0,2015.0,5.68,796830985.9,Delta Air Lines,reports,Industrials,Airlines,"Atlanta, Georgia",2013-09-11,27904,United States
DD,2015-12-31,9151000000.0,-448000000,-113000000,20,-1629000000,11081000000.0,60.0,5300000000.0,164000000,288000000.0,15112000000.0,169.0,3799000000,417000000,1466000000,2933000000,2591000000,-275000000,0,9784000000.0,4248000000.0,40,10018000000.0,696000000,4144000000.0,342000000,6140000000,-161000000.0,-1302000000,7642000000.0,688000000.0,207000000,0,2141000000,-1610000000,2316000000.0,-1823000000.0,-1828000000.0,1953000000,477000000,1953000000,1895000000,4643000000,0,3046000000,12,1116000000.0,398000000,0.0,-9396000000,-339000000,-38000000,12591000000.0,0,0,10,26,8,109.0,1898000000,14510000000.0,-2079000000,5074000000,1165000000.0,906000000.0,41166000000.0,17387000000.0,10316000000,9993000000.0,31173000000.0,41166000000.0,25130000000.0,-6727000000.0,2015.0,2.17,900000000.0,Du Pont (E.I.),reports,Materials,Diversified Chemicals,"Wilmington, Delaware",,30554,United States
DFS,2015-12-31,3343000000.0,0,0,20,-168000000,3885000000.0,,12656000000.0,0,5000000.0,623000000.0,,0,0,-41000000,4252000000,3612000000,0,0,693000000.0,255000000.0,0,0.0,1315000000,168000000.0,640000000,0,-2708000000.0,162000000,0.0,73699000000.0,0,0,2017000000,2288000000,3854000000.0,1302000000.0,-2868000000.0,2297000000,-1056000000,2246000000,2297000000,0,0,0,0,2549000000.0,0,47594000000.0,-160000000,1510000000,8000000,0.0,-237000000,1512000000,36,32,23,,0,13250000000.0,-1710000000,3615000000,0.0,0.0,86936000000.0,0.0,0,11275000000.0,75661000000.0,86936000000.0,10002000000.0,-6265000000.0,2015.0,5.14,446887159.5,Discover Financial Services,reports,Financials,Consumer Finance,"Riverwoods, Illinois",2007-07-02,1393612,United States
DG,2016-01-29,1994217000.0,0,-326000,22,-504806000,3107283000.0,8.0,157947000.0,-290001000,250855000.0,14062471000.0,172.0,0,639955000,352431000,1939968000,1853024000,0,0,2264062000.0,4338589000.0,31,6306091000.0,687944000,1200994000.0,86944000,3074153000,0.0,130911000,2969175000.0,0.0,0,0,247819000,-421876000,1377988000.0,-1296481000.0,-503383000.0,1165080000,45098000,1165080000,1165080000,6843000,0,1940294000,10,21830000.0,193467000,0.0,-5807000,0,1423000,275283000.0,-25531000,0,9,34,6,18.0,0,2025545000.0,-1292679000,4365797000,1379000.0,0.0,11257885000.0,3432410000.0,1995596000,5377876000.0,5880009000.0,11257885000.0,20368562000.0,0.0,2015.0,3.96,294212121.2,Dollar General,reports,Consumer Discretionary,General Merchandise Stores,"Goodlettsville, Tennessee",2012-12-03,29534,United States
DGX,2015-12-31,1014000000.0,-262000000,-143000000,15,-263000000,2481000000.0,11.0,133000000.0,0,2000000.0,4657000000.0,128.0,0,0,304000000,1256000000,1103000000,0,23000000,925000000.0,5905000000.0,38,2836000000.0,373000000,984000000.0,153000000,84000000,-32000000.0,-72000000,3492000000.0,473000000.0,29000000,70000000,-84000000,-59000000,810000000.0,-507000000.0,-362000000.0,709000000,128000000,709000000,753000000,901000000,0,1399000000,19,174000000.0,383000000,0.0,-38000000,-73000000,-67000000,514000000.0,-41000000,81000000,15,24,9,121.0,0,6199000000.0,-101000000,1356000000,159000000.0,0.0,9962000000.0,1501000000.0,1173000000,4684000000.0,5278000000.0,9962000000.0,7493000000.0,-3960000000.0,2015.0,4.92,144105691.1,Quest Diagnostics,reports,Health Care,Health Care Facilities,"Madison, New Jersey",,1022079,United States
DHI,2015-09-30,1444100000.0,0,30900000,13,-56100000,2733800000.0,,1393500000.0,-89500000,3800000.0,8535700000.0,,0,0,59700000,1123400000,1123400000,0,0,146900000.0,87200000.0,21,2288300000.0,372700000,0.0,0,7807000000,-86400000.0,60300000,3811500000.0,631000000.0,1100000,0,134500000,722000000,700400000.0,117000000.0,-95400000.0,750700000,103100000,750700000,750700000,558100000,9800000,1275500000,12,527300000.0,0,0.0,1400000,12300000,47100000,0.0,-183900000,0,10,19,7,,0,3289600000.0,61800000,1003000000,0.0,0.0,11151000000.0,0.0,0,5894300000.0,5256700000.0,11151000000.0,10824000000.0,-134300000.0,2015.0,2.05,366195122.0,D. R. Horton,reports,Consumer Discretionary,Homebuilding,"Fort Worth, Texas",,882184,United States
DHR,2015-12-31,5325200000.0,-52100000,17700000,14,-633000000,4981200000.0,13.0,790800000.0,119700000,8000000.0,9800600000.0,127.0,0,0,1051300000,3486800000,3324000000,-115800000,0,2825600000.0,25070300000.0,52,10762500000.0,725300000,11270300000.0,162800000,2095400000,-44100000.0,221800000,12025200000.0,0.0,73700000,0,9158600000,-2214800000,3801800000.0,9050200000.0,-14951000000.0,3357400000,-632100000,3357400000,2598700000,3964100000,0,3469100000,17,1219300000.0,986400000,0.0,-2311200000,-3300000,-14273900000,6262600000.0,-238000000,0,16,14,16,93.0,1239100000,21012300000.0,249000000,6054300000,845200000.0,0.0,48222200000.0,7836700000.0,6170400000,23690300000.0,24531900000.0,48222200000.0,20563100000.0,0.0,2015.0,4.81,698004158.0,Danaher Corp.,reports,Industrials,Industrial Conglomerates,"Washington, D.C.",,313616,United States
DIS,2015-10-03,7844000000.0,-211000000,0,19,-4265000000,0.0,26.0,4269000000.0,1000000,35122000000.0,28364000000.0,103.0,0,4051000000,2354000000,13868000000,13868000000,-302000000,814000000,25179000000.0,27826000000.0,46,24101000000.0,5016000000,7172000000.0,0,1571000000,166000000.0,305000000,12773000000.0,2643000000.0,4130000000,0,2705000000,848000000,10909000000.0,-5514000000.0,-4245000000.0,8382000000,-426000000,8382000000,9196000000,8786000000,53000000,13171000000,25,8604000000.0,2132000000,3927000000.0,-2421000000,-402000000,-146000000,6369000000.0,34000000,2354000000,26,31,16,93.0,0,59028000000.0,-4754000000,8523000000,4563000000.0,0.0,88182000000.0,16758000000.0,16334000000,44525000000.0,43657000000.0,88182000000.0,52465000000.0,-47204000000.0,2015.0,4.95,1693333333.0,The Walt Disney Company,reports,Consumer Discretionary,Broadcasting & Cable TV,"Burbank, California",1976-06-30,1001039,United States
DISCA,2015-12-31,1270000000.0,-44000000,-114000000,19,-103000000,7021000000.0,25.0,390000000.0,0,5000000.0,2343000000.0,164.0,0,556000000,2039000000,1889000000,1559000000,-51000000,1000000,488000000.0,8164000000.0,63,4051000000.0,511000000,1730000000.0,330000000,0,-194000000.0,-14000000,7616000000.0,567000000.0,0,241000000,675000000,23000000,1277000000.0,-902000000.0,-301000000.0,1034000000,95000000,1034000000,1035000000,1547000000,50000000,1985000000,31,2319000000.0,659000000,190000000.0,-633000000,-13000000,-4000000,421000000.0,-1847000000,330000000,24,29,16,164.0,0,4517000000.0,-1535000000,1669000000,119000000.0,0.0,15864000000.0,2596000000.0,1579000000,5451000000.0,10413000000.0,15864000000.0,6394000000.0,-5461000000.0,2015.0,,,Discovery Communications-A,reports,Consumer Discretionary,Cable & Satellite,"Silver Spring, Maryland",2010-03-01,1437107,United States
DLPH,2015-12-31,3745000000.0,-207000000,-88000000,64,-704000000,1653000000.0,14.0,536000000.0,-38000000,3000000.0,12155000000.0,130.0,0,0,551000000,1635000000,1508000000,-45000000,16000000,3377000000.0,1539000000.0,20,3010000000.0,263000000,1383000000.0,127000000,1181000000,0.0,-58000000,3956000000.0,94000000.0,483000000,0,1497000000,-325000000,1703000000.0,-284000000.0,-1699000000.0,1450000000,-39000000,1450000000,1261000000,2750000000,177000000,1723000000,11,459000000.0,654000000,130000000.0,-1033000000,-59000000,-995000000,1357000000.0,-77000000,93000000,10,67,10,100.0,0,1627000000.0,-1159000000,1017000000,52000000.0,0.0,11973000000.0,5121000000.0,3927000000,2250000000.0,9723000000.0,11973000000.0,15165000000.0,0.0,2015.0,5.08,285433070.9,Delphi Automotive,reports,Consumer Discretionary,Auto Parts & Equipment,"Gillingham, Kent, United Kingdom",2012-12-24,1521332,United Kingdom
DLR,2015-12-31,735268000.0,-58531000,92075000,7,-99247000,4655220000.0,,75062000.0,0,1456000.0,651282000.0,,35204000,0,578064000,494134000,292699000,0,15491000,8664105000.0,330664000.0,63,1112054000.0,6451000,1424357000.0,201435000,0,-2626315000.0,36113000,4966357000.0,106107000.0,36370000,0,1390725000,22239000,799232000.0,1749029000.0,-2526022000.0,296689000,-78826000,217266000,296689000,580725000,0,401911000,23,54904000.0,0,0.0,-1446679000,-6352000,199540000,106909000.0,20821000,570527000,17,7,17,,0,0.0,919347000,139616000,1106231000.0,0.0,11451267000.0,0.0,0,4500132000.0,6951135000.0,11451267000.0,1763336000.0,0.0,2015.0,1.56,190185256.4,Digital Realty Trust,reports,Real Estate,Specialized REITs,"San Francisco, California",2016-05-18,1297996,United States
DLTR,2016-01-30,1264800000.0,0,-2100000,6,-480500000,2391200000.0,35.0,736100000.0,-87800000,2400000.0,10841700000.0,188.0,0,1586600000,552300000,1047600000,448200000,-900000,0,3137600000.0,5021700000.0,30,4656700000.0,165800000,3675200000.0,599400000,2885500000,29300000.0,11000000,7238400000.0,0.0,0,0,6203500000,-128000000,780900000.0,6070400000.0,-6978400000.0,282400000,86500000,282400000,282400000,0,0,1049700000,7,130800000.0,310300000,722600000.0,-43100000,0,-6527200000,573900000.0,-63500000,0,3,10,2,50.0,0,2056400000.0,13900000,3607000000,108000000.0,4000000.0,15901200000.0,3935900000.0,2095400000,4406900000.0,11494300000.0,15901200000.0,15498400000.0,0.0,2015.0,1.27,222362204.7,Dollar Tree,reports,Consumer Discretionary,General Merchandise Stores,"Chesapeake, Virginia",2011-12-19,935703,United States
DNB,2015-12-31,291400000.0,-24500000,-6000000,15,-12800000,292200000.0,38.0,365700000.0,0,800000.0,0.0,100.0,93800000,0,98500000,331000000,280000000,-31100000,2700000,27200000.0,704000000.0,100,1637100000.0,74200000,428800000.0,51000000,0,-21900000.0,4400000,1804100000.0,4200000.0,11500000,0,171300000,46300000,343200000.0,110700000.0,-376500000.0,168800000,68200000,168800000,204200000,549200000,32300000,337000000,21,56000000.0,44700000,647800000.0,-965500000,-600000,-341800000,615600000.0,17100000,58700000,17,25,10,100.0,0,2932800000.0,8400000,1209100000,20000000.0,0.0,2273600000.0,959600000.0,959200000,-1116800000.0,3390400000.0,2273600000.0,1637100000.0,-3377100000.0,2015.0,4.68,36068376.07,Dun & Bradstreet,reports,Industrials,Research & Consulting Services,"Short Hills, New Jersey",2008-12-02,1115222,United States
DOV,2015-12-31,1216060000.0,37916000,11524000,24,-154251000,928409000.0,26.0,362185000.0,63129000,256113000.0,4388167000.0,177.0,0,575709000,327089000,932286000,800610000,-26061000,0,854269000.0,3737389000.0,37,2568144000.0,204729000,1413223000.0,131676000,802895000,-17752000.0,-108335000,2603655000.0,0.0,0,0,-232748000,-319396000,949059000.0,-1091886000.0,-34578000.0,869829000,-233168000,869829000,595881000,1120490000,0,920762000,13,182185000.0,133440000,0.0,-254573000,0,137425000,414955000.0,-123331000,0,12,22,13,118.0,0,7686642000.0,-596140000,1647382000,151122000.0,0.0,8606076000.0,2419010000.0,1367182000,3644575000.0,4961501000.0,8606076000.0,6956311000.0,-4972016000.0,2015.0,5.52,157577717.4,Dover Corp.,reports,Industrials,Industrial Machinery,"Downers Grove, Illinois",1985-10-31,29905,United States
DPS,2015-12-31,304000000.0,-25000000,3000000,35,-179000000,211000000.0,58.0,911000000.0,-11000000,2000000.0,2559000000.0,115.0,64000000,1968000000,163000000,1301000000,1184000000,-9000000,0,1156000000.0,2988000000.0,59,3723000000.0,420000000,2663000000.0,117000000,209000000,-35000000.0,22000000,2875000000.0,31000000.0,0,0,745000000,683000000,991000000.0,-114000000.0,-194000000.0,764000000,70000000,764000000,764000000,628000000,0,1298000000,21,150000000.0,69000000,772000000.0,-195000000,-30000000,20000000,260000000.0,8000000,105000000,19,54,12,102.0,0,2165000000.0,-491000000,2320000000,507000000.0,0.0,8869000000.0,1817000000.0,1583000000,2183000000.0,6686000000.0,8869000000.0,6282000000.0,0.0,2015.0,4.0,191000000.0,Dr Pepper Snapple Group,reports,Consumer Staples,Soft Drinks,"Plano, Texas",2008-10-07,1418135,United States
DRI,2015-05-31,404000000.0,-7800000,0,30,-296500000,0.0,45.0,535900000.0,-64500000,1405900000.0,5341500000.0,88.0,0,567700000,327900000,175300000,175300000,0,0,3215800000.0,872400000.0,21,1422500000.0,-21100000,574600000.0,0,163900000,9700000.0,14900000,1452300000.0,0.0,0,0,-1181400000,437600000,874300000.0,-1784500000.0,-235100000.0,709500000,-250000000,709500000,196400000,235400000,62100000,367600000,5,275500000.0,121200000,777700000.0,-90600000,0,51700000,444500000.0,1680700000,319300000,3,8,10,75.0,0,1026000000.0,-342600000,673500000,15000000.0,0.0,5994700000.0,1056400000.0,1196700000,2333500000.0,3661200000.0,5994700000.0,6764000000.0,-7800000.0,2015.0,5.56,127607913.7,Darden Restaurants,reports,Consumer Discretionary,Restaurants,"Orlando, Florida",,940944,United States
DUK,2015-12-31,3178000000.0,359000000,349000000,7,-6766000000,37968000000.0,8.0,857000000.0,-237000000,1000000.0,13728000000.0,73.0,43000000,13177000000,3613000000,5750000000,4137000000,0,69000000,75709000000.0,16343000000.0,41,9731000000.0,1326000000,0.0,1613000000,3810000000,1374000000.0,-119000000,37495000000.0,6324000000.0,44000000,0,1171000000,-1179000000,6676000000.0,-2578000000.0,-5277000000.0,2816000000,539000000,2816000000,2811000000,2451000000,120000000,5367000000,23,14415000000.0,1204000000,2515000000.0,-806000000,-3000000,115000000,19313000000.0,-310000000,3144000000,18,10,12,40.0,0,2564000000.0,-1483000000,1135000000,5707000000.0,0.0,121000000000.0,8322000000.0,11400000000,39727000000.0,81429000000.0,121000000000.0,23459000000.0,0.0,2015.0,4.05,695308642.0,Duke Energy,reports,Utilities,Electric Utilities,"Charlotte, North Carolina",1976-06-30,1326160,United States
DVA,2015-12-31,1255876000.0,-170106000,-447559000,6,-707998000,1118326000.0,79.0,1499116000.0,-48313000,217000.0,9824834000.0,188.0,0,726962000,638024000,723136000,723136000,-2571000,18325000,2788740000.0,9294479000.0,29,3957003000.0,295726000,1687326000.0,0,185575000,-97032000.0,256947000,9001308000.0,167490000.0,213392000,864066000,619698000,533875000,1557200000.0,-138970000.0,-881784000.0,269732000,943290000,269732000,427410000,2220183000,219474000,1170695000,8,73560000.0,190322000,682123000.0,-59826000,0,-76754000,439229000.0,-490052000,638024000,5,15,2,180.0,0,4356835000.0,-535518000,1947135000,461139000.0,408084000.0,18514875000.0,4503280000.0,2399138000,4870780000.0,13644095000.0,18514875000.0,13781837000.0,-544772000.0,2015.0,1.27,212387401.6,DaVita Inc.,reports,Health Care,Health Care Facilities,"Denver, Colorado",2008-07-31,927066,United States
DVN,2015-12-31,906000000.0,0,-24000000,205,-6415000000,4996000000.0,70.0,2310000000.0,0,42000000.0,2104000000.0,122.0,0,888000000,3385000000,-20751000000,-21268000000,-77000000,0,19068000000.0,5032000000.0,84,11041000000.0,-6065000000,0.0,517000000,0,0.0,-6000000,12056000000.0,0.0,3940000000,0,1831000000,830000000,5373000000.0,1858000000.0,-6324000000.0,-14454000000,17223000000,-14454000000,-14454000000,1105000000,20898000000,-20727000000,158,1330000000.0,606000000,1413000000.0,230000000,-18000000,91000000,2223000000.0,-26000000,3129000000,162,302,110,122.0,0,1781000000.0,695000000,7741000000,976000000.0,0.0,29451000000.0,4021000000.0,3295000000,7049000000.0,22402000000.0,29451000000.0,13145000000.0,0.0,2015.0,-35.55,406582278.5,Devon Energy Corp.,reports,Energy,Oil & Gas Exploration & Production,"Oklahoma City, Oklahoma",,1090012,United States
EA,2015-03-31,862000000.0,-54000000,0,29,-95000000,2127000000.0,110.0,2068000000.0,19000000,3000000.0,1429000000.0,135.0,13000000,80000000,220000000,925000000,925000000,-56000000,0,459000000.0,1713000000.0,68,3086000000.0,50000000,111000000.0,0,36000000,-375000000.0,-222000000,31000000.0,0.0,0,0,0,286000000,1067000000.0,-255000000.0,-470000000.0,875000000,141000000,875000000,875000000,416000000,0,948000000,21,131000000.0,247000000,1283000000.0,2000000,0,0,253000000.0,88000000,14000000,20,30,19,134.0,1094000000,904000000.0,-277000000,1030000000,602000000.0,953000000.0,6147000000.0,3720000000.0,2747000000,3036000000.0,3111000000.0,6147000000.0,4515000000.0,0.0,2015.0,2.81,311387900.4,Electronic Arts,reports,Information Technology,Home Entertainment Software,"Redwood City, California",,712515,United States
EBAY,2015-12-31,2157000000.0,-105000000,0,26,-668000000,14538000000.0,271.0,1832000000.0,0,2000000.0,1771000000.0,349.0,0,2092000000,687000000,2406000000,2406000000,-364000000,0,1554000000.0,4451000000.0,79,6821000000.0,459000000,90000000.0,0,0,37000000.0,-1000000,6749000000.0,3391000000.0,0,0,-850000000,-4496000000,4033000000.0,-4554000000.0,-3611000000.0,1725000000,571000000,1725000000,1947000000,619000000,0,2197000000,26,365000000.0,1154000000,106000000.0,526000000,-1850000000,-2980000000,75000000.0,0,41000000,28,37,20,349.0,923000000,7713000000.0,-1928000000,3660000000,0.0,4299000000.0,17755000000.0,7904000000.0,2263000000,6576000000.0,11179000000.0,17755000000.0,8592000000.0,-16203000000.0,2015.0,1.43,1206293706.0,eBay Inc.,reports,Information Technology,Internet Software & Services,"San Jose, California",,1065088,United States
ECL,2015-12-31,1610800000.0,-24000000,0,15,-771000000,5086100000.0,2.0,92800000.0,-48600000,350300000.0,7223500000.0,93.0,0,0,859500000,1561300000,1317700000,-49900000,0,3228300000.0,6490800000.0,47,6321600000.0,300500000,4109200000.0,243600000,1388200000,108400000.0,62300000,4260200000.0,0.0,70500000,0,-123100000,-116800000,1999800000.0,-1150900000.0,-915800000.0,1002100000,202500000,1002100000,1002100000,2640200000,414800000,1561300000,12,365900000.0,326300000,948300000.0,-1423300000,-12900000,-253200000,2636700000.0,-69100000,0,10,19,7,64.0,0,6160300000.0,-672000000,4345500000,2205300000.0,0.0,18641700000.0,4447500000.0,4764400000,6909900000.0,11731800000.0,18641700000.0,13545100000.0,-3263500000.0,2015.0,3.38,296479289.9,Ecolab Inc.,reports,Materials,Specialty Chemicals,"St. Paul, Minnesota",1989-01-31,31462,United States
ED,2015-12-31,1303000000.0,69000000,24000000,9,0,0.0,20.0,944000000.0,22000000,0.0,7060000000.0,81.0,186000000,9775000000,1078000000,2451000000,1798000000,0,0,32209000000.0,429000000.0,44,5494000000.0,605000000,2000000.0,653000000,350000000,-3353000000.0,201000000,12006000000.0,884000000.0,9000000,0,1361000000,249000000,3277000000.0,629000000.0,-3657000000.0,1193000000,750000000,1193000000,1193000000,1882000000,0,2427000000,19,8096000000.0,660000000,1083000000.0,0,0,-304000000,6080000000.0,-36000000,1130000000,14,14,10,74.0,0,0.0,1000000,1937000000,2334000000.0,0.0,45642000000.0,3836000000.0,4720000000,13052000000.0,32590000000.0,45642000000.0,12554000000.0,0.0,2015.0,4.07,293120393.1,Consolidated Edison,reports,Utilities,Electric Utilities,"New York, New York",,1047862,United States
EFX,2015-12-31,292500000.0,-26900000,6500000,19,-146200000,1260500000.0,15.0,93300000.0,0,236600000.0,887400000.0,93.0,0,205500000,200000000,700400000,636600000,-17300000,0,366800000.0,2571000000.0,67,1776200000.0,201800000,922600000.0,63800000,0,-100000.0,123800000,1145900000.0,0.0,39500000,0,-331000000,-35000000,742100000.0,-612000000.0,-147800000.0,429100000,-5500000,429100000,434800000,349800000,0,693900000,26,87000000.0,118500000,262000000.0,-490700000,0,-1500000,203400000.0,15900000,198000000,24,28,16,93.0,0,3834400000.0,-161900000,884300000,49300000.0,0.0,4509000000.0,561600000.0,603800000,2310900000.0,2198100000.0,4509000000.0,2663600000.0,-2529900000.0,2015.0,3.61,118864265.9,Equifax Inc.,reports,Industrials,Research & Consulting Services,"Atlanta, Georgia",,33185,United States
EIX,2015-12-31,1382000000.0,49000000,115000000,10,-4225000000,0.0,3.0,161000000.0,14000000,2484000000.0,7256000000.0,54.0,0,10826000000,2005000000,2123000000,1568000000,0,0,35085000000.0,0.0,37,4268000000.0,486000000,0.0,555000000,267000000,374000000.0,8000000,10964000000.0,4618000000.0,2020000000,6000000,86000000,29000000,4509000000.0,-588000000.0,-3892000000.0,1117000000,-300000000,1020000000,1082000000,1336000000,5000000,2008000000,17,7953000000.0,890000000,2337000000.0,-56000000,-25000000,-41000000,10199000000.0,1616000000,1919000000,14,14,10,48.0,0,8940000000.0,11000000,336000000,1208000000.0,0.0,50310000000.0,2654000000.0,4927000000,11368000000.0,38942000000.0,50310000000.0,11524000000.0,0.0,2015.0,3.13,356869009.6,Edison Int'l,reports,Utilities,Electric Utilities,"Rosemead, California",,827052,United States
EL,2015-06-30,2100000000.0,103200000,14300000,30,-473000000,2871600000.0,72.0,1021400000.0,-26200000,5700000.0,2100600000.0,196.0,0,0,409300000,1620600000,1560600000,-40000000,0,1490200000.0,1144800000.0,81,8679800000.0,467200000,326600000.0,60000000,1215800000,-902200000.0,263400000,1595100000.0,420300000.0,11100000,0,299200000,-607700000,1943300000.0,-894800000.0,-1616200000.0,1088900000,92400000,1088900000,1088900000,1174500000,0,1606300000,15,661400000.0,268200000,0.0,-381500000,0,-241000000,847700000.0,7800000,0,14,43,10,139.0,0,7004100000.0,-881400000,7073500000,29800000.0,503700000.0,8226900000.0,4183600000.0,2129800000,3643200000.0,4572600000.0,8215800000.0,10780400000.0,-5856700000.0,2015.0,2.87,379407665.5,Estee Lauder Cos.,reports,Consumer Staples,Personal Products,"New York, New York",,1001250,United States
EMN,2015-12-31,1625000000.0,114000000,8000000,22,-652000000,1863000000.0,14.0,293000000.0,-26000000,2000000.0,7068000000.0,140.0,0,928000000,571000000,1392000000,1129000000,-8000000,0,5130000000.0,4518000000.0,27,2580000000.0,275000000,2650000000.0,263000000,1479000000,0.0,-361000000,6608000000.0,0.0,80000000,0,-505000000,79000000,1612000000.0,-832000000.0,-693000000.0,848000000,329000000,848000000,854000000,1038000000,183000000,1384000000,14,435000000.0,68000000,0.0,-390000000,0,-41000000,1998000000.0,131000000,0,12,29,9,68.0,251000000,5146000000.0,-83000000,762000000,431000000.0,0.0,15611000000.0,2878000000.0,2056000000,3941000000.0,11670000000.0,15611000000.0,9648000000.0,-2680000000.0,2015.0,5.71,148511383.5,Eastman Chemical,reports,Materials,Diversified Chemicals,"Kingsport, Tennessee",1994-01-01,915389,United States
EMR,2015-09-30,3682000000.0,-241000000,1039000000,34,-588000000,170000000.0,39.0,3054000000.0,11000000,477000000.0,9241000000.0,129.0,0,0,573000000,3982000000,3807000000,-267000000,0,7015000000.0,3847000000.0,43,7008000000.0,1267000000,938000000.0,175000000,1265000000,0.0,-271000000,4289000000.0,0.0,47000000,0,841000000,-95000000,2529000000.0,-2948000000.0,591000000.0,2733000000,-1085000000,2710000000,2540000000,2870000000,0,2943000000,18,239000000.0,2860000000,1566000000.0,-1617000000,-19000000,1179000000,1871000000.0,320000000,0,23,47,17,113.0,0,21308000000.0,-2501000000,4065000000,2552000000.0,0.0,22088000000.0,10049000000.0,7800000000,8081000000.0,14007000000.0,22088000000.0,16249000000.0,-12257000000.0,2015.0,4.01,681546134.7,Emerson Electric Company,reports,Industrials,Industrial Conglomerates,"Ferguson, Missouri",1965-03-31,32604,United States
EOG,2015-12-31,1657117000.0,641412000,1916000,35,-5013163000,2923461000.0,39.0,718506000.0,58450000,205502000.0,2177757000.0,142.0,0,4587902000,3313644000,-6684163000,-6921556000,-14537000,0,24210721000.0,0.0,75,6579671000.0,-2397041000,0.0,237393000,598935000,0.0,-1463656000,6653685000.0,0.0,0,0,737836000,-1368707000,3595165000.0,370921000.0,-5320256000.0,-4524515000,4951920000,-4524515000,-4524515000,1119126000,6777786000,-6686079000,76,172279000.0,155677000,155591000.0,-33338000,26191000,-307093000,971335000.0,617910000,3313644000,79,53,52,110.0,0,9870816000.0,-26101000,3174320000,6579000.0,0.0,26975244000.0,2592244000.0,1819287000,12943035000.0,14032209000.0,26975244000.0,8757428000.0,-23406000.0,2015.0,-8.29,545779855.2,EOG Resources,reports,Energy,Oil & Gas Exploration & Production,"Houston, Texas",,821189,United States
EQIX,2015-12-31,504055000.0,-44583000,-57289000,7,-906402000,4838444000.0,164.0,2708255000.0,0,62000.0,1291506000.0,197.0,0,0,541630000,510053000,210998000,-15127000,0,5606436000.0,1063200000.0,53,1434361000.0,23224000,224565000.0,299055000,0,514108000.0,126114000,5564542000.0,4584000.0,0,0,1553175000,1617921000,894793000.0,1873182000.0,-1134927000.0,187774000,154229000,187774000,187485000,291964000,41723000,567342000,21,198630000.0,246186000,195821000.0,-509059000,0,-742633000,390413000.0,-70371000,0,8,8,7,197.0,0,-1576688000.0,859536000,825296000,956478000.0,12875000.0,10356695000.0,3259280000.0,1656354000,2745386000.0,7611309000.0,10356695000.0,2725867000.0,-7373000.0,2015.0,3.25,57776615.38,Equinix,reports,Real Estate,REITs,"Redwood City, California",2015-03-20,1101239,United States
EQR,2015-12-31,481723000.0,0,339563000,8,-1171337000,8572365000.0,,98169000.0,0,3648000.0,905168000.0,,54004000,0,788661000,1348383000,893513000,0,15025000,20276946000.0,0.0,67,1839797000.0,917000,0.0,454870000,0,-11882000.0,6283000,10581222000.0,2249236000.0,225987000,566783000,102120000,2196000,1356499000.0,-675832000.0,-678471000.0,870120000,-305073000,863277000,907621000,0,0,1008820000,37,422027000.0,0,0.0,-152016000,-49000,504748000,366387000.0,-41390000,765895000,33,9,32,,0,2009091000.0,47630000,65082000,464858000.0,56946000.0,23157328000.0,0.0,0,10470368000.0,12686960000.0,23157328000.0,2744965000.0,0.0,2015.0,2.37,367139240.5,Equity Residential,reports,Real Estate,REITs,"Chicago, Illinois",,906107,United States
EQT,2015-12-31,291550000.0,131031000,395715000,2,-2434018000,0.0,201.0,1601232000.0,0,2153280000.0,523043000.0,283.0,0,1972170000,819216000,573092000,426561000,0,0,11472021000.0,0.0,73,1430957000.0,104675000,0.0,146531000,0,0.0,-37623000,2793343000.0,77025000.0,2950251000,0,129996000,523803000,1216940000.0,1832470000.0,-2525607000.0,85171000,33222000,85171000,321886000,176957000,184439000,177377000,9,176107000.0,472830000,181835000.0,46378000,-10048000,-91589000,386798000.0,-50792000,819216000,22,8,4,283.0,0,2982212000.0,1852591000,249925000,322434000.0,0.0,13976172000.0,2251019000.0,795819000,5077791000.0,8898381000.0,13976172000.0,1954000000.0,-104079000.0,2015.0,0.56,152091071.4,EQT Corporation,reports,Energy,Oil & Gas Exploration & Production,"Pittsburgh, Pennsylvania",2008-12-19,33213,United States
ES,2015-12-31,813646000.0,-39797000,34227000,8,-1724139000,6262368000.0,1.0,23947000.0,34112000,1669313000.0,4416194000.0,88.0,0,5484780000,688195000,1798391000,1425971000,0,0,19892441000.0,3519401000.0,44,3538633000.0,539967000,0.0,372420000,336476000,82051000.0,-61336000,8805574000.0,516478000.0,0,155568000,766178000,-14756000,1424025000.0,220369000.0,-1659150000.0,878485000,-127184000,878485000,878485000,1283486000,0,1764164000,22,4033203000.0,974877000,786308000.0,-66844000,-8499000,-17062000,2792382000.0,44031000,688195000,18,14,11,76.0,0,2797355000.0,0,1086274000,1389836000.0,0.0,30580309000.0,2618786000.0,2989790000,10352215000.0,20228094000.0,30580309000.0,7954827000.0,-309977000.0,2015.0,2.77,317142599.3,Eversource Energy,reports,Utilities,MultiUtilities,"Springfield, Massachusetts",,72741,United States
ESS,2015-12-31,231681000.0,0,100031000,4,-830249000,7003317000.0,,123055000.0,0,6000.0,363508000.0,,0,0,421673000,437319000,232492000,0,21861000,10650782000.0,0.0,70,830899000.0,0,0.0,204827000,0,-115402000.0,-7746000,2256030000.0,1173532000.0,99290000,45452000,148504000,4073000,617410000.0,108214000.0,-725556000.0,232120000,-45023000,226865000,248239000,19285000,6212000,331174000,28,38437000.0,0,0.0,-42011000,-8034000,220095000,34518000.0,267000,453423000,19,4,19,,0,-797329000.0,356056000,40090000,3100387000.0,0.0,12005091000.0,0.0,0,6237733000.0,5767358000.0,12005091000.0,1194407000.0,0.0,2015.0,3.5,66320000.0,"Essex Property Trust, Inc.",reports,Real Estate,Residential REITs,"Palo Alto, California",2014-04-02,920522,United States
ETFC,2015-12-31,16658000000.0,641000000,-112000000,5,-70000000,7356000000.0,,3290000000.0,0,3000000.0,0.0,,1033000000,0,325000000,285000000,91000000,0,7000000,236000000.0,1792000000.0,100,1403000000.0,-177000000,174000000.0,194000000,0,-29000000.0,-58000000,0.0,25602000000.0,0,0,-4850000000,450000000,832000000.0,-384000000.0,2000000.0,268000000,180000000,268000000,163000000,12531000000,140000000,196000000,14,769000000.0,0,29445000000.0,-99000000,4547000000,28000000,575000000.0,-524000000,61000000,6,2,19,,0,-1461000000.0,-81000000,1048000000,491000000.0,0.0,45427000000.0,0.0,0,5799000000.0,39628000000.0,45427000000.0,1403000000.0,0.0,2015.0,0.92,291304347.8,E*Trade,reports,Financials,Investment Banking & Brokerage,"New York, New York",2004-03-31,1015780,United States
ETN,2015-12-31,2124000000.0,5000000,35000000,13,-506000000,11701000000.0,10.0,268000000.0,-20000000,5000000.0,14292000000.0,143.0,362000000,390000000,925000000,2377000000,2145000000,-42000000,0,3565000000.0,13479000000.0,31,6563000000.0,164000000,6014000000.0,232000000,2323000000,37000000.0,-233000000,7781000000.0,0.0,45000000,0,-602000000,-513000000,2371000000.0,-2267000000.0,-575000000.0,1979000000,-139000000,1979000000,1979000000,3479000000,0,2342000000,11,995000000.0,369000000,1833000000.0,-3866000000,-10000000,-106000000,3004000000.0,-148000000,0,10,14,9,93.0,625000000,7346000000.0,-630000000,3596000000,668000000.0,177000000.0,31031000000.0,6616000000.0,4625000000,15186000000.0,15800000000.0,30986000000.0,20855000000.0,0.0,2015.0,4.25,465647058.8,Eaton Corporation,reports,Industrials,Industrial Conglomerates,"Dublin, Ireland",,1551182,Ireland
ETR,2015-12-31,1538953000.0,26707000,323637000,2,-2500860000,5403758000.0,44.0,1350961000.0,-12376000,2548000.0,7449273000.0,132.0,293805000,8541165000,2117236000,-129565000,-799661000,0,0,28044360000.0,377172000.0,35,4063978000.0,-642927000,0.0,670096000,1091167000,-58211000.0,-520388000,13138557000.0,5822998000.0,0,318185000,-63376000,-71065000,3291184000.0,-753467000.0,-2608782000.0,-156734000,1130519000,-176562000,-156734000,1068900000,2104906000,-299165000,3,6041934000.0,556384000,839574000.0,8951000,-9136000,-74110000,10303025000.0,706220000,1337276000,7,9,1,96.0,0,9393913000.0,-62300000,1074998000,711431000.0,0.0,44647681000.0,4067412000.0,3089958000,9256791000.0,35390890000.0,44647681000.0,11513251000.0,-5552379000.0,2015.0,-0.99,158317171.7,Entergy Corp.,reports,Utilities,Electric Utilities,"New Orleans, Louisiana",,65984,United States
EW,2015-12-31,476200000.0,-38300000,3900000,20,-102700000,946800000.0,257.0,718400000.0,-67700000,239100000.0,617200000.0,430.0,180500000,0,65800000,639600000,622400000,-10400000,0,482500000.0,628300000.0,75,1876500000.0,127500000,205400000.0,17200000,339900000,119600000.0,163900000,599900000.0,383500000.0,0,0,1900000,64600000,549700000.0,-158600000.0,-316100000.0,494900000,-75400000,494900000,494900000,344100000,7000000,635700000,25,131200000.0,139200000,0.0,-182600000,-8900000,-333000000,480100000.0,6500000,0,25,25,20,359.0,383100000,3336800000.0,-192900000,850700000,0.0,506300000.0,4059300000.0,2047900000.0,476200000,2503100000.0,1556200000.0,4059300000.0,2493700000.0,-1837000000.0,2015.0,2.3,215173913.0,Edwards Lifesciences,reports,Health Care,Health Care Equipment,"Irvine, California",2011-04-01,1099800,United States
EXC,2015-12-31,5267000000.0,298000000,-28000000,9,-7624000000,0.0,74.0,6707000000.0,4000000,18676000000.0,21406000000.0,168.0,206000000,14150000000,3987000000,4363000000,3330000000,0,-7000000,57439000000.0,2672000000.0,27,8041000000.0,1073000000,0.0,1033000000,1566000000,-260000000.0,-623000000,24286000000.0,11739000000.0,1308000000,28000000,4102000000,4624000000,7616000000.0,4830000000.0,-7822000000.0,2269000000,1643000000,2269000000,2269000000,4099000000,0,4409000000,15,7994000000.0,2962000000,1613000000.0,-2624000000,-99000000,94000000,20508000000.0,57000000,2450000000,11,13,8,151.0,0,12068000000.0,1900000000,1200000000,2238000000.0,0.0,95384000000.0,15334000000.0,9118000000,25986000000.0,69398000000.0,95384000000.0,29447000000.0,-2327000000.0,2015.0,,,Exelon Corp.,reports,Utilities,MultiUtilities,"Chicago, Illinois",,1109357,United States
EXPD,2015-12-31,861373000.0,62619000,15205000,27,-44383000,31000.0,94.0,807796000.0,0,1821000.0,4428855000.0,231.0,0,26389000,46012000,736689000,736689000,-41625000,0,524724000.0,7927000.0,33,2187777000.0,277192000,0.0,0,0,40294000.0,-65782000,0.0,0.0,2683000,0,0,-119311000,564712000.0,-634972000.0,-7426000.0,457223000,61713000,457223000,457223000,1129121000,0,721484000,11,56417000.0,56413000,0.0,-81238000,0,-3337000,0.0,653000,46012000,11,44,7,231.0,0,1771379000.0,-499027000,1420281000,0.0,40000.0,2582438000.0,1993370000.0,861373000,1691993000.0,890445000.0,2582438000.0,6616632000.0,0.0,2015.0,2.42,188935124.0,Expeditors Int'l,reports,Industrials,Air Freight & Logistics,"Seattle, Washington",2007-10-10,746515,United States
EXPE,2015-12-31,3353171000.0,-198262000,638591000,16,-787041000,8696508000.0,29.0,1687623000.0,0,23000.0,1309559000.0,50.0,15458000,473841000,671206000,1052157000,925962000,-127385000,0,1064259000.0,7992941000.0,80,5362758000.0,203214000,2793954000.0,126195000,0,-56180000.0,325589000,3183140000.0,642802000.0,65373000,658478000,1441860000,273599000,1368045000.0,1404199000.0,-2371260000.0,764465000,-550471000,764465000,764465000,1096211000,7491000,413566000,6,0.0,158688000,2572846000.0,-284894000,-79734000,-1528039000,314432000.0,397235000,156458000,14,19,11,50.0,0,507666000.0,59745000,4785243000,0.0,33739000.0,15485675000.0,2976261000.0,5926017000,4864394000.0,10621281000.0,15485675000.0,6672317000.0,-4054909000.0,2015.0,5.87,130232538.3,Expedia Inc.,reports,Consumer Discretionary,Internet & Direct Marketing Retail,"Bellevue, Washington",2007-10-02,1324424,United States
EXR,2015-12-31,199884000.0,-1436000,9812000,19,-384208000,2431754000.0,,106537000.0,0,1241000.0,203965000.0,,0,0,141236000,304468000,205476000,0,15208000,5689309000.0,0.0,74,578305000.0,11148000,0.0,98992000,0,-1242256000.0,12036000,3382430000.0,103007000.0,283527000,0,1131857000,28136000,367329000.0,1286471000.0,-1625664000.0,394950000,7129000,189474000,394950000,2205000,69401000,294656000,38,170349000.0,0,0.0,-6352000,0,800000,80489000.0,-1172000,133457000,26,10,50,,0,-337566000.0,448419000,80791000,36000000.0,0.0,6071407000.0,0.0,0,2089077000.0,3982330000.0,6071407000.0,782270000.0,0.0,2015.0,1.58,249968354.4,Extra Space Storage,reports,Real Estate,Specialized REITs,"Salt Lake City, UT",2016-01-19,1289490,United States
F,2015-12-31,20272000000.0,-3563000000,1560000000,26,-7196000000,21421000000.0,43.0,14272000000.0,-1155000000,41000000.0,131000000000.0,125.0,11509000000,502000000,7966000000,11025000000,10252000000,-815000000,1818000000,57256000000.0,0.0,12,18149000000.0,2881000000,0.0,773000000,8319000000,37751000000.0,7758000000,89879000000.0,48778000000.0,15000000,94000000,17148000000,3515000000,16170000000.0,14322000000.0,-26162000000.0,7373000000,-1506000000,7373000000,9191000000,56179000000,0,7647000000,5,4795000000.0,2913000000,19089000000.0,-6257000000,-317000000,-56717000000,23457000000.0,-701000000,0,7,36,5,114.0,0,14414000000.0,-129000000,10502000000,42975000000.0,20904000000.0,225000000000.0,103000000000.0,82336000000,28642000000.0,196000000000.0,225000000000.0,150000000000.0,-977000000.0,2015.0,1.86,3963978495.0,Ford Motor,reports,Consumer Discretionary,Automobile Manufacturers,"Dearborn, Michigan",,37996,United States
FAST,2015-12-31,311116000.0,-20608000,1784000,29,-155168000,2024000.0,35.0,129019000.0,-47830000,2896000.0,1920253000.0,446.0,0,55057000,86598000,829128000,826020000,-14227000,0,818889000.0,0.0,50,1948934000.0,309659000,0.0,3108000,913263000,0.0,5148000,302950000.0,0.0,0,0,260000000,14523000,546940000.0,-337563000.0,-180627000.0,516361000,18099000,516361000,516361000,468375000,0,828755000,21,48797000.0,154119000,0.0,-46403000,0,-25459000,0.0,-10828000,0,21,46,13,201.0,0,1842772000.0,-273852000,1121590000,62050000.0,0.0,2532462000.0,1664776000.0,373166000,1801289000.0,731173000.0,2532462000.0,3869187000.0,0.0,2015.0,1.77,291729378.5,Fastenal Co,reports,Industrials,Building Products,"Winona, Minnesota",2009-09-15,815556,United States
FB,2015-12-31,1645000000.0,-973000000,0,8,-2523000000,34886000000.0,958.0,4907000000.0,0,0.0,2867000000.0,1125.0,0,0,1945000000,6194000000,6194000000,-155000000,0,5687000000.0,18026000000.0,84,15061000000.0,2506000000,3246000000.0,0,0,-6700000000.0,1904000000,107000000.0,0.0,0,0,-119000000,592000000,10320000000.0,-139000000.0,-9434000000.0,3669000000,3903000000,3669000000,3669000000,2559000000,0,6225000000,35,796000000.0,659000000,56000000.0,-455000000,-20000000,-211000000,3157000000.0,-147000000,0,35,14,20,1125.0,4816000000,9787000000.0,0,4020000000,224000000.0,13527000000.0,49407000000.0,21652000000.0,1925000000,44218000000.0,5189000000.0,49407000000.0,17928000000.0,0.0,2015.0,1.31,2800763359.0,Facebook,reports,Information Technology,Internet Software & Services,"Menlo Park, California",2013-12-23,1326801,United States
FBHS,2015-12-31,344200000.0,-6900000,-4300000,13,-128500000,2602200000.0,31.0,238500000.0,-69800000,1700000.0,2997500000.0,187.0,0,201700000,115700000,491800000,459900000,-14800000,0,627900000.0,1755300000.0,35,1581900000.0,153400000,996700000.0,31900000,555600000,0.0,41200000,1171600000.0,0.0,2900000,0,499700000,46600000,411100000.0,416900000.0,-766600000.0,315000000,39800000,315000000,306500000,502600000,16600000,496100000,11,80000000.0,122000000,412900000.0,-52500000,-1200000,-638100000,293600000.0,-24400000,21600000,10,19,7,114.0,0,501600000.0,-22800000,1047600000,800000.0,0.0,4878600000.0,1418700000.0,757900000,2450900000.0,2427700000.0,4878600000.0,4579400000.0,-602100000.0,2015.0,1.97,159898477.2,Fortune Brands Home & Security,reports,Industrials,Building Products,"Deerfield, Illinois",2016-06-22,1519751,United States
FCX,2015-12-31,3386000000.0,813000000,45000000,155,-6353000000,24283000000.0,5.0,224000000.0,379000000,137000000.0,28524000000.0,173.0,0,4288000000,3706000000,-13337000000,-13982000000,0,-3000000,36873000000.0,0.0,80,-12647000000.0,-1935000000,0.0,645000000,4788000000,0.0,-916000000,19779000000.0,0.0,4216000000,764000000,1595000000,-240000000,3220000000.0,2786000000.0,-6246000000.0,-12156000000,11230000000,-12236000000,-12156000000,2277000000,78000000,-13382000000,84,2242000000.0,173000000,272000000.0,-503000000,0,107000000,5395000000.0,97000000,0,88,179,77,62.0,127000000,-12387000000.0,1936000000,569000000,649000000.0,0.0,46577000000.0,7462000000.0,4307000000,7828000000.0,38749000000.0,46577000000.0,15877000000.0,-3702000000.0,2015.0,-11.31,1074801061.0,Freeport-McMoran Cp & Gld,reports,Materials,Copper,"Phoenix, Arizona",,831259,United States
FDX,2015-05-31,5937000000.0,-392000000,-5000000,7,-4347000000,2786000000.0,63.0,3763000000.0,0,32000000.0,16984000000.0,174.0,0,2102000000,2611000000,1862000000,1627000000,-108000000,0,20875000000.0,3810000000.0,64,30469000000.0,577000000,0.0,235000000,498000000,0.0,-33000000,7249000000.0,0.0,0,0,2486000000,855000000,5366000000.0,1349000000.0,-5752000000.0,1050000000,2142000000,1050000000,1050000000,5719000000,276000000,1867000000,4,1511000000.0,355000000,0.0,172000000,-27000000,-1405000000,6231000000.0,-12000000,2611000000,3,11,2,165.0,0,16900000000.0,-934000000,25715000000,19000000.0,0.0,36531000000.0,10335000000.0,5956000000,14993000000.0,21538000000.0,36531000000.0,47453000000.0,-4897000000.0,2015.0,3.7,283783783.8,FedEx Corporation,reports,Industrials,Air Freight & Logistics,"Memphis, Tennessee",1980-12-31,1048911,United States
FE,2015-12-31,1928000000.0,184000000,-22000000,5,-2704000000,9952000000.0,2.0,131000000.0,-15000000,42000000.0,6173000000.0,54.0,1379000000,7564000000,1836000000,1908000000,893000000,0,-362000000,37214000000.0,6418000000.0,59,8853000000.0,315000000,0.0,1015000000,785000000,-107000000.0,-140000000,19389000000.0,2788000000.0,1000000,0,341000000,46000000,3447000000.0,-279000000.0,-3122000000.0,578000000,640000000,578000000,578000000,1595000000,42000000,2292000000,15,1348000000.0,529000000,694000000.0,171000000,-13000000,-311000000,7210000000.0,364000000,1550000000,6,7,4,40.0,0,2256000000.0,0,4969000000,2980000000.0,0.0,52187000000.0,3040000000.0,5602000000,12421000000.0,39766000000.0,52187000000.0,15026000000.0,0.0,2015.0,1.37,421897810.2,FirstEnergy Corp,reports,Utilities,Electric Utilities,"Akron, Ohio",,1031296,United States
FFIV,2015-09-30,181215000.0,-38680000,8445000,28,-60307000,0.0,103.0,390460000.0,-9246000,10159000.0,332261000.0,157.0,6492000,210303000,52583000,561344000,561344000,-7982000,0,95909000.0,555965000.0,83,1587562000.0,196330000,0.0,0,33717000,56744000.0,186082000,0.0,397656000.0,0,0,0,116940000,684541000.0,-556902000.0,-10699000.0,365014000,134752000,365014000,365014000,329562000,0,552899000,29,68128000.0,50519000,573908000.0,-15288000,0,-7136000,30136000.0,-5964000,0,29,43,19,153.0,296583000,1321857000.0,-566419000,738080000,0.0,383882000.0,2312290000.0,1188140000.0,755123000,1316728000.0,995562000.0,2312290000.0,1919823000.0,0.0,2015.0,5.07,71994871.79,F5 Networks,reports,Information Technology,Networking Equipment,"Seattle, Washington",2010-12-20,1048695,United States
FIS,2015-12-31,1195600000.0,-102800000,136800000,7,-133300000,10209700000.0,29.0,687600000.0,0,4300000.0,4393200000.0,149.0,253000000,2688800000,680300000,1236000000,1036900000,-58800000,0,610700000.0,14744700000.0,33,2202000000.0,378800000,6742800000.0,199100000,0,0.0,91100000,11497800000.0,0.0,85800000,0,1655800000,194800000,1136900000.0,1014700000.0,-1898000000.0,650800000,-28300000,631500000,658100000,2190000000,0,1099200000,17,406200000.0,633800000,615300000.0,-279400000,-40900000,-1764700000,311500000.0,-154200000,0,16,11,10,149.0,0,3072900000.0,-263300000,1102800000,553000000.0,0.0,26268800000.0,3511400000.0,2363900000,9321000000.0,16947800000.0,26268800000.0,6595200000.0,-3686500000.0,2015.0,2.22,293153153.2,Fidelity National Information Services,reports,Information Technology,Internet Software & Services,"Jacksonville, Florida",,1136893,United States
FISV,2015-12-31,1024000000.0,-2000000,-85000000,27,-359000000,952000000.0,18.0,275000000.0,0,4000000.0,2909000000.0,100.0,0,726000000,417000000,1226000000,1057000000,0,32000000,396000000.0,5200000000.0,45,2345000000.0,377000000,1872000000.0,169000000,0,1000000.0,144000000,4288000000.0,0.0,0,0,414000000,-19000000,1346000000.0,-1005000000.0,-360000000.0,712000000,136000000,712000000,712000000,802000000,0,1311000000,25,366000000.0,429000000,473000000.0,-74000000,-6000000,-2000000,164000000.0,-61000000,0,20,40,14,100.0,0,8064000000.0,-1451000000,1034000000,5000000.0,0.0,9340000000.0,1506000000.0,1502000000,2660000000.0,6680000000.0,9340000000.0,5254000000.0,-6286000000.0,2015.0,3.04,234210526.3,Fiserv Inc,reports,Information Technology,Internet Software & Services,"Brookfield, Wisconsin",,798354,United States
FL,2016-01-30,699000000.0,0,4000000,21,-228000000,0.0,146.0,1021000000.0,-49000000,0.0,4907000000.0,372.0,234000000,0,148000000,841000000,837000000,-5000000,0,661000000.0,156000000.0,34,2505000000.0,296000000,45000000.0,4000000,1285000000,0.0,-17000000,129000000.0,0.0,0,0,-2000000,54000000,745000000.0,-456000000.0,-230000000.0,541000000,-18000000,541000000,541000000,0,105000000,837000000,11,73000000.0,300000000,0.0,0,0,-2000000,393000000.0,140000000,148000000,11,33,7,189.0,0,0.0,-350000000,1415000000,1000000.0,0.0,3775000000.0,2606000000.0,700000000,2553000000.0,1222000000.0,3775000000.0,7412000000.0,0.0,2015.0,3.89,139074550.1,Foot Locker Inc,reports,Consumer Discretionary,Apparel Retail,"New York, New York",2016-04-04,850209,United States
FLIR,2015-12-31,282731000.0,28258000,13768000,15,-68234000,0.0,81.0,472785000.0,-74816000,1374000.0,803506000.0,220.0,55429000,3623000,49534000,319532000,305446000,-33020000,0,272629000.0,596316000.0,48,753561000.0,63760000,141302000.0,14086000,393092000,0.0,16460000,93750000.0,0.0,0,0,-15000000,-58589000,275814000.0,-166538000.0,-134845000.0,241686000,17167000,241686000,241686000,326098000,1361000,305764000,20,53210000.0,95539000,37920000.0,-125126000,-24000,-66611000,74167000.0,-2475000,0,20,19,16,153.0,132892000,1773267000.0,-98358000,313544000,264694000.0,0.0,2406400000.0,1287514000.0,585345000,1649515000.0,756885000.0,2406400000.0,1557067000.0,0.0,2015.0,1.73,139702890.2,FLIR Systems,reports,Information Technology,Electronic Equipment & Instruments,"Wilsonville, Oregon",2009-01-02,354908,United States
FLR,2015-12-31,2935352000.0,0,84851000,14,-240220000,0.0,73.0,1949886000.0,0,1390000.0,17019352000.0,174.0,755557000,0,250791000,771322000,726552000,-97634000,0,892340000.0,111646000.0,6,1094696000.0,245888000,0.0,44770000,1376471000,-65719000.0,0,986564000.0,558564000.0,116152000,0,-28425000,-43239000,849132000.0,-728230000.0,-66507000.0,412512000,135634000,412512000,480664000,1203024000,0,686471000,4,201899000.0,378927000,0.0,-432775000,-12991000,239432000,589991000.0,303896000,0,4,24,2,127.0,0,3428732000.0,-502624000,408225000,0.0,197092000.0,7625406000.0,5105400000.0,2935352000,2997347000.0,4628059000.0,7625406000.0,18114048000.0,0.0,2015.0,2.85,144741052.6,Fluor Corp.,reports,Industrials,Diversified Commercial Services,"Irving, Texas",1980-03-31,1124198,United States
FLS,2015-12-31,1288142000.0,50441000,-38102000,16,-181861000,494961000.0,27.0,366444000.0,-26232000,220991000.0,3073712000.0,184.0,69327000,0,127087000,487466000,422196000,-37025000,9861000,758427000.0,1223986000.0,33,1487318000.0,148922000,228777000.0,65270000,995565000,0.0,-101670000,1560562000.0,0.0,17256000,0,455809000,-83906000,418102000.0,60312000.0,-525295000.0,267669000,100891000,267669000,277530000,988391000,0,525568000,12,224330000.0,125410000,0.0,-529810000,99000,-343434000,387786000.0,-5689000,0,9,25,6,110.0,0,3587120000.0,-303651000,971611000,60434000.0,0.0,4980657000.0,2475810000.0,1348576000,1666477000.0,3314180000.0,4980657000.0,4561030000.0,-2106785000.0,2015.0,2.01,133168656.7,Flowserve Corporation,reports,Industrials,Industrial Machinery,"Irving, Texas",2008-10-02,30625,United States
FMC,2015-12-31,1273500000.0,140900000,1300000,26,-108500000,417700000.0,5.0,78600000.0,78300000,18600000.0,2201100000.0,204.0,286900000,173200000,115700000,-49100000,-130500000,-5300000,-200000,1016400000.0,776100000.0,33,1075400000.0,47400000,837000000.0,81400000,800200000,66400000.0,-585500000,2036300000.0,2500000.0,42600000,0,66100000,-30900000,-277100000.0,-16700000.0,-1285500000.0,489000000,-381300000,489000000,-177900000,1851400000,244000000,-50200000,2,435100000.0,241700000,67200000.0,-457300000,0,-1243400000,754800000.0,1410000000,0,4,7,15,149.0,143700000,3385000000.0,2200000,737900000,112600000.0,0.0,6325900000.0,2971900000.0,1453300000,1865700000.0,4460200000.0,6325900000.0,3276500000.0,-1498300000.0,2015.0,3.66,133606557.4,FMC Corporation,reports,Materials,Diversified Chemicals,"Philadelphia, Pennsylvania",2009-08-19,37785,United States
FRT,2015-12-31,212870000.0,-9200000,9407000,13,-436846000,2381867000.0,,21046000.0,0,696000.0,233417000.0,,0,0,174796000,300303000,207750000,0,1416000,4490365000.0,0.0,69,510595000.0,0,0.0,92553000,0,8043000.0,-9995000,2627216000.0,41546000.0,118182000,137316000,109108000,-26905000,359835000.0,-32977000.0,-353763000.0,210219000,-10497000,209678000,210219000,152020000,0,300154000,40,191582000.0,0,0.0,-4110000,0,75040000,121787000.0,-3693000,174796000,28,12,28,,0,-724701000.0,110855000,35645000,15439000.0,0.0,4896559000.0,0.0,0,1663749000.0,3232810000.0,4896559000.0,744012000.0,0.0,2015.0,3.04,69150986.84,Federal Realty Investment Trust,reports,Real Estate,Retail REITs,"Rockville, Maryland",2016-02-01,34903,United States
FSLR,2015-12-31,836392000.0,-340292000,10146000,10,-166438000,2742795000.0,190.0,1126826000.0,113537000,102000.0,2659728000.0,348.0,357693000,0,257825000,526810000,519835000,-19272000,20430000,1391895000.0,84985000.0,26,919267000.0,-6156000,110002000.0,6975000,380424000,11088000.0,-34060000,251325000.0,417692000.0,0,0,139965000,-355228000,-360919000.0,137103000.0,-112140000.0,546421000,298000,546421000,546421000,561076000,16818000,516664000,14,1608478000.0,573806000,86318000.0,15480000,-20569000,43210000,555719000.0,-904648000,0,15,9,15,309.0,130593000,2790110000.0,0,255192000,38090000.0,703454000.0,7316331000.0,3345586000.0,960800000,5548487000.0,1767844000.0,7316331000.0,3578995000.0,0.0,2015.0,5.42,100815682.7,First Solar Inc,reports,Information Technology,Semiconductors,"Tempe, Arizona",2009-10-16,1274494,United States
FTR,2015-12-31,1150000000.0,62000000,7000000,3,-863000000,6034000000.0,496.0,9380000000.0,0,298000000.0,0.0,535.0,0,2666000000,1511000000,752000000,-361000000,0,0,8493000000.0,7166000000.0,100,5576000000.0,-165000000,1143000000.0,1113000000,0,-8444000000.0,102000000,15508000000.0,0.0,0,0,6305000000,254000000,1301000000.0,8275000000.0,-9322000000.0,-196000000,-130000000,-316000000,-196000000,651000000,236000000,745000000,13,151000000.0,100000000,359000000.0,-353000000,0,-15000000,1403000000.0,-48000000,1320000000,6,6,4,535.0,0,-87000000.0,2665000000,3275000000,384000000.0,0.0,27084000000.0,10131000000.0,1893000000,5614000000.0,21470000000.0,27084000000.0,5576000000.0,-278000000.0,2015.0,-0.29,675862069.0,Frontier Communications,reports,Telecommunications Services,Integrated Telecommunications Services,"Stamford, Connecticut",,20520,United States
GD,2015-12-31,7638000000.0,604000000,7000000,28,-569000000,2730000000.0,22.0,2785000000.0,-156000000,482000000.0,25339000000.0,117.0,0,0,482000000,4102000000,4102000000,0,0,3466000000.0,11443000000.0,19,6130000000.0,1137000000,763000000.0,0,3366000000,500000000.0,-1897000000,2898000000.0,0.0,0,0,-500000000,-1603000000,2607000000.0,-4367000000.0,200000000.0,2965000000,277000000,2965000000,2965000000,7803000000,0,4178000000,13,1754000000.0,617000000,4306000000.0,-3286000000,-29000000,269000000,5916000000.0,289000000,0,13,38,9,90.0,0,23204000000.0,-2965000000,1952000000,501000000.0,0.0,31997000000.0,14571000000.0,12445000000,10738000000.0,21259000000.0,31997000000.0,31469000000.0,-12392000000.0,2015.0,9.23,321235102.9,General Dynamics,reports,Industrials,Aerospace & Defense,"Falls Church, Virginia",,40533,United States
GILD,2015-12-31,8468000000.0,-1397000000,154000000,98,-747000000,444000000.0,148.0,12851000000.0,-855000000,1000000.0,4006000000.0,250.0,324000000,0,1098000000,22347000000,21659000000,-67000000,0,2276000000.0,1172000000.0,88,28633000000.0,3553000000,10247000000.0,688000000,1955000000,-11728000000.0,3501000000,21195000000.0,11601000000.0,579000000,2000000,9689000000,2824000000,20329000000.0,-4963000000.0,-12475000000.0,18108000000,-34000000,18108000000,18108000000,6682000000,0,22193000000,68,1456000000.0,1519000000,440000000.0,88000000,-3868000000,0,1638000000.0,-90000000,0,66,117,55,231.0,3014000000,18001000000.0,-9495000000,3426000000,983000000.0,1756000000.0,51839000000.0,24763000000.0,9891000000,18534000000.0,33305000000.0,51839000000.0,32639000000.0,0.0,2015.0,12.37,1463864188.0,Gilead Sciences,reports,Health Care,Biotechnology,"Foster City, California",,882095,United States
GIS,2015-05-31,1684000000.0,-6800000,0,24,-712400000,1296700000.0,7.0,334200000.0,24200000,75500000.0,11681100000.0,75.0,0,1450200000,588300000,1761900000,1761900000,-88900000,84300000,3783300000.0,8874900000.0,34,5949200000.0,586800000,4677000000.0,0,1540900000,-74500000.0,282600000,7575300000.0,0.0,396000000,778900000,1107400000,-533100000,2542800000.0,-1384800000.0,-1602200000.0,1221300000,618300000,1221300000,1221300000,1386700000,543900000,2077300000,12,811200000.0,423800000,1589900000.0,-2310700000,-16100000,-815300000,1744800000.0,127300000,0,10,35,7,44.0,0,11990800000.0,-998200000,3328000000,1616200000.0,0.0,21832000000.0,3685600000.0,4890100000,4996700000.0,16835300000.0,21832000000.0,17630300000.0,-6055600000.0,2015.0,2.02,604603960.4,General Mills,reports,Consumer Staples,Packaged Foods & Meats,"Golden Valley, Minnesota",1969-03-31,40704,United States
GLW,2015-12-31,2242000000.0,162000000,5000000,7,-1250000000,13352000000.0,163.0,4500000000.0,-77000000,840000000.0,5458000000.0,294.0,2056000000,0,1184000000,1626000000,1486000000,-330000000,299000000,12648000000.0,1380000000.0,40,3653000000.0,147000000,706000000.0,140000000,1385000000,633000000.0,-146000000,3890000000.0,1975000000.0,75000000,0,1212000000,-809000000,2809000000.0,-2603000000.0,-685000000.0,1339000000,224000000,1339000000,1638000000,1372000000,0,1322000000,15,1493000000.0,912000000,0.0,-1811000000,0,-68000000,2960000000.0,123000000,54000000,16,8,15,245.0,769000000,13832000000.0,-3126000000,1508000000,572000000.0,100000000.0,28527000000.0,8269000000.0,2814000000,18788000000.0,9739000000.0,28527000000.0,9111000000.0,-9725000000.0,2015.0,1.02,1312745098.0,Corning Inc.,reports,Information Technology,Electronic Components,"Corning, New York",,24741,United States
GM,2015-12-31,51655000000.0,0,1070000000,24,-7874000000,27607000000.0,33.0,15238000000.0,0,15000000.0,134000000000.0,97.0,36860000000,0,8017000000,8161000000,7718000000,-1524000000,2194000000,51401000000.0,0.0,12,18302000000.0,-1897000000,5947000000.0,443000000,13764000000,-18973000000.0,0,43549000000.0,27701000000.0,452000000,0,19551000000,-3857000000,11691000000.0,13686000000.0,-27710000000.0,9687000000,-3803000000,9687000000,12330000000,26388000000,0,4897000000,3,3021000000.0,5855000000,0.0,-8036000000,-103000000,-863000000,39249000000.0,-2138000000,0,5,19,6,78.0,0,20285000000.0,-3520000000,13405000000,19562000000.0,8163000000.0,194000000000.0,69408000000.0,71217000000,39871000000.0,154000000000.0,194000000000.0,152000000000.0,0.0,2015.0,6.11,1585433715.0,General Motors,reports,Consumer Discretionary,Automobile Manufacturers,"Detroit, Michigan",2013-06-06,1467858,United States
GPC,2015-12-31,3062386000.0,1974000,20929000,22,-109544000,41353000.0,5.0,211631000.0,-21821000,150081000.0,10724192000.0,141.0,118525000,50684000,141675000,1145343000,1123681000,-15771000,0,648217000.0,840582000.0,30,4555852000.0,418009000,521213000.0,21662000,2999966000,0.0,331419000,250000000.0,0.0,12675000,0,-142967000,73901000,1159373000.0,-806074000.0,-263627000.0,705672000,43048000,705672000,705672000,1822419000,12373000,1124414000,7,460918000.0,521300000,503268000.0,-930618000,0,-154083000,744191000.0,-42594000,141675000,7,36,5,65.0,0,3885751000.0,-301847000,3277390000,375000000.0,0.0,8144771000.0,5555316000.0,3940654000,3146567000.0,4998204000.0,8144771000.0,15280044000.0,0.0,2015.0,4.65,151757419.4,Genuine Parts,reports,Consumer Discretionary,Specialty Stores,"Atlanta, Georgia",1973-12-31,40987,United States
GPN,2015-05-31,326875000.0,-8069000,4949000,37,-92550000,148742000.0,22.0,650739000.0,0,0.0,1022107000.0,109.0,30428000,202855000,137505000,461546000,417110000,-56288000,0,374143000.0,1491833000.0,63,1751611000.0,107995000,560136000.0,44436000,0,0.0,-69513000,1678283000.0,0.0,105577000,0,546819000,68867000,424701000.0,141375000.0,-440921000.0,278040000,119714000,278040000,278040000,202938000,0,456597000,16,32846000.0,2436238000,2033900000.0,-185992000,0,-348371000,19422000.0,-64051000,0,15,55,10,109.0,0,795226000.0,-365527000,1295014000,654413000.0,0.0,5779301000.0,3289915000.0,3015188000,757976000.0,5021325000.0,5779301000.0,2773718000.0,0.0,2015.0,4.15,66997590.36,Global Payments Inc,reports,Information Technology,Data Processing & Outsourced Services,"Atlanta, Georgia",2016-04-25,1123360,United States
GPS,2016-01-30,2114000000.0,0,6000000,36,-726000000,0.0,54.0,1370000000.0,-6000000,20000000.0,10077000000.0,157.0,0,0,527000000,1530000000,1471000000,-19000000,0,2850000000.0,0.0,36,5720000000.0,551000000,0.0,59000000,1873000000,0.0,-83000000,1310000000.0,0.0,0,0,379000000,-145000000,1594000000.0,-990000000.0,-730000000.0,920000000,103000000,920000000,920000000,0,0,1524000000,10,638000000.0,742000000,0.0,85000000,-70000000,-4000000,1083000000.0,133000000,0,9,58,6,83.0,0,2440000000.0,-950000000,0,421000000.0,0.0,7473000000.0,3985000000.0,2535000000,2545000000.0,4928000000.0,7473000000.0,15797000000.0,0.0,2015.0,2.24,410714285.7,Gap (The),reports,Consumer Discretionary,Apparel Retail,"San Francisco, California",1986-08-31,39911,United States
GRMN,2015-12-26,701016000.0,22473000,17606000,14,-80592000,62239000.0,121.0,833070000.0,-121718000,1797435000.0,1281566000.0,255.0,155287000,184941000,78360000,567187000,567187000,-31594000,0,446089000.0,0.0,55,1538704000.0,110960000,245552000.0,0,500554000,3220000.0,-158273000,0.0,1343387000.0,0,0,0,-363198000,280467000.0,-500092000.0,-111979000.0,456227000,90601000,456227000,456227000,531481000,0,549581000,19,97989000.0,130821000,164982000.0,-30428000,0,-34607000,103326000.0,-87203000,0,20,17,16,198.0,427043000,1930517000.0,-119926000,562080000,0.0,215161000.0,4499391000.0,2211087000.0,865998000,3345126000.0,1154265000.0,4499391000.0,2820270000.0,-414637000.0,2015.0,2.39,190889958.2,Garmin Ltd.,reports,Consumer Discretionary,Consumer Electronics,"Schaffhausen, Switzerland",2012-12-12,1121788,Switzerland
GT,2015-12-31,3435000000.0,-31000000,-505000000,8,-983000000,3093000000.0,30.0,1476000000.0,-89000000,267000000.0,12164000000.0,124.0,2141000000,91000000,721000000,1046000000,608000000,-125000000,0,6777000000.0,555000000.0,26,4279000000.0,232000000,138000000.0,438000000,2464000000,-8000000.0,116000000,5074000000.0,0.0,222000000,0,-477000000,-685000000,1687000000.0,-985000000.0,-1262000000.0,307000000,505000000,307000000,307000000,2033000000,0,1551000000,9,654000000.0,153000000,886000000.0,-4010000000,-271000000,-271000000,2129000000.0,89000000,0,4,16,2,74.0,0,4570000000.0,-127000000,2728000000,634000000.0,0.0,16391000000.0,6126000000.0,4955000000,3920000000.0,12471000000.0,16391000000.0,16443000000.0,0.0,2015.0,1.14,269298245.6,Goodyear Tire & Rubber,reports,Consumer Discretionary,Tires & Rubber,"Akron, Ohio",,42582,United States
GWW,2015-12-31,1188116000.0,-3085000,-4304000,34,-373868000,1000476000.0,16.0,290136000.0,-37737000,54830000.0,5741956000.0,170.0,83996000,154352000,227967000,1284276000,1250705000,-20503000,-11740000,1431241000.0,582336000.0,42,4231428000.0,465531000,463294000.0,33571000,1414177000,-20382000.0,-67954000,1388414000.0,0.0,86080000,0,1555556000,63492000,989904000.0,-62551000.0,-843358000.0,768996000,75623000,768996000,757256000,1209641000,0,1300320000,13,248246000.0,134688000,0.0,-221091000,0,-449108000,173741000.0,9916000,0,13,55,8,91.0,0,6802130000.0,-1339186000,2931108000,600418000.0,0.0,5857755000.0,3048642000.0,1788534000,2266634000.0,3591121000.0,5857755000.0,9973384000.0,-5369711000.0,2015.0,11.69,65782378.1,Grainger (W.W.) Inc.,reports,Industrials,Industrial Materials,"Lake Forest, Illinois",1981-06-30,277135,United States
HAL,2015-12-31,3174000000.0,1468000000,-324000000,4,-2184000000,274000000.0,189.0,10077000000.0,153000000,2677000000.0,21113000000.0,376.0,552000000,0,1835000000,-936000000,-936000000,-9000000,0,12117000000.0,2385000000.0,11,2520000000.0,-274000000,0.0,0,2993000000,0.0,-603000000,14687000000.0,0.0,33000000,0,7432000000,7786000000,2906000000.0,7081000000.0,-2192000000.0,-671000000,1316000000,-671000000,-662000000,5317000000,2485000000,-165000000,1,1818000000.0,1683000000,1504000000.0,-363000000,96000000,-8000000,1423000000.0,-596000000,0,4,6,3,320.0,0,20524000000.0,167000000,200000000,659000000.0,0.0,36942000000.0,20070000000.0,5337000000,15462000000.0,21480000000.0,36942000000.0,23633000000.0,-7650000000.0,2015.0,-0.79,849367088.6,Halliburton Co.,reports,Energy,Oil & Gas Equipment & Services,"Houston, Texas",,45012,United States
HAR,2015-06-30,2065396000.0,-138257000,-9384000,14,-192498000,1365257000.0,31.0,649513000.0,-89184000,1007000.0,4338193000.0,137.0,100032000,0,169231000,460210000,446281000,-51122000,-23000,552421000.0,1287180000.0,30,1817104000.0,103269000,669667000.0,13929000,693574000,5005000.0,400580000,1080667000.0,0.0,18213000,0,514025000,68201000,552603000.0,305186000.0,-738466000.0,342680000,66903000,342680000,342680000,1024139000,0,469594000,8,428008000.0,461366000,0.0,11434000,-115960000,-550973000,321440000.0,-199659000,0,7,19,6,103.0,0,2229517000.0,5358000,1347510000,5571000.0,0.0,5865900000.0,2828592000.0,2070967000,2374613000.0,3491287000.0,5865900000.0,6155297000.0,-1232602000.0,2015.0,,,Harman Int'l Industries,reports,Consumer Discretionary,Consumer Electronics,"Stamford, Connecticut",,800459,United States
HAS,2015-12-27,900084000.0,-227808000,9104000,27,-142022000,893630000.0,92.0,976750000.0,-99353000,104847000.0,1677033000.0,269.0,0,0,197776000,701037000,603915000,-18758000,0,237527000.0,592695000.0,62,2770476000.0,157043000,280807000.0,97122000,384492000,0.0,149663000,1547115000.0,0.0,0,40170000,-87310000,83583000,552445000.0,-346457000.0,-103647000.0,451838000,34926000,451838000,451838000,1217850000,379245000,691933000,16,744090000.0,286506000,0.0,-146001000,-3676000,38375000,404883000.0,50369000,86171000,14,36,10,233.0,242944000,3852321000.0,-43902000,1370183000,164563000.0,0.0,4720717000.0,2865598000.0,1064647000,1663902000.0,3056815000.0,4720717000.0,4447509000.0,-3040895000.0,2015.0,3.61,125162880.9,Hasbro Inc.,reports,Consumer Discretionary,Leisure Products,"Pawtucket, Rhode Island",1984-09-30,46080,United States
HBAN,2015-12-31,1472073000.0,0,0,11,-93097000,7038502000.0,,15871022000.0,0,7970000.0,82175000.0,,0,0,341281000,995214000,913605000,0,0,620540000.0,676869000.0,0,0.0,220648000,54978000.0,81609000,0,-4423788000.0,-29652000,0.0,67035502000.0,0,0,376563000,-373409000,1033362000.0,3521883000.0,-4928654000.0,692957000,150625000,661084000,692957000,0,0,0,0,1757668000.0,0,55294979000.0,-226158000,3602554000,-411769000,0.0,-175614000,127821000,29,14,22,,0,-594067000.0,-232844000,1948041000,615279000.0,0.0,71044551000.0,0.0,0,6594606000.0,64449945000.0,71044551000.0,3153251000.0,-17932000.0,2015.0,0.82,845069512.2,Huntington Bancshares,reports,Financials,Banks,"Columbus, Ohio",,49196,United States
HBI,2016-01-02,1133305000.0,-21974000,-3210000,34,-99375000,277569000.0,21.0,319169000.0,-289654000,3917000.0,3595217000.0,194.0,445179000,0,110980000,591908000,473873000,-3875000,0,650462000.0,834315000.0,37,2136332000.0,45018000,700515000.0,118035000,1814602000,0.0,-68016000,2232712000.0,0.0,0,0,674380000,79314000,227007000.0,132982000.0,-276800000.0,428855000,31772000,428855000,428855000,680417000,0,595118000,10,49252000.0,103679000,195163000.0,-394933000,-73873000,-177425000,585078000.0,35044000,0,8,37,7,73.0,0,1389338000.0,-351495000,1541214000,175441000.0,0.0,5597590000.0,2917867000.0,1503909000,1275891000.0,4321699000.0,5597590000.0,5731549000.0,0.0,2015.0,1.07,400799065.4,Hanesbrands Inc,reports,Consumer Discretionary,"Apparel, Accessories & Luxury Goods","Winston-Salem, North Carolina",2015-03-20,1359841,United States
HCA,2015-12-31,5283000000.0,-4114000000,-389000000,28,-2375000000,0.0,13.0,741000000.0,-314000000,4000000.0,6638000000.0,167.0,0,0,1939000000,5622000000,3957000000,0,46000000,15014000000.0,0.0,83,33040000000.0,1261000000,6731000000.0,1665000000,1439000000,63000000.0,192000000,30255000000.0,610000000.0,1553000000,0,778000000,175000000,4734000000.0,-1976000000.0,-2583000000.0,2129000000,4335000000,2129000000,2040000000,5889000000,0,5965000000,15,1157000000.0,1163000000,0.0,-265000000,-47000000,-271000000,3019000000.0,0,1904000000,10,52,5,141.0,0,-7338000000.0,-2397000000,25171000000,233000000.0,0.0,32744000000.0,9232000000.0,5516000000,-7599000000.0,40343000000.0,32744000000.0,39678000000.0,0.0,2015.0,5.14,414202334.6,HCA Holdings,reports,Health Care,Health Care Facilities,"Nashville, Tennessee",2015-01-27,860730,United States
HCN,2015-12-31,697191000.0,478000,342047000,6,-432313000,16478300000.0,,422690000.0,0,354811000.0,1622257000.0,,0,0,835249000,1128286000,636117000,-8575000,-21504000,24718608000.0,68321000.0,57,2153428000.0,6451000,1350585000.0,492169000,0,-3875811000.0,-18099000,12967686000.0,542281000.0,585325000,183083000,1371386000,-112818000,1373468000.0,2006449000.0,-3484160000.0,849073000,-332709000,818344000,849073000,1921360000,2220000,1066626000,28,0.0,0,0.0,3641627000,-27004000,823964000,0.0,0,826240000,17,4,22,,0,-6846056000.0,1923077000,258342000,0.0,0.0,29023845000.0,0.0,0,14590560000.0,14433285000.0,29023845000.0,3775685000.0,-44372000.0,2015.0,2.35,361307659.6,Welltower Inc.,reports,Real Estate,REITs,"Toledo, Ohio",2009-01-30,766704,United States
HCP,2015-12-31,430786000.0,-9569000,134769000,6,-894269000,11647039000.0,,386532000.0,0,465488000.0,0.0,,0,122330000,555839000,615867000,136271000,-1537000,6590000,11854242000.0,0.0,100,1828305000.0,-9807000,586657000.0,479596000,0,-752077000.0,-23757000,10671571000.0,7010263000.0,402674000,0,1378413000,162690000,1222145000.0,614087000.0,-1672005000.0,-559235000,1265503000,-560552000,152668000,817672000,135658000,481098000,26,794483000.0,0,0.0,-2768884000,0,-25659000,81413000.0,-19453000,504905000,7,1,31,,0,0.0,301459000,706644000,397432000.0,0.0,21449849000.0,0.0,0,9343643000.0,12106206000.0,21449849000.0,1828305000.0,0.0,2015.0,-1.21,462177686.0,HCP Inc.,reports,Real Estate,REITs,"Long Beach, California",2008-03-31,765880,United States
HD,2016-01-31,10533000000.0,-181000000,166000000,111,-1503000000,9347000000.0,18.0,2216000000.0,-546000000,88000000.0,58254000000.0,136.0,0,854000000,1863000000,11940000000,11021000000,-111000000,0,22191000000.0,2102000000.0,34,30265000000.0,4012000000,0.0,919000000,11809000000,144000000.0,1151000000,20888000000.0,0.0,0,0,4012000000,604000000,9373000000.0,-5787000000.0,-2982000000.0,7009000000,100000000,7009000000,7009000000,1890000000,0,11774000000,13,1263000000.0,1078000000,1566000000.0,-898000000,4000000,-1623000000,1965000000.0,-23000000,1690000000,12,174,8,41.0,0,30973000000.0,-6772000000,16801000000,427000000.0,0.0,42549000000.0,16993000000.0,12526000000,6316000000.0,36233000000.0,42549000000.0,88519000000.0,-33194000000.0,2015.0,5.49,1276684882.0,Home Depot,reports,Consumer Discretionary,Home Improvement Retail,"Atlanta, Georgia",1988-03-31,354950,United States
HES,2015-12-31,2542000000.0,841000000,-75000000,16,-4321000000,4127000000.0,103.0,2716000000.0,29000000,286000000.0,3323000000.0,168.0,2653000000,2464000000,3955000000,-3917000000,-4258000000,0,0,26352000000.0,375000000.0,50,3313000000.0,-1299000000,0.0,341000000,399000000,0.0,-646000000,6544000000.0,0.0,1015000000,0,643000000,272000000,1981000000.0,2497000000.0,-4206000000.0,-3056000000,973000000,-3056000000,-2959000000,1159000000,2497000000,-3842000000,58,411000000.0,130000000,0.0,-1664000000,-25000000,115000000,2158000000.0,-164000000,3955000000,64,22,46,152.0,0,16637000000.0,2166000000,703000000,86000000.0,0.0,34195000000.0,4404000000.0,2628000000,19386000000.0,14809000000.0,34195000000.0,6636000000.0,0.0,2015.0,-10.78,283487940.6,Hess Corporation,reports,Energy,Integrated Oil & Gas,"New York, New York",1984-05-31,4447,United States
HIG,2015-12-31,0.0,329000000,7000000,10,-307000000,8973000000.0,,448000000.0,0,5000000.0,10775000000.0,,5022000000,0,1875000000,2335000000,1978000000,-48000000,0,974000000.0,498000000.0,41,7602000000.0,305000000,0.0,357000000,0,994000000.0,-36000000,5359000000.0,70885000000.0,0,0,-806000000,49000000,2756000000.0,-3144000000.0,485000000.0,1682000000,143000000,1682000000,1673000000,26726000000,0,1978000000,11,122000000000.0,0,0.0,-329000000,-814000000,-202000000,205000000000.0,-1237000000,5274000000,11,11,9,,0,12550000000.0,-1208000000,0,275000000.0,1843000000.0,228000000000.0,0.0,0,17642000000.0,211000000000.0,228000000000.0,18377000000.0,-3557000000.0,2015.0,4.05,415308642.0,Hartford Financial Svc.Gp.,reports,Financials,Property & Casualty Insurance,"Hartford, Connecticut",,874766,United States
HOG,2015-12-31,707578000.0,0,6585000,41,-259974000,1328561000.0,31.0,810476000.0,0,3449000.0,3619612000.0,145.0,99614000,0,0,1162280000,1150163000,-14677000,0,942418000.0,54182000.0,40,2375790000.0,397956000,0.0,12117000,585907000,-603438000.0,0,4845388000.0,4814571000.0,0,0,1408571000,-184471000,1100118000.0,-354064000.0,-915848000.0,752207000,0,752207000,752207000,2403756000,0,1155695000,19,97228000.0,137823000,0.0,-615205000,0,-52436000,553547000.0,0,0,19,63,13,123.0,0,8961985000.0,-1516841000,1220095000,2045000000.0,45192000.0,9991167000.0,3983154000.0,2752578000,1839654000.0,8151513000.0,9991167000.0,5995402000.0,-7839136000.0,2015.0,3.71,202751212.9,Harley-Davidson,reports,Consumer Discretionary,Motorcycle Manufacturers,"Milwaukee, Wisconsin",,793952,United States
HOLX,2015-09-26,389100000.0,-30300000,-72400000,6,-89400000,5559900000.0,52.0,492700000.0,43900000,2800000.0,1272300000.0,134.0,0,1198000000,491400000,382700000,177200000,-8100000,0,457100000.0,2808200000.0,53,1432700000.0,45600000,3023200000.0,205500000,283100000,10000000.0,78500000,3221000000.0,0.0,0,0,-968600000,-244800000,786100000.0,-936700000.0,-86100000.0,131600000,64600000,131600000,68900000,435100000,28500000,455100000,17,88200000.0,54900000,163100000.0,-14500000,-12900000,-6700000,200900000.0,6400000,110200000,7,9,5,104.0,214900000,-3469000000.0,70000000,624000000,391200000.0,0.0,7642500000.0,1265800000.0,943400000,2079200000.0,5563300000.0,7642500000.0,2705000000.0,0.0,2015.0,0.47,280000000.0,Hologic,reports,Health Care,Health Care Equipment,"Marlborough, Massachusetts",2016-03-30,859737,United States
HON,2015-12-31,11857000000.0,211000000,68000000,26,-1073000000,5377000000.0,41.0,5455000000.0,230000000,958000000.0,26747000000.0,109.0,283000000,558000000,883000000,6586000000,6586000000,-546000000,0,5789000000.0,15895000000.0,31,11834000000.0,1739000000,4577000000.0,0,4420000000,-127000000.0,-684000000,5554000000.0,943000000.0,135000000,290000000,3445000000,-1504000000,5519000000.0,37000000.0,-6514000000.0,4768000000,-48000000,4768000000,4768000000,8075000000,0,6828000000,18,1776000000.0,0,0.0,-2535000000,-65000000,-5314000000,6125000000.0,80000000,0,17,36,12,85.0,0,26147000000.0,-1698000000,5006000000,6514000000.0,2103000000.0,49316000000.0,20053000000.0,18371000000,18283000000.0,31033000000.0,49316000000.0,38581000000.0,-11664000000.0,2015.0,6.11,780360065.5,Honeywell Int'l Inc.,reports,Industrials,Industrial Conglomerates,"Morristown, New Jersey",1964-03-31,773840,United States
HP,2015-09-30,305726000.0,259024000,4939000,9,-1131445000,420141000.0,223.0,729384000.0,-23052000,11099000.0,1703476000.0,413.0,0,1295916000,608788000,676902000,661879000,0,0,5563170000.0,0.0,46,1458226000.0,241405000,0.0,15023000,128541000,-45607000.0,-25417000,492443000.0,104354000.0,0,0,451651000,369077000,1428574000.0,94912000.0,-1154409000.0,420427000,192573000,420427000,420474000,463154000,39242000,671963000,21,40524000.0,72572000,3377000.0,-1377000,-1368000,22643000,114840000.0,-3769000,608039000,21,14,13,376.0,16104000,4648346000.0,-57004000,122878000,39094000.0,45543000.0,7147242000.0,1439194000.0,348197000,4895846000.0,2251396000.0,7147242000.0,3161702000.0,-182363000.0,2015.0,3.9,107801794.9,Helmerich & Payne,reports,Energy,Oil & Gas Drilling,"Tulsa, Oklahoma[5]",,46765,United States
HRB,2015-04-30,810750000.0,-68109000,-6615000,26,-123158000,783793000.0,135.0,2099162000.0,0,3166000.0,1231104000.0,157.0,13461000,298884000,159804000,788051000,742805000,-9986000,0,311387000.0,441831000.0,60,1847554000.0,256061000,432142000.0,45246000,0,25183000.0,-51653000,505298000.0,239338000.0,0,0,-428544000,-178117000,626608000.0,-645807000.0,-148932000.0,473663000,85559000,473663000,486744000,342231000,74993000,794666000,26,125960000.0,70283000,1066749000.0,1740000,-3376000,-50957000,0.0,27344000,159804000,24,41,15,157.0,0,1836442000.0,6073000,818091000,790000.0,439625000.0,4515420000.0,2951301000.0,1878289000,1832949000.0,2682471000.0,4515420000.0,3078658000.0,-792192000.0,2015.0,1.72,275385465.1,Block H&R,reports,Financials,Consumer Finance,"Kansas City, Missouri",1986-11-30,12659,United States
HRS,2015-07-03,1816000000.0,-17000000,-106000000,10,-148000000,0.0,21.0,481000000.0,20000000,124000000.0,3348000000.0,140.0,502000000,12000000,244000000,607000000,477000000,-23000000,0,1165000000.0,6348000000.0,34,1735000000.0,143000000,1775000000.0,130000000,1015000000,0.0,30000000,5053000000.0,0.0,5000000,0,2729000000,-80000000,854000000.0,2373000000.0,-3284000000.0,334000000,190000000,334000000,334000000,1255000000,46000000,713000000,14,154000000.0,432000000,295000000.0,2015000000,-55000000,-3136000000,2386000000.0,53000000,0,9,14,7,95.0,0,1258000000.0,-103000000,976000000,163000000.0,0.0,13127000000.0,3183000000.0,2274000000,3397000000.0,9725000000.0,13122000000.0,5083000000.0,0.0,2015.0,3.15,106031746.0,Harris Corporation,reports,Information Technology,Telecommunications Equipment,"Melbourne, Florida",2008-09-22,202058,United States
HSIC,2015-12-26,1801035000.0,-120001000,12794000,17,-71684000,207374000.0,3.0,72086000.0,-194869000,824000.0,7617460000.0,150.0,0,252862000,159127000,746766000,720758000,-24827000,14060000,318476000.0,1907593000.0,28,3012259000.0,211391000,592971000.0,26008000,1509957000,20000.0,212611000,463752000.0,454600000.0,2558000,542194000,78970000,-17388000,586841000.0,-319371000.0,-260031000.0,479058000,64922000,479058000,479058000,1287975000,34931000,733972000,7,0.0,361082000,0.0,-219939000,0,-188367000,212121000.0,-58376000,0,7,25,5,80.0,0,2895997000.0,-367089000,2243356000,345962000.0,0.0,6504740000.0,3231100000.0,2146997000,2884256000.0,3620484000.0,6504740000.0,10629719000.0,0.0,2015.0,5.78,82882006.92,Henry Schein,reports,Health Care,Health Care Distributors,"Melville, New York",2015-03-17,1000228,United States
HST,2015-12-31,243000000.0,17000000,96000000,8,-397000000,8302000000.0,47.0,254000000.0,0,8000000.0,2012000000.0,47.0,0,0,737000000,814000000,580000000,-15000000,70000000,10716000000.0,0.0,63,3375000000.0,9000000,0.0,234000000,0,-173000000.0,-56000000,4017000000.0,401000000.0,18000000,143000000,482000000,-445000000,1171000000.0,-865000000.0,-736000000.0,558000000,-135000000,558000000,571000000,0,0,650000000,12,413000000.0,0,299000000.0,-107000000,-17000000,-166000000,0.0,37000000,716000000,11,8,10,47.0,0,-1139000000.0,-673000000,2011000000,0.0,0.0,11784000000.0,254000000.0,542000000,7064000000.0,4720000000.0,11784000000.0,5387000000.0,0.0,2015.0,0.22,2536363636.0,Host Hotels & Resorts,reports,Real Estate,REITs,"Bethesda, Maryland",2007-03-20,1070750,United States
HSY,2015-12-31,1354476000.0,-24440000,-30139000,51,-329707000,783877000.0,16.0,346529000.0,52049000,359901000.0,4003951000.0,83.0,36390000,53188000,244928000,1007620000,901847000,-10364000,0,2240460000.0,684252000.0,46,3382675000.0,388896000,379305000.0,105773000,750970000,64596000.0,-1017000,1557091000.0,0.0,49465000,0,254305000,-28325000,1214456000.0,-755162000.0,-477255000.0,512951000,286168000,512951000,512951000,599073000,375608000,1037759000,14,155366000.0,152026000,0.0,-371025000,-10000000,-212144000,468718000.0,143817000,0,12,90,7,49.0,0,5897603000.0,-548174000,1969308000,863436000.0,0.0,5344371000.0,1848598000.0,2217912000,997997000.0,4346374000.0,5344371000.0,7386626000.0,-5672359000.0,2015.0,,,The Hershey Company,reports,Consumer Staples,Packaged Foods & Meats,"Hershey, Pennsylvania",,47111,United States
HUM,2015-12-31,2212000000.0,-180000000,270000000,12,-523000000,2530000000.0,,2571000000.0,0,33000000.0,44269000000.0,,0,364000000,447000000,2617000000,2431000000,0,0,1384000000.0,3265000000.0,18,10020000000.0,1155000000,0.0,186000000,0,-181000000.0,375000000,4394000000.0,9110000000.0,0,0,265000000,636000000,868000000.0,-552000000.0,320000000.0,1276000000,-248000000,1276000000,1276000000,1161000000,0,2347000000,4,7187000000.0,0,0.0,58000000,-281000000,1024000000,7362000000.0,-802000000,7673000000,4,23,2,,0,11017000000.0,-364000000,0,299000000.0,0.0,24678000000.0,0.0,0,10346000000.0,14332000000.0,24678000000.0,54289000000.0,-3292000000.0,2015.0,8.54,149414519.9,Humana Inc.,reports,Health Care,Managed Health Care,"Louisville, Kentucky",,49071,United States
IBM,2015-12-31,16788000000.0,812000000,724000000,92,-3579000000,0.0,24.0,7686000000.0,133000000,53262000000.0,41057000000.0,124.0,4822000000,3771000000,3855000000,16413000000,15945000000,-473000000,0,10727000000.0,32021000000.0,50,40684000000.0,2581000000,3487000000.0,468000000,1551000000,-629000000.0,59000000,33428000000.0,15200000000.0,162000000,0,19000000,-790000000,17008000000.0,-9166000000.0,-8159000000.0,13190000000,2407000000,13190000000,13364000000,28554000000,0,15689000000,19,1734000000.0,4205000000,11021000000.0,-29607000000,0,-3952000000,24603000000.0,-3448000000,0,20,112,16,120.0,5247000000,146000000000.0,-4287000000,19748000000,6461000000.0,508000000.0,110000000000.0,42504000000.0,34269000000,14262000000.0,96233000000.0,110000000000.0,81741000000.0,-156000000000.0,2015.0,13.48,978486646.9,International Business Machines,reports,Information Technology,IT Consulting & Other Services,"Armonk, New York",,51143,United States
IDXX,2015-12-31,258178000.0,-50142000,2468000,228,-82921000,940534000.0,40.0,128994000.0,-34969000,10258000.0,711622000.0,96.0,0,76444000,70388000,302380000,273141000,-5948000,0,333026000.0,178934000.0,56,890270000.0,81006000,55909000.0,29239000,188833000,-215183000.0,-2787000,597085000.0,0.0,130000,0,274097000,-193542000,216364000.0,-95552000.0,-308406000.0,192078000,23652000,192078000,192078000,228147000,8212000,299912000,19,85490000.0,62069000,25583000.0,-36856000,0,-10302000,28698000.0,18087000,0,17,325,12,74.0,99681000,318356000.0,-379584000,482465000,573000000.0,213591000.0,1474993000.0,821634000.0,856761000,-84125000.0,1559118000.0,1474993000.0,1601892000.0,-1316417000.0,2015.0,2.07,92791304.35,IDEXX Laboratories,reports,Health Care,Health Care Equipment,"Westbrook, Maine",2017-01-05,874716,United States
IFF,2015-12-31,347297000.0,-91712000,-3184000,26,-101030000,140802000.0,25.0,181988000.0,-37628000,14470000.0,1671590000.0,196.0,166323000,43260000,89597000,585163000,539101000,-21711000,0,732794000.0,941389000.0,45,1351599000.0,119854000,306004000.0,46062000,589019000,12128000.0,100998000,937844000.0,0.0,4672000,0,136826000,-296585000,433578000.0,-131296000.0,-577156000.0,419247000,-32316000,419247000,419247000,537896000,7594000,588347000,19,119060000.0,146981000,394831000.0,-613439000,0,-488254000,403232000.0,-14608000,0,18,34,14,117.0,246101000,3604254000.0,-121307000,509557000,0.0,0.0,3721454000.0,1455884000.0,742128000,1590318000.0,2126464000.0,3716782000.0,3023189000.0,-1555769000.0,2015.0,5.19,80779768.79,Intl Flavors & Fragrances,reports,Materials,Specialty Chemicals,"New York, New York",1976-03-31,51253,United States
ILMN,2016-01-03,526070000.0,-95913000,12422000,25,-142847000,2497501000.0,227.0,768770000.0,-80545000,1859000.0,670472000.0,343.0,134515000,0,164936000,625263000,583142000,-2072000,0,342694000.0,752629000.0,70,1549290000.0,125752000,273621000.0,42121000,270777000,73682000.0,150310000,1015649000.0,0.0,0,32546000,-244952000,132616000,659596000.0,-418762000.0,-106146000.0,461559000,75712000,461526000,461559000,385529000,12876000,612841000,28,87465000.0,54297000,9495000.0,36000,-130112000,-36981000,180505000.0,-12294000,0,26,32,21,299.0,401527000,1022765000.0,-170357000,522046000,74929000.0,617450000.0,3687747000.0,2096823000.0,610494000,1848553000.0,1839194000.0,3687747000.0,2219762000.0,-1673608000.0,2015.0,3.19,144689341.7,Illumina Inc,reports,Health Care,Life Sciences Tools & Services,"San Diego, California",2015-11-19,1110803,United States
INTC,2015-12-26,10768000000.0,-355000000,0,19,-7326000000,0.0,162.0,15308000000.0,-764000000,23411000000.0,20676000000.0,245.0,0,954000000,8711000000,14212000000,14212000000,1000000,315000000,31858000000.0,11332000000.0,63,34679000000.0,2792000000,3933000000.0,0,5167000000,-2446000000.0,-637000000,20036000000.0,7851000000.0,0,897000000,9002000000,12747000000,19017000000.0,1912000000.0,-8183000000.0,11420000000,-33000000,11420000000,11735000000,4787000000,354000000,14002000000,25,8165000000.0,3053000000,2244000000.0,60000000,-558000000,1589000000,2841000000.0,675000000,265000000,26,23,21,212.0,12128000000,37614000000.0,-1810000000,7930000000,2634000000.0,10005000000.0,101000000000.0,38320000000.0,15646000000,61085000000.0,40374000000.0,101000000000.0,55355000000.0,0.0,2015.0,2.41,4738589212.0,Intel Corp.,reports,Information Technology,Semiconductors,"Santa Clara, California",1976-12-31,50863,United States
INTU,2015-07-31,473000000.0,24000000,1000000,16,-142000000,4007000000.0,97.0,808000000.0,0,3000000.0,695000000.0,147.0,5000000,152000000,231000000,739000000,712000000,-26000000,0,682000000.0,1266000000.0,83,3497000000.0,299000000,87000000.0,27000000,0,156000000.0,453000000,500000000.0,27000000.0,0,0,0,-41000000,1504000000.0,-1337000000.0,-182000000.0,365000000,458000000,365000000,413000000,406000000,148000000,738000000,18,341000000.0,457000000,1271000000.0,-30000000,-1000000,-196000000,240000000.0,-27000000,42000000,17,31,9,147.0,798000000,6027000000.0,-1138000000,1771000000,0.0,889000000.0,4968000000.0,2560000000.0,1744000000,2332000000.0,2636000000.0,4968000000.0,4192000000.0,-7675000000.0,2015.0,1.3,280769230.8,Intuit Inc.,reports,Information Technology,Internet Software & Services,"Mountain View, California",2000-12-05,896878,United States
IP,2015-12-31,3498000000.0,7000000,-174000000,24,0,6243000000.0,27.0,1050000000.0,-131000000,449000000.0,15468000000.0,165.0,1187000000,3231000000,1294000000,1821000000,1266000000,-71000000,117000000,11980000000.0,3335000000.0,31,6897000000.0,466000000,0.0,555000000,2228000000,-198000000.0,-106000000,15177000000.0,228000000.0,25000000,0,-299000000,-831000000,2580000000.0,-1601000000.0,-1739000000.0,938000000,591000000,938000000,917000000,2987000000,389000000,1995000000,9,7380000000.0,212000000,0.0,-5708000000,-14000000,-1541000000,4346000000.0,8000000,1294000000,6,33,4,108.0,0,4649000000.0,-603000000,3219000000,426000000.0,0.0,30587000000.0,6477000000.0,3924000000,3884000000.0,26703000000.0,30587000000.0,22365000000.0,-1749000000.0,2015.0,2.25,416888888.9,International Paper,reports,Materials,Paper Packaging,"Memphis, Tennessee",,51434,United States
IRM,2015-12-31,570651000.0,17984000,-100740000,24,-290249000,1623863000.0,15.0,128381000.0,0,2113000.0,1290025000.0,102.0,0,150695000,354713000,425937000,162066000,-8015000,0,2497158000.0,2360978000.0,57,1717951000.0,37713000,603314000.0,263871000,0,0.0,-59452000,4757610000.0,0.0,19766000,0,299108000,2448000,541760000.0,-108511000.0,-422786000.0,123241000,105249000,123241000,125203000,586580000,0,524527000,17,31225000.0,142951000,183112000.0,-174917000,0,-132537000,71844000.0,-1937000,345464000,5,32,4,102.0,0,-942218000.0,12723000,844960000,88068000.0,0.0,6350587000.0,857912000.0,841831000,508841000.0,5841746000.0,6350587000.0,3007976000.0,0.0,2015.0,0.58,212484482.8,Iron Mountain Incorporated,reports,Real Estate,REITs,"Boston, Massachusetts",2009-01-06,1020569,United States
ISRG,2015-12-31,266300000.0,-79200000,18500000,14,-81000000,3429800000.0,317.0,714600000.0,-10700000,0.0,806500000.0,446.0,167800000,0,89500000,758500000,758500000,-1500000,0,432100000.0,201100000.0,66,1577900000.0,169700000,122800000.0,0,167900000,-768500000.0,7900000,0.0,1788000000.0,0,0,0,114300000,771900000.0,193400000.0,-849500000.0,588800000,186100000,588800000,588800000,394300000,0,740000000,31,0.0,73500000,225600000.0,-9500000,-18300000,0,95900000.0,-10500000,0,32,18,25,412.0,197400000,899200000.0,177400000,640500000,0.0,845200000.0,4907300000.0,2195500000.0,491900000,4319500000.0,587800000.0,4907300000.0,2384400000.0,0.0,2015.0,15.87,37101449.28,Intuitive Surgical Inc.,reports,Health Care,Health Care Equipment,"Sunnyvale, California",2008-06-02,1035267,United States
ITW,2015-12-31,1842000000.0,-42000000,78000000,36,-284000000,1135000000.0,130.0,3090000000.0,25000000,6000000.0,7888000000.0,284.0,346000000,256000000,477000000,2945000000,2719000000,-463000000,0,1577000000.0,4439000000.0,41,5517000000.0,820000000,1560000000.0,226000000,1086000000,22000000.0,-113000000,6896000000.0,0.0,4000000,0,151000000,-900000000,2299000000.0,-2526000000.0,-210000000.0,1899000000,30000000,1899000000,1899000000,2203000000,0,2867000000,21,1087000000.0,341000000,0.0,-1504000000,-12000000,52000000,981000000.0,23000000,233000000,20,52,14,238.0,0,18316000000.0,-1943000000,2417000000,526000000.0,0.0,15729000000.0,6720000000.0,2368000000,5224000000.0,10501000000.0,15725000000.0,13405000000.0,-12729000000.0,2015.0,5.16,368023255.8,Illinois Tool Works,reports,Industrials,Industrial Machinery,"Glenview, Illinois",1986-02-28,49826,United States
IVZ,2015-12-31,1524400000.0,-4489900000,239200000,12,-124500000,6197700000.0,67.0,2214700000.0,0,98100000.0,0.0,123.0,0,288900000,93600000,1632700000,1362100000,-74800000,35100000,426900000.0,6175700000.0,100,5122900000.0,398000000,1354000000.0,270600000,0,-540300000.0,4442100000,2072800000.0,0.0,810400000,167300000,1014200000,412000000,1053500000.0,23300000.0,-664800000.0,968100000,173200000,968100000,964100000,1267900000,0,1358400000,27,107000000.0,6491800000,273700000.0,-446000000,-12500000,0,0.0,-129600000,0,27,17,19,123.0,0,4439600000.0,-545100000,3764500000,12050400000.0,7035200000.0,25073200000.0,17009600000.0,13848500000,7885300000.0,17187900000.0,25073200000.0,5122900000.0,-2404100000.0,2015.0,2.26,428362831.9,Invesco Ltd.,reports,Financials,Asset Management & Custody Banks,"Atlanta, Georgia",2008-08-21,914208,United States
JBHT,2015-12-31,532417000.0,-747000,86000,33,-725122000,268728000.0,1.0,5566000.0,0,1671000.0,3665578000.0,161.0,0,740220000,339613000,715780000,690203000,0,0,2701329000.0,0.0,41,2522068000.0,262968000,0.0,25577000,23191000,0.0,8568000,1005026000.0,0.0,0,0,71463000,-395000,873308000.0,-297171000.0,-576532000.0,427235000,116374000,427235000,427235000,654542000,0,715694000,12,75871000.0,176068000,0.0,0,0,148590000,58552000.0,-17735000,339613000,11,53,7,157.0,0,2885843000.0,-284147000,1466761000,0.0,0.0,3636567000.0,859367000.0,532417000,1300352000.0,2336215000.0,3636567000.0,6187646000.0,-1855890000.0,2015.0,3.69,115781842.8,J. B. Hunt Transport Services,reports,Industrials,Trucking,"Lowell, Arkansas",2015-07-01,728535,United States
JEC,2015-10-02,1967802000.0,172958000,4113000,7,-88404000,1137144000.0,23.0,460859000.0,0,123153000.0,10146494000.0,158.0,0,863868000,49368000,449640000,430137000,-106923000,0,381238000.0,3048778000.0,16,1968338000.0,101255000,353419000.0,19503000,0,13000.0,-201573000,584434000.0,0.0,64713000,0,-158227000,-271788000,484572000.0,-553314000.0,-96123000.0,302971000,170267000,302971000,302971000,2548743000,0,445527000,4,879813000.0,113076000,0.0,-464764000,0,-7732000,0.0,-35330000,0,4,10,3,158.0,0,3496212000.0,-389094000,1522811000,13364000.0,0.0,7785926000.0,3122678000.0,1981166000,4291745000.0,3494181000.0,7785926000.0,12114832000.0,0.0,2015.0,2.42,125194628.1,Jacobs Engineering Group,reports,Industrials,Industrial Conglomerates,"Pasadena, California",2007-10-26,52988,United States
JNPR,2015-12-31,679100000.0,-218900000,-59800000,14,-210300000,8334800000.0,108.0,1420900000.0,0,0.0,1779200000.0,162.0,0,345200000,176500000,852200000,852200000,-21100000,0,1021000000.0,2981300000.0,63,3078600000.0,218500000,33900000.0,0,0,-304200000.0,164800000,1648800000.0,1244200000.0,0,0,595000000,-218700000,892500000.0,-581400000.0,-508700000.0,633700000,179900000,633700000,633700000,780700000,-600000,912000000,19,426400000.0,183700000,822900000.0,-19200000,0,5800000,248900000.0,-43500000,0,18,19,13,162.0,994500000,-3741200000.0,-1032400000,1172700000,299900000.0,527100000.0,8619200000.0,2912400000.0,1801900000,4574400000.0,4044800000.0,8619200000.0,4857800000.0,0.0,2015.0,1.62,391172839.5,Juniper Networks,reports,Information Technology,Networking Equipment,"Sunnyvale, California",,1043604,United States
JPM,2015-12-31,178000000000.0,22664000000,0,10,0,92500000000.0,,573000000000.0,0,4105000000.0,0.0,,0,0,4940000000,38165000000,30702000000,-276000000,0,14362000000.0,47325000000.0,100,89716000000.0,6260000000,7623000000.0,7463000000,0,-44375000000.0,-40168000000,416000000000.0,1560000000000.0,41879000000,0,-84879000000,-7341000000,73466000000.0,-188000000000.0,107000000000.0,24442000000,8199000000,22406000000,24442000000,46605000000,0,30702000000,34,106000000000.0,0,1280000000000.0,171000000,-95036000000,0,0.0,53389000000,3827000000,34,12,27,,0,146000000000.0,277000000,59014000000,189000000000.0,0.0,2350000000000.0,0.0,0,248000000000.0,2100000000000.0,2350000000000.0,89716000000.0,-21691000000.0,2015.0,6.05,4040000000.0,JPMorgan Chase & Co.,reports,Financials,Banks,"New York, New York",1975-06-30,19617,United States
JWN,2016-01-30,1740000000.0,-56000000,0,69,-1082000000,0.0,20.0,595000000.0,-203000000,2539000000.0,9168000000.0,104.0,0,540000000,497000000,1101000000,976000000,0,0,3735000000.0,435000000.0,36,5269000000.0,376000000,0.0,125000000,1945000000,924000000.0,48000000,2795000000.0,0.0,0,0,-308000000,-232000000,2451000000.0,-2539000000.0,-144000000.0,600000000,238000000,600000000,600000000,196000000,0,1101000000,8,514000000.0,278000000,1161000000.0,-58000000,37000000,14000000,581000000.0,1327000000,0,7,112,4,37.0,0,-1610000000.0,-1098000000,4168000000,10000000.0,0.0,7698000000.0,3014000000.0,2911000000,871000000.0,6827000000.0,7698000000.0,14437000000.0,0.0,2015.0,3.22,186335403.7,Nordstrom,reports,Consumer Discretionary,Department Stores,"Seattle, Washington",1986-08-31,72333,United States
K,2016-01-02,1907000000.0,-127000000,-91000000,29,-553000000,745000000.0,4.0,251000000.0,-42000000,105000000.0,8844000000.0,56.0,0,685000000,534000000,1000000000,773000000,-50000000,0,3621000000.0,4968000000.0,35,4681000000.0,159000000,2268000000.0,227000000,1250000000,-456000000.0,488000000,5289000000.0,456000000.0,10000000,0,21000000,-192000000,1691000000.0,-706000000.0,-1127000000.0,614000000,276000000,614000000,614000000,1344000000,0,1091000000,8,716000000.0,391000000,1362000000.0,-1376000000,0,-118000000,1414000000.0,-52000000,0,6,36,5,35.0,0,6597000000.0,-470000000,3590000000,2470000000.0,0.0,15265000000.0,3236000000.0,5739000000,2128000000.0,13137000000.0,15265000000.0,13525000000.0,-3943000000.0,2015.0,1.74,352873563.2,Kellogg Co.,reports,Consumer Staples,Packaged Foods & Meats,"Battle Creek, Michigan",,55067,United States
KIM,2015-12-31,265241000.0,-2867000,170048000,18,-200527000,5608881000.0,,189534000.0,0,4134000.0,304477000.0,,152349000,0,344527000,513620000,294729000,0,665719000,9669325000.0,0.0,74,862292000.0,60230000,0.0,218891000,0,-123529000.0,164000,5376310000.0,750124000.0,135651000,86709000,48870000,2212000,493701000.0,-512854000.0,21365000.0,894115000,-648286000,831215000,1063106000,199076000,51458000,343572000,29,383763000.0,0,0.0,5588000,0,345421000,433960000.0,-99980000,344527000,25,6,77,,0,-572335000.0,-50138000,122735000,0.0,0.0,11344171000.0,0.0,0,5046300000.0,6297871000.0,11344171000.0,1166769000.0,0.0,2015.0,2.01,444833333.3,Kimco Realty,reports,Real Estate,REITs,"New Hyde Park, New York",,879101,United States
KLAC,2015-06-30,103342000.0,-118520000,-121200000,87,-45791000,474216000.0,238.0,838025000.0,27500000,158000.0,1215229000.0,390.0,78648000,47145000,80536000,540140000,434131000,-13991000,0,314591000.0,335263000.0,57,1598820000.0,67973000,11895000.0,106009000,617904000,964012000.0,90999000,3173435000.0,0.0,0,0,2308789000,207164000,605906000.0,-1302972000.0,918221000.0,366158000,147330000,366158000,234489000,821747000,0,661340000,24,181039000.0,77814000,881440000.0,-40573000,-30229000,0,182230000.0,11903000,0,15,103,13,328.0,530616000,-12362000.0,-555880000,406864000,16981000.0,1549086000.0,4826012000.0,3904576000.0,1001763000,421439000.0,4404573000.0,4826012000.0,2814049000.0,0.0,2015.0,2.26,162016814.2,KLA-Tencor Corp.,reports,Information Technology,Semiconductor Equipment,"Milpitas, California",,319201,United States
KMB,2015-12-31,4680000000.0,0,17000000,582,-1056000000,609000000.0,10.0,619000000.0,0,473000000.0,11967000000.0,85.0,0,766000000,746000000,1630000000,1335000000,-128000000,149000000,7104000000.0,1446000000.0,36,6624000000.0,418000000,0.0,295000000,1909000000,-146000000.0,0,6170000000.0,247000000.0,214000000,0,850000000,-170000000,2306000000.0,-1298000000.0,-1050000000.0,1013000000,939000000,1013000000,1066000000,2281000000,0,1613000000,9,619000000.0,617000000,0.0,-3278000000,-4000000,152000000,1517000000.0,-445000000,0,7,767,5,55.0,0,4994000000.0,-872000000,5011000000,1669000000.0,0.0,14842000000.0,5426000000.0,6349000000,-174000000.0,15016000000.0,14842000000.0,18591000000.0,-2972000000.0,2015.0,2.78,364388489.2,Kimberly-Clark,reports,Consumer Staples,Household Products,"Irving, Texas",,55785,United States
KMI,2015-12-31,2185000000.0,382000000,-38000000,1,-3896000000,41661000000.0,7.0,289000000.0,34000000,22000000.0,6452000000.0,69.0,7352000000,0,2360000000,772000000,772000000,-10000000,414000000,40547000000.0,23790000000.0,55,7951000000.0,564000000,3551000000.0,0,407000000,-1947000000.0,-230000000,42406000000.0,6040000000.0,284000000,0,-824000000,-86000000,5303000000.0,327000000.0,-5706000000.0,253000000,2683000000,227000000,667000000,1355000000,2069000000,2447000000,17,0.0,773000000,1059000000.0,-461000000,-1000000,137000000,2230000000.0,-134000000,2309000000,5,2,2,59.0,0,-6103000000.0,5410000000,1126000000,821000000.0,0.0,84104000000.0,2824000000.0,4065000000,35119000000.0,48985000000.0,84104000000.0,14403000000.0,0.0,2015.0,0.1,2530000000.0,Kinder Morgan,reports,Energy,Oil & Gas Refining & Marketing & Transportation,"Houston, Texas",2012-05-25,1506307,United States
KMX,2015-02-28,706671000.0,-1427766000,-3292000,19,-309817000,1123520000.0,32.0,321728000.0,-445450000,104435000.0,12381189000.0,260.0,175738000,0,115173000,993804000,969331000,0,0,1862538000.0,0.0,13,1887527000.0,371973000,0.0,24473000,2086874000,-11763000.0,-26086000,8818750000.0,8435504000.0,0,0,1514145000,-600295000,-968130000.0,728579000.0,-360744000.0,597358000,234763000,597358000,597358000,137690000,0,997096000,7,133483000.0,44646000,0.0,-65391000,0,-39164000,225493000.0,-16122000,0,7,31,4,51.0,0,1994221000.0,-834518000,890431000,290502000.0,0.0,13198201000.0,2590938000.0,997173000,3156785000.0,10041416000.0,13198201000.0,14268716000.0,0.0,2015.0,2.77,215652707.6,Carmax Inc,reports,Consumer Discretionary,Specialty Stores,"Richmond, Virginia",2010-06-28,1170010,United States
KO,2015-12-31,9991000000.0,0,1244000000,29,-2553000000,14016000000.0,74.0,7309000000.0,0,1760000000.0,17482000000.0,124.0,0,4691000000,1970000000,10461000000,9605000000,-878000000,489000000,12571000000.0,11289000000.0,61,26812000000.0,2239000000,12843000000.0,856000000,2902000000,-1752000000.0,0,28407000000.0,15788000000.0,210000000,0,2696000000,-1649000000,10528000000.0,-5113000000.0,-6186000000.0,7351000000,1349000000,7351000000,7840000000,3941000000,0,8728000000,20,4207000000.0,6652000000,1133000000.0,-10174000000,251000000,-1881000000,4301000000.0,-157000000,0,22,38,17,113.0,0,65018000000.0,-2319000000,18084000000,15806000000.0,12591000000.0,90093000000.0,33395000000.0,26930000000,25554000000.0,64539000000.0,90093000000.0,44294000000.0,-45066000000.0,2015.0,1.69,4349704142.0,Coca Cola Company,reports,Consumer Staples,Soft Drinks,"Atlanta, Georgia",,21344,United States
KORS,2015-03-28,326300000.0,-83300000,-1000000,39,-356200000,636700000.0,300.0,978900000.0,-112400000,0.0,1723800000.0,610.0,23000000,95300000,144200000,1256000000,1255800000,-27100000,0,562900000.0,14000000.0,61,2647700000.0,374800000,61500000.0,200000,519900000,0.0,38200000,0.0,0.0,0,0,0,7700000,857900000.0,-434700000.0,-388400000.0,881000000,16600000,881000000,881000000,363400000,800000,1257000000,29,33500000.0,127500000,0.0,-66800000,0,-32200000,22000000.0,-26400000,138400000,29,56,20,450.0,0,2168800000.0,-480000000,1251500000,0.0,0.0,2684600000.0,1989700000.0,326300000,2241000000.0,443600000.0,2684600000.0,4371500000.0,-497700000.0,2015.0,4.35,202528735.6,Michael Kors Holdings,reports,Consumer Discretionary,"Apparel, Accessories & Luxury Goods","New York, New York",2013-11-13,1530721,United States
KR,2016-01-30,7375000000.0,-59000000,0,30,-3349000000,2980000000.0,2.0,277000000.0,-184000000,1918000000.0,85496000000.0,76.0,0,1752000000,2089000000,3576000000,3094000000,0,0,19619000000.0,2724000000.0,22,24334000000.0,1045000000,1053000000.0,482000000,6168000000,0.0,267000000,9709000000.0,0.0,-22000000,0,-349000000,9000000,4833000000.0,-1254000000.0,-3570000000.0,2039000000,713000000,2039000000,2039000000,1734000000,0,3576000000,3,609000000.0,1713000000,3226000000.0,-680000000,-8000000,-221000000,2667000000.0,-42000000,2089000000,3,45,2,29.0,0,14011000000.0,-609000000,18669000000,2370000000.0,0.0,33897000000.0,9892000000.0,12971000000,6820000000.0,27077000000.0,33897000000.0,110000000000.0,-11409000000.0,2015.0,2.09,975598086.1,Kroger Co.,reports,Consumer Staples,Food Retail,"Cincinnati, Ohio",,56873,United States
KSS,2016-01-30,2587000000.0,0,-169000000,12,-690000000,2944000000.0,26.0,707000000.0,-215000000,4000000.0,12265000000.0,187.0,0,257000000,934000000,1384000000,1057000000,0,0,8308000000.0,0.0,36,6939000000.0,384000000,0.0,327000000,4038000000,0.0,-154000000,4581000000.0,0.0,0,0,-263000000,-700000000,1474000000.0,-1493000000.0,-681000000.0,673000000,193000000,673000000,673000000,0,0,1553000000,8,222000000.0,331000000,0.0,-17000000,-27000000,9000000,563000000.0,43000000,934000000,6,19,4,38.0,0,12329000000.0,-854000000,4452000000,127000000.0,0.0,13606000000.0,5076000000.0,2714000000,5491000000.0,8115000000.0,13606000000.0,19204000000.0,-9769000000.0,2015.0,3.48,193390804.6,Kohl's Corp.,reports,Consumer Discretionary,General Merchandise Stores,"Menomonee Falls, Wisconsin",,885639,United States
KSU,2015-12-31,401500000.0,12000000,-67600000,12,-832200000,947100000.0,18.0,136600000.0,-26200000,1100000.0,759200000.0,71.0,0,1191100000,284600000,754500000,672600000,0,18300000,7705400000.0,0.0,69,1659600000.0,187300000,0.0,81900000,137900000,-17400000.0,-31400000,2045000000.0,34700000.0,310400000,0,102800000,-211400000,909300000.0,-247700000.0,-873000000.0,483500000,199100000,483300000,494200000,171900000,0,803800000,33,63900000.0,90600000,0.0,-4700000,0,-23400000,122600000.0,-14100000,284600000,28,17,20,53.0,0,2964700000.0,-190000000,571200000,356100000.0,0.0,8341000000.0,537000000.0,757600000,3914300000.0,4426700000.0,8341000000.0,2418800000.0,0.0,2015.0,4.41,109637188.2,Kansas City Southern,reports,Industrials,Railroads,"Kansas City, Missouri",2013-05-24,54480,United States
LB,2016-01-30,1869000000.0,-10000000,76000000,484,-727000000,545000000.0,136.0,2548000000.0,-92000000,156000000.0,6950000000.0,222.0,30000000,257000000,415000000,2268000000,1934000000,-1000000,0,2330000000.0,1318000000.0,43,5204000000.0,681000000,411000000.0,334000000,1122000000,-10000000.0,180000000,5715000000.0,0.0,1000000,0,995000000,867000000,1869000000.0,-558000000.0,-443000000.0,1253000000,-38000000,1253000000,1253000000,261000000,0,2192000000,18,248000000.0,225000000,0.0,40000000,0,294000000,904000000.0,161000000,0,16,747,10,162.0,0,315000000.0,-450000000,3012000000,6000000.0,0.0,8493000000.0,4156000000.0,1875000000,-259000000.0,8752000000.0,8493000000.0,12154000000.0,-1315000000.0,2015.0,4.3,291395348.8,L Brands Inc.,reports,Consumer Discretionary,Apparel Retail,"Columbus, Ohio",1983-09-30,701985,United States
LEG,2015-12-31,593900000.0,-16400000,4400000,30,-103200000,529500000.0,36.0,253200000.0,-49100000,2000000.0,2994000000.0,187.0,0,38600000,113200000,490900000,449800000,-19900000,0,540800000.0,806100000.0,24,923200000.0,121800000,192300000.0,41100000,504600000,0.0,-104900000,945400000.0,0.0,12100000,0,-3300000,-79600000,359100000.0,-349200000.0,-69600000.0,329200000,87500000,325100000,328000000,520200000,4100000,486500000,12,117200000.0,33200000,103900000.0,-91100000,-6800000,33600000,184700000.0,-400000,20800000,11,41,8,115.0,0,2209200000.0,-183200000,411800000,3400000.0,0.0,2967600000.0,1311200000.0,701200000,1085600000.0,1869900000.0,2955500000.0,3917200000.0,-1564000000.0,2015.0,2.31,142510822.5,Leggett & Platt,reports,Industrials,Industrial Conglomerates,"Carthage, Missouri",,58492,United States
LEN,2015-11-30,475909000.0,-405171000,30870000,14,-91355000,2305560000.0,,906913000.0,-1126907000,21364000.0,7757571000.0,,0,0,63540000,1222070000,1209616000,0,105184000,0.0,0.0,18,1716437000.0,390416000,0.0,12454000,8740596000,-231043000.0,225790000,5025130000.0,741551000.0,301128000,0,573610000,-123369000,-419646000.0,394670000.0,-98393000.0,802894000,11180000,802894000,908078000,74538000,0,1086016000,11,3955911000.0,0,0.0,39000,113000,224005000,2968398000.0,-7278000,0,13,21,8,,0,3429736000.0,-12487000,630421000,0.0,0.0,14419509000.0,0.0,0,5648944000.0,8770565000.0,14419509000.0,9474008000.0,-107755000.0,2015.0,3.87,207466149.9,Lennar Corp.,reports,Consumer Discretionary,Homebuilding,"Miami, Florida",,920760,United States
LH,2015-12-31,1130500000.0,-88700000,-5900000,9,-255800000,1974500000.0,42.0,716400000.0,-200000,12000000.0,5776800000.0,157.0,0,1245700000,457800000,1007000000,732100000,-35700000,10000000,1747400000.0,6227700000.0,33,2903300000.0,294100000,3323500000.0,274900000,191000000,8000000.0,-1900000,5992100000.0,58200000.0,14900000,0,3109400000,136400000,982400000.0,3184600000.0,-3994900000.0,436900000,115100000,436900000,446900000,1415300000,113900000,1002900000,12,201900000.0,340300000,146100000.0,-287000000,-100000,-3747100000,323100000.0,62300000,164500000,8,15,5,145.0,0,4223000000.0,98900000,1622000000,424900000.0,0.0,14221700000.0,2663000000.0,1701500000,4944400000.0,9277300000.0,14221700000.0,8680100000.0,-978100000.0,2015.0,,,Laboratory Corp. of America Holding,reports,Health Care,Health Care Facilities,"Burlington, North Carolina",,920148,United States
LKQ,2015-12-31,664340000.0,14704000,2263000,14,-170490000,1090713000.0,12.0,87397000.0,-83188000,3055000.0,4359104000.0,311.0,0,127239000,128192000,706890000,649030000,-2960000,-6104000,696567000.0,2319246000.0,39,2833529000.0,219703000,215117000.0,57860000,1556552000,0.0,-4222000,1528668000.0,0.0,0,0,-239027000,-27208000,529837000.0,-224092000.0,-329993000.0,423223000,36627000,423223000,423223000,590160000,19511000,704627000,10,76195000.0,106603000,31596000.0,-105470000,-7581000,-159503000,125278000.0,14501000,122120000,9,21,6,104.0,0,2126384000.0,8168000,1987271000,56034000.0,0.0,5647837000.0,2340712000.0,751970000,3114682000.0,2533155000.0,5647837000.0,7192633000.0,0.0,2015.0,,,LKQ Corporation,reports,Consumer Discretionary,Distributors,"Chicago, Illinois",2016-05-23,1065696,United States
LLL,2015-12-31,1766000000.0,50000000,-15000000,6,-197000000,0.0,7.0,207000000.0,-38000000,6052000000.0,9576000000.0,147.0,3000000,219000000,285000000,491000000,322000000,-19000000,0,1097000000.0,6281000000.0,9,890000000.0,25000000,199000000.0,169000000,333000000,0.0,-34000000,3143000000.0,0.0,74000000,0,-296000000,-235000000,1042000000.0,-1178000000.0,-192000000.0,-240000000,998000000,-240000000,297000000,2827000000,384000000,475000000,5,273000000.0,865000000,614000000.0,-574000000,-36000000,5000000,1415000000.0,57000000,0,3,7,2,135.0,0,5728000000.0,-658000000,0,499000000.0,0.0,12085000000.0,4232000000.0,2879000000,4355000000.0,7730000000.0,12085000000.0,10466000000.0,-6851000000.0,2015.0,-2.97,80808080.81,L-3 Communications Holdings,reports,Industrials,Industrial Conglomerates,"New York, New York",,1056239,United States
LLTC,2015-06-28,136058000.0,-5924000,2690000,33,-62560000,2052250000.0,658.0,195679000.0,-8551000,240000.0,355727000.0,866.0,0,85612000,54098000,685389000,685389000,0,0,287742000.0,0.0,76,1119412000.0,164426000,11585000.0,0,99861000,-151261000.0,-14792000,0.0,0.0,0,0,0,38356000,598919000.0,-346742000.0,-213821000.0,520963000,56941000,520963000,520963000,227757000,0,682699000,46,0.0,54412000,46860000.0,561000,0,0,37622000.0,-3816000,0,46,43,35,812.0,266761000,-475124000.0,-83528000,169952000,0.0,1007043000.0,1884079000.0,1584752000.0,182918000,1577927000.0,306152000.0,1884079000.0,1475139000.0,0.0,2015.0,2.13,244583568.1,Linear Technology Corp.,reports,Information Technology,Semiconductors,"Milpitas, California",,791907,United States
LLY,2015-12-31,3203100000.0,-304500000,0,17,-1066200000,5552100000.0,54.0,3666400000.0,-736300000,691300000.0,5037200000.0,153.0,0,0,1427700000,2790000000,2790000000,-85600000,0,8053500000.0,4039900000.0,75,14921500000.0,381600000,5034800000.0,0,3445800000,1161500000.0,461600000,7972400000.0,3646600000.0,19000000,0,-181600000,-205200000,2772800000.0,-2919200000.0,26800000.0,2408400000,-145300000,2408400000,2408400000,4071600000,902700000,2790000000,14,2220500000.0,604400000,5020400000.0,-7593900000,139200000,-68500000,4776600000.0,-338800000,0,14,19,12,111.0,4796400000,16011800000.0,-749500000,6432400000,6100000.0,785400000.0,35568900000.0,12573600000.0,8229600000,14571300000.0,20978600000.0,35549900000.0,19958700000.0,-90000000.0,2015.0,2.27,1060969163.0,Lilly (Eli) & Co.,reports,Health Care,Pharmaceuticals,"Indianapolis, Indiana",1970-12-31,59478,United States
LMT,2015-12-31,10155000000.0,-256000000,30000000,116,-939000000,0.0,8.0,1090000000.0,-398000000,303000000.0,36044000000.0,105.0,6068000000,0,1026000000,4742000000,4299000000,0,0,5389000000.0,10695000000.0,11,4492000000.0,1173000000,4022000000.0,443000000,4819000000,0.0,876000000,14305000000.0,0.0,0,0,9101000000,-356000000,5101000000.0,4277000000.0,-9734000000.0,3605000000,-205000000,3605000000,3126000000,7254000000,0,4712000000,12,8557000000.0,1410000000,2807000000.0,-11444000000,5000000,-8795000000,17984000000.0,453000000,0,11,139,9,70.0,0,14238000000.0,-2897000000,-220000000,956000000.0,0.0,49304000000.0,14573000000.0,13918000000,3097000000.0,46207000000.0,49304000000.0,40536000000.0,0.0,2015.0,11.62,310240963.9,Lockheed Martin Corp.,reports,Industrials,Aerospace & Defense,"Bethesda, Maryland",1984-07-31,936468,United States
LNT,2015-12-31,402400000.0,19800000,37600000,10,0,1663000000.0,0.0,5800000.0,0,1100000.0,2171600000.0,61.0,14600000,2381200000,413700000,648400000,461300000,0,33800000,9519100000.0,0.0,33,1082000000.0,70400000,0.0,187100000,223500000,-1034300000.0,30100000,3522200000.0,346300000.0,0,0,86200000,-51100000,871200000.0,-3100000.0,-919200000.0,388400000,34500000,378200000,390900000,397600000,0,577000000,18,1788400000.0,199900000,483700000.0,-8900000,6800000,115100000,1308400000.0,-15300000,401300000,14,12,12,44.0,0,2068900000.0,151200000,103700000,473200000.0,0.0,12495200000.0,826800000.0,1359300000,3924100000.0,8571100000.0,12495200000.0,3253600000.0,0.0,2015.0,3.36,115595238.1,Alliant Energy Corp,reports,Utilities,Electric Utilities,"Madison, Wisconsin",2016-07-01,352541,United States
LOW,2016-01-29,6453000000.0,0,0,33,-1197000000,0.0,7.0,405000000.0,-582000000,455000000.0,38504000000.0,101.0,241000000,729000000,1587000000,4419000000,4419000000,-9000000,0,19577000000.0,0.0,35,20570000000.0,1873000000,0.0,0,9458000000,-175000000.0,594000000,11545000000.0,222000000.0,0,0,1209000000,-61000000,4784000000.0,-3493000000.0,-1343000000.0,2546000000,673000000,2546000000,2546000000,0,0,4971000000,8,665000000.0,391000000,2935000000.0,-394000000,55000000,29000000,846000000.0,-34000000,1484000000,7,58,4,11.0,0,7593000000.0,-3800000000,14115000000,1104000000.0,307000000.0,31266000000.0,10561000000.0,10492000000,7654000000.0,23612000000.0,31266000000.0,59074000000.0,0.0,2015.0,2.73,932600732.6,Lowe's Cos.,reports,Consumer Discretionary,Home Improvement Retail,"Mooresville, North Carolina",1984-02-29,60667,United States
LRCX,2015-06-28,949641000.0,-294155000,-47189000,13,-198265000,5366773000.0,155.0,1501539000.0,-207462000,159000.0,2974976000.0,238.0,0,0,315470000,740850000,740850000,-9017000,0,621418000.0,1387509000.0,43,2284336000.0,85273000,728140000.0,0,943346000,-952240000.0,133256000,1001382000.0,0.0,0,241808000,990710000,48862000,785503000.0,378472000.0,-1106096000.0,655577000,235313000,655577000,655577000,1093582000,79444000,788039000,15,356732000.0,157435000,322070000.0,-57796000,-660000,44409000,386953000.0,-52496000,0,14,15,12,202.0,825242000,4096855000.0,-506917000,591611000,1359650000.0,2574947000.0,9364648000.0,6270849000.0,2631361000,5103144000.0,4261504000.0,9364648000.0,5259312000.0,-4302847000.0,2015.0,4.11,159507785.9,Lam Research,reports,Information Technology,Semiconductor Equipment,"Fremont, California",2012-06-29,707549,United States
LUK,2015-12-31,7107081000.0,463620000,1567425000,2,-295894000,4986819000.0,81.0,4389732000.0,0,362617000.0,7677233000.0,133.0,1575368000,0,172073000,1265417000,356536000,-5554000,110281000,721875000.0,0.0,24,2439269000.0,109947000,2648362000.0,908881000,0,1067441000.0,-5472653000,7407594000.0,2361089000.0,64679000,191633000,-449009000,-638127000,-761755000.0,-651983000.0,781165000.0,252111000,128414000,279587000,246589000,3830967000,7353000,-412289000,4,1482092000.0,10829882000,16807298000.0,438793000,750000,9618000,0.0,3694680000,224133000,4,3,2,133.0,0,4612982000.0,-103897000,2620072000,4235316000.0,18500445000.0,46339812000.0,37551026000.0,28149695000,10401211000.0,35813601000.0,46214812000.0,10116502000.0,0.0,2015.0,0.74,340690540.5,Leucadia National Corp.,reports,Financials,Multi-Sector Holdings,"New York, New York",2007-08-27,96223,United States
LUV,2015-12-31,3779000000.0,-88000000,-547000000,30,-2041000000,1374000000.0,41.0,1583000000.0,0,808000000.0,6025000000.0,54.0,0,2490000000,1015000000,3569000000,3479000000,0,0,15601000000.0,970000000.0,70,13795000000.0,1298000000,0.0,90000000,311000000,237000000.0,1055000000,2541000000.0,0.0,0,0,277000000,301000000,3238000000.0,-1024000000.0,-1913000000.0,2181000000,4000000,2181000000,2181000000,474000000,39000000,4116000000,21,717000000.0,188000000,2990000000.0,-1051000000,1000000,-109000000,1517000000.0,-929000000,1015000000,18,47,11,50.0,0,9409000000.0,-1134000000,8625000000,637000000.0,1468000000.0,21312000000.0,4024000000.0,7406000000,7358000000.0,13954000000.0,21312000000.0,19820000000.0,-3182000000.0,2015.0,3.3,660909090.9,Southwest Airlines,reports,Industrials,Airlines,"Dallas, Texas",1994-07-01,92380,United States
LVLT,2015-12-31,955000000.0,-87000000,-406000000,34,-1229000000,19642000000.0,61.0,862000000.0,0,4000000.0,4265000000.0,124.0,3441000000,977000000,1190000000,925000000,283000000,-18000000,0,9878000000.0,7749000000.0,48,3964000000.0,-3150000000,1127000000.0,642000000,0,0.0,23000000,10994000000.0,0.0,0,0,-219000000,274000000,1855000000.0,-219000000.0,-1344000000.0,3433000000,-2693000000,3433000000,3215000000,757000000,0,1331000000,16,201000000.0,130000000,446000000.0,-301000000,0,-115000000,632000000.0,-11000000,1166000000,3,3,42,124.0,0,-9219000000.0,0,1467000000,15000000.0,0.0,24145000000.0,1749000000.0,1416000000,10126000000.0,14019000000.0,24145000000.0,8229000000.0,0.0,2015.0,9.71,353553038.1,Level 3 Communications,reports,Telecommunications Services,Alternative Carriers,"Broomfield, Colorado",2014-11-05,794323,United States
LYB,2015-12-31,3992000000.0,780000000,58000000,68,-1440000000,10202000000.0,46.0,931000000.0,-240000000,31000000.0,25683000000.0,225.0,0,2127000000,1063000000,6519000000,6209000000,-48000000,339000000,8991000000.0,536000000.0,22,7052000000.0,1730000000,640000000.0,310000000,4051000000,416000000.0,-786000000,7671000000.0,2127000000.0,24000000,0,1045000000,-107000000,5842000000.0,-4850000000.0,-1051000000.0,4476000000,675000000,4476000000,4479000000,2517000000,0,6122000000,19,674000000.0,1226000000,0.0,-1438000000,187000000,-27000000,2036000000.0,-124000000,0,19,95,14,132.0,102000000,9841000000.0,-4656000000,828000000,357000000.0,1064000000.0,22757000000.0,9789000000.0,4349000000,6550000000.0,16207000000.0,22757000000.0,32735000000.0,-12086000000.0,2015.0,9.62,465280665.3,LyondellBasell,reports,Materials,Diversified Chemicals,"Rotterdam, Netherlands",2012-09-05,1489393,Netherlands
M,2016-01-30,5086000000.0,-45000000,2000000,25,-777000000,621000000.0,19.0,1109000000.0,-60000000,3000000.0,16496000000.0,134.0,0,1477000000,1047000000,2041000000,1678000000,0,0,7616000000.0,3897000000.0,39,10583000000.0,608000000,514000000.0,363000000,5506000000,0.0,-379000000,6995000000.0,0.0,3000000,0,264000000,-1137000000,1984000000.0,-2029000000.0,-1092000000.0,1072000000,353000000,1072000000,1072000000,558000000,288000000,2039000000,8,897000000.0,479000000,0.0,-1043000000,0,-315000000,2123000000.0,-2000000,0,6,39,4,37.0,0,6334000000.0,-1833000000,8256000000,642000000.0,0.0,20576000000.0,7652000000.0,5728000000,4250000000.0,16326000000.0,20576000000.0,27079000000.0,-1665000000.0,2015.0,3.26,328834355.8,Macy's Inc.,reports,Consumer Discretionary,Department Stores,"Cincinnati, Ohio",,794367,United States
MA,2015-12-31,4101000000.0,-133000000,-59000000,63,-177000000,4004000000.0,130.0,7183000000.0,0,0.0,0.0,175.0,317000000,79000000,1130000000,5019000000,4958000000,-260000000,0,675000000.0,1891000000.0,100,9667000000.0,1150000000,803000000.0,61000000,0,210000000.0,125000000,3268000000.0,0.0,34000000,0,1735000000,610000000,4043000000.0,-2458000000.0,-715000000.0,3808000000,-75000000,3808000000,3808000000,2147000000,61000000,5078000000,53,1580000000.0,663000000,2168000000.0,-676000000,-17000000,-748000000,572000000.0,-812000000,366000000,51,82,39,175.0,0,16222000000.0,-3491000000,4162000000,0.0,991000000.0,16250000000.0,10984000000.0,6269000000,6028000000.0,10222000000.0,16250000000.0,9667000000.0,-13522000000.0,2015.0,3.36,1133333333.0,Mastercard Inc.,reports,Information Technology,Internet Software & Services,"Harrison, New York",2008-07-18,1141391,United States
MAA,2015-12-31,232159000.0,0,186633000,12,-366923000,3627074000.0,,63641000.0,0,753000.0,280901000.0,,5232000,0,278299000,474764000,352420000,0,-2000,6716555000.0,1607000.0,73,761878000.0,1673000,0.0,122344000,0,-96320000.0,3729000,3437926000.0,1811000.0,165726000,8250000,-71707000,10906000,463721000.0,-316600000.0,-136215000.0,350745000,-185936000,332287000,350745000,0,2777000,288131000,28,58935000.0,0,0.0,-1589000,0,327028000,0.0,15801000,294520000,34,12,34,,0,-634141000.0,84000,53992000,11623000.0,0.0,6847781000.0,0.0,0,2992097000.0,3855684000.0,6847781000.0,1042779000.0,0.0,2015.0,4.41,79534013.61,Mid-America Apartments,reports,Real Estate,Residential REITs,"Memphis, Tennessee",2016-12-02,912595,United States
MAC,2015-12-31,1021157000.0,-5117000,390020000,10,-298584000,4926630000.0,,127899000.0,0,1544000.0,497359000.0,,587283000,0,462945000,684981000,473038000,0,45164000,8796912000.0,0.0,61,790790000.0,-3223000,0.0,211943000,0,-415436000.0,-3316000,5102424000.0,1532552000.0,355825000,0,773515000,1603000,540377000.0,-437750000.0,-101024000.0,487562000,-450939000,487562000,522912000,213930000,0,296448000,23,0.0,0,0.0,0,0,612996000,63756000.0,13892000,464472000,37,10,38,,0,-212760000.0,-400658000,29870000,0.0,0.0,11258576000.0,0.0,0,4715414000.0,6543162000.0,11258576000.0,1288149000.0,0.0,2015.0,3.08,158299350.6,Macerich,reports,Real Estate,Retail REITs,"Santa Monica, California",2013-05-09,912242,United States
MAR,2015-12-31,1981000000.0,0,56000000,24,-305000000,2821000000.0,3.0,96000000.0,0,5000000.0,12363000000.0,43.0,672000000,0,139000000,1422000000,1255000000,0,16000000,1029000000.0,943000000.0,15,2123000000.0,396000000,1451000000.0,167000000,0,140000000.0,0,3807000000.0,380000000.0,0,0,325000000,-8000000,1430000000.0,-1805000000.0,367000000.0,859000000,558000000,859000000,875000000,1103000000,0,1350000000,9,223000000.0,185000000,952000000.0,-196000000,0,532000000,2632000000.0,-126000000,139000000,9,35,6,43.0,0,4878000000.0,-1877000000,634000000,300000000.0,0.0,6082000000.0,1384000000.0,3233000000,-3590000000.0,9672000000.0,6082000000.0,14486000000.0,-11098000000.0,2015.0,3.22,266770186.3,Marriott Int'l.,reports,Consumer Discretionary,"Hotels, Resorts & Cruise Lines","Bethesda, Maryland",,1048286,United States
MAS,2015-12-31,1399000000.0,-104000000,0,263,-158000000,0.0,61.0,1468000000.0,17000000,330000000.0,4889000000.0,138.0,0,0,153000000,914000000,689000000,-15000000,0,1027000000.0,839000000.0,32,2253000000.0,293000000,160000000.0,225000000,687000000,35000000.0,82000000,2403000000.0,0.0,193000000,0,-6000000,85000000,699000000.0,-410000000.0,-189000000.0,355000000,230000000,355000000,396000000,853000000,0,914000000,13,310000000.0,320000000,0.0,-165000000,137000000,-66000000,800000000.0,-73000000,0,10,510,5,110.0,0,-300000000.0,-454000000,1339000000,1004000000.0,0.0,5664000000.0,3328000000.0,2403000000,-135000000.0,5799000000.0,5664000000.0,7142000000.0,0.0,2015.0,1.03,344660194.2,Masco Corp.,reports,Industrials,Building Products,"Taylor, Michigan",1981-06-30,62996,United States
MAT,2015-12-31,1328658000.0,-136259000,8263000,14,-254181000,1789870000.0,54.0,892814000.0,-74262000,441369000.0,2896255000.0,194.0,0,0,265427000,549185000,463915000,-30676000,0,741147000.0,1384520000.0,49,2806358000.0,94499000,0.0,85270000,587521000,-61509000.0,248047000,1800000000.0,0.0,0,0,16914000,-78836000,734557000.0,-500222000.0,-282495000.0,369416000,60824000,369416000,369416000,1145099000,0,540922000,9,1230159000.0,571429000,0.0,-848899000,-17058000,33195000,473863000.0,1364000,0,8,18,6,159.0,0,3745815000.0,14995000,2265436000,316914000.0,0.0,6552689000.0,3196863000.0,1645572000,2633254000.0,3919435000.0,6552689000.0,5702613000.0,-2494901000.0,2015.0,1.08,342051851.9,Mattel Inc.,reports,Consumer Discretionary,Leisure Products,"El Segundo, California",1982-03-31,63276,United States
MCD,2015-12-31,2950400000.0,-180600000,48500000,64,-1813900000,6533400000.0,260.0,7685500000.0,44900000,16600000.0,15623800000.0,327.0,0,1704300000,1555700000,6555700000,6555700000,-246800000,0,23117600000.0,2516300000.0,39,9789200000.0,2026400000,0.0,0,100100000,0.0,303600000,24122100000.0,792700000.0,0,0,9755200000,5607600000,6539100000.0,735300000.0,-1420000000.0,4529300000,286200000,4529300000,4529300000,1298700000,0,7145500000,28,1869100000.0,558700000,0.0,-2879800000,-58700000,393900000,2074000000.0,0,0,26,92,18,323.0,0,44594500000.0,-5782000000,2643700000,0.0,0.0,37938700000.0,9643000000.0,2950400000,7087900000.0,30850800000.0,37938700000.0,25413000000.0,-41176800000.0,2015.0,4.82,939688796.7,McDonald's Corp.,reports,Consumer Discretionary,Restaurants,"Oak Brook, Illinois",1970-06-30,63908,United States
MCHP,2015-03-31,187844000.0,-15893000,-17362000,18,-149472000,999515000.0,553.0,607815000.0,25517000,202000.0,917472000.0,753.0,0,381192000,305501000,407941000,345907000,-201000,-317000,581572000.0,571271000.0,57,1229564000.0,-19418000,504417000.0,62034000,279456000,105652000.0,-15662000,1826858000.0,383326000.0,16372000,0,401727000,141212000,721182000.0,98548000.0,-678317000.0,369009000,59291000,369009000,368692000,344982000,2840000,425620000,20,75510000.0,81310000,166128000.0,11076000,-19504000,-634497000,157665000.0,-2897000,176746000,16,17,17,674.0,349543000,1549540000.0,34433000,274815000,0.0,1351054000.0,4780713000.0,2664617000.0,353972000,2044654000.0,2736059000.0,4780713000.0,2147036000.0,-515679000.0,2015.0,1.84,200548369.6,Microchip Technology,reports,Information Technology,Semiconductors,"Chandler, Arizona",2007-09-07,827054,United States
MCK,2015-03-31,30755000000.0,-2821000000,63000000,18,-376000000,6968000000.0,16.0,5341000000.0,-2144000000,4000000.0,168000000000.0,109.0,0,859000000,1017000000,3031000000,2657000000,-319000000,0,2045000000.0,9817000000.0,6,11411000000.0,815000000,3441000000.0,374000000,14296000000,0.0,4355000000,8180000000.0,0.0,84000000,1386000000,-402000000,1148000000,3112000000.0,-968000000.0,-677000000.0,1476000000,970000000,1476000000,1842000000,15914000000,150000000,2968000000,2,1897000000.0,1119000000,1078000000.0,-1720000000,-41000000,-301000000,1863000000.0,192000000,0,1,33,1,67.0,392000000,12705000000.0,-298000000,7901000000,1664000000.0,0.0,53870000000.0,36670000000.0,33497000000,8001000000.0,45869000000.0,53870000000.0,179000000000.0,-9956000000.0,2015.0,6.37,231711146.0,McKesson Corp.,reports,Health Care,Health Care Distributors,"San Francisco, California",,927653,United States
MCO,2015-12-31,583300000.0,-25400000,21300000,167,-89000000,451300000.0,183.0,1757400000.0,0,3400000.0,976300000.0,266.0,137700000,216300000,113500000,1494700000,1379600000,-62700000,0,306400000.0,976300000.0,72,2508200000.0,430000000,299100000.0,115100000,0,4600000.0,103500000,3401000000.0,0.0,232000000,0,852800000,537900000,1153600000.0,-461000000.0,-92000000.0,941300000,54400000,941300000,941300000,831300000,0,1473400000,42,160800000.0,179600000,635200000.0,-339500000,-1500000,-7600000,620600000.0,-42000000,113500000,40,244,27,266.0,0,6709000000.0,-1068400000,921300000,0.0,474800000.0,5123400000.0,3243100000.0,1218500000,-565000000.0,5688400000.0,5123400000.0,3484500000.0,-7389200000.0,2015.0,4.7,200276595.7,Moody's Corp,reports,Financials,Diversified Financial Services,"New York, New York",,1059556,United States
MDLZ,2015-12-31,7368000000.0,44000000,6044000000,26,-1514000000,31760000000.0,17.0,1870000000.0,-49000000,0.0,18124000000.0,82.0,0,4750000000,894000000,8897000000,7884000000,-255000000,0,8362000000.0,20664000000.0,39,11512000000.0,593000000,18768000000.0,1013000000,2609000000,-544000000.0,600000000,14557000000.0,5387000000.0,88000000,0,-1379000000,239000000,3728000000.0,-5883000000.0,2649000000.0,7267000000,-5080000000,7267000000,7291000000,3846000000,901000000,8897000000,30,704000000.0,633000000,2713000000.0,-9986000000,126000000,4707000000,4514000000.0,28000000,181000000,27,28,25,58.0,0,20700000000.0,-3622000000,7577000000,841000000.0,0.0,62843000000.0,8958000000.0,10922000000,28012000000.0,34831000000.0,62843000000.0,29636000000.0,-14462000000.0,2015.0,4.49,1618485523.0,Mondelez International,reports,Consumer Staples,Packaged Foods & Meats,"Northfield, Illinois",2012-10-02,1103982,United States
MET,2015-12-31,0.0,-699000000,0,8,0,30749000000.0,,12752000000.0,0,12000000.0,38714000000.0,,24130000000,10592000000,-448000000,7470000000,7470000000,-492000000,0,0.0,9477000000.0,45,31237000000.0,2148000000,0.0,0,0,-10339000000.0,7500000000,54994000000.0,490000000000.0,470000000,77000000,3999000000,1944000000,14129000000.0,-1295000000.0,-10398000000.0,5310000000,-2226000000,5152000000,5322000000,22863000000,0,7470000000,11,309000000000.0,0,0.0,4771000000,-1576000000,-59000000,744000000000.0,4232000000,16769000000,11,11,8,,0,35519000000.0,-1949000000,6998000000,100000000.0,9299000000.0,878000000000.0,0.0,0,67949000000.0,810000000000.0,878000000000.0,69951000000.0,-3102000000.0,2015.0,4.61,1151843818.0,MetLife Inc.,reports,Financials,Life & Health Insurance,"New York, New York",,1099219,United States
MHK,2015-12-31,1256025000.0,-14383000,-17619000,13,-503657000,1760016000.0,3.0,81692000.0,6400000,813000.0,5660877000.0,100.0,315368000,388130000,362647000,819947000,748861000,-17917000,0,3147118000.0,2293365000.0,30,2410686000.0,131875000,936541000.0,71086000,1607256000,0.0,-23725000,1196928000.0,0.0,6690000,21952000,960659000,-16185000,911873000.0,964083000.0,-1874224000.0,615302000,39761000,615302000,616986000,1257505000,0,837566000,10,0.0,303519000,0.0,-793568000,10533000,-1370567000,215463000.0,-75813000,0,9,15,8,50.0,0,4102707000.0,0,1573120000,2003003000.0,0.0,9942364000.0,3249972000.0,3259028000,4854173000.0,5088191000.0,9942364000.0,8071563000.0,-215795000.0,2015.0,2.59,237568339.8,Mohawk Industries,reports,Consumer Discretionary,Home Furnishings,"Amsterdam, New York",2013-12-23,851968,United States
MJN,2015-12-31,1214800000.0,10400000,-39000000,103,-173700000,-564200000.0,136.0,1701400000.0,25800000,1900000.0,1455300000.0,208.0,118500000,8700000,99100000,936200000,871200000,-46200000,0,964000000.0,126000000.0,64,2616000000.0,215900000,54900000.0,65000000,484900000,0.0,2700000,2981000000.0,0.0,39800000,0,1463600000,403700000,909900000.0,-286800000.0,-173200000.0,653500000,77800000,653500000,653500000,355700000,0,975200000,24,132300000.0,60400000,35500000.0,-347800000,-5900000,500000,347600000.0,38800000,0,21,138,16,169.0,108400000,640400000.0,-1437000000,1532400000,3000000.0,0.0,3998100000.0,2602400000.0,1253300000,-632300000.0,4630400000.0,3998100000.0,4071300000.0,-362600000.0,2015.0,3.28,199237804.9,Mead Johnson,reports,Consumer Staples,Packaged Foods & Meats,"Glenview, Illinois",2009-12-21,1452575,United States
MKC,2015-11-30,895600000.0,46500000,1100000,24,-128400000,0.0,9.0,112600000.0,-18000000,1039600000.0,2559000000.0,110.0,0,0,105900000,549500000,496200000,-16200000,36700000,618400000.0,1759300000.0,40,1737300000.0,131300000,372100000.0,53300000,710800000,0.0,40400000,1051400000.0,365400000.0,16700000,0,118000000,35300000,590000000.0,-199600000.0,-338900000.0,401600000,16000000,401600000,401600000,455200000,61500000,548400000,13,0.0,78800000,0.0,-406100000,0,-210500000,495700000.0,-2400000,0,12,30,9,52.0,0,1036700000.0,-112700000,1127400000,343000000.0,0.0,4472600000.0,1357400000.0,1238600000,1670200000.0,2802400000.0,4472600000.0,4296300000.0,0.0,2015.0,3.14,127898089.2,McCormick & Co.,reports,Consumer Staples,Packaged Foods & Meats,"Sparks, Maryland",,63754,United States
MLM,2015-12-31,266606000.0,12309000,10672000,7,-318232000,3287827000.0,46.0,168409000.0,-21525000,643000.0,2817803000.0,295.0,0,583459000,263587000,490088000,413801000,0,0,3156000000.0,2068235000.0,20,721767000.0,124863000,510552000.0,76287000,469141000,1808000.0,-40053000,1553649000.0,0.0,2893000,0,-11268000,59758000,573151000.0,-601939000.0,88546000.0,288792000,106935000,288792000,288938000,410921000,8464000,479416000,14,144777000.0,33697000,81339000.0,-105622000,0,404970000,397256000.0,-37040000,0,12,10,8,167.0,0,874436000.0,-482884000,233887000,19246000.0,0.0,6961732000.0,1082168000.0,367191000,4057284000.0,2904448000.0,6961732000.0,3539570000.0,0.0,2015.0,4.31,67005104.41,Martin Marietta Materials,reports,Materials,Construction Materials,"Raleigh, North Carolina",2014-07-02,916076,United States
MMC,2015-12-31,3696000000.0,-52000000,51000000,25,-325000000,861000000.0,,1374000000.0,0,561000000.0,0.0,,1138000000,0,423000000,2470000000,2307000000,-301000000,0,773000000.0,7889000000.0,100,12893000000.0,671000000,1036000000.0,163000000,0,-65000000.0,-408000000,4414000000.0,0.0,89000000,0,1030000000,-584000000,1888000000.0,-906000000.0,-1265000000.0,1599000000,226000000,1599000000,1636000000,3471000000,0,2419000000,19,2535000000.0,0,0.0,-4220000000,-49000000,-875000000,3504000000.0,63000000,3140000000,18,35,12,,0,11302000000.0,-1225000000,7334000000,12000000.0,0.0,18216000000.0,0.0,0,6513000000.0,11703000000.0,18216000000.0,12893000000.0,-1991000000.0,2015.0,3.01,531229235.9,Marsh & McLennan,reports,Financials,Insurance Brokers,"New York, New York",1987-08-31,62709,United States
MMM,2015-12-31,2670000000.0,-58000000,26000000,42,-1461000000,4791000000.0,27.0,1798000000.0,3000000,9000000.0,15383000000.0,154.0,0,0,1435000000,6972000000,6823000000,-54000000,0,8515000000.0,9249000000.0,49,14891000000.0,1982000000,2601000000.0,149000000,3518000000,1300000000.0,-735000000,8753000000.0,126000000.0,39000000,0,3482000000,-99000000,6420000000.0,-3648000000.0,-2817000000.0,4833000000,806000000,4833000000,4833000000,4154000000,0,6946000000,23,1406000000.0,1398000000,2404000000.0,-6359000000,-120000000,-2656000000,5544000000.0,128000000,0,23,60,16,105.0,1763000000,36296000000.0,-4603000000,6182000000,2044000000.0,118000000.0,32883000000.0,10986000000.0,7118000000,11429000000.0,21454000000.0,32883000000.0,30274000000.0,-23308000000.0,2015.0,7.72,626036269.4,3M Company,reports,Industrials,Industrial Conglomerates,"St. Paul, Minnesota",,66740,United States
MNST,2015-12-31,481918000.0,-76731000,159365000,11,-35605000,3991857000.0,568.0,2175417000.0,-7068000,1035000.0,1090263000.0,697.0,261310000,351590000,30860000,891548000,891548000,-5306000,0,97354000.0,1279715000.0,60,1632301000.0,344815000,427986000.0,0,156121000,64365000.0,463703000,0.0,15348000.0,0,0,-1083000,1805094000,207986000.0,1202348000.0,400066000.0,546733000,-745719000,546733000,546733000,477955000,0,893653000,33,10874000.0,28499000,32271000.0,-21878000,0,173298000,0.0,-3792000,0,33,19,20,666.0,0,1394863000.0,888694000,0,0.0,744610000.0,5675189000.0,3582602000.0,514189000,4809410000.0,865779000.0,5675189000.0,2722564000.0,-556467000.0,2015.0,,,Monster Beverage,reports,Consumer Staples,Soft Drinks,"Corona, California",2012-06-28,865752,United States
MO,2015-12-31,7074000000.0,3000000,-223000000,182,-229000000,5813000000.0,33.0,2369000000.0,-33000000,935000000.0,14320000000.0,86.0,0,5663000000,225000000,8895000000,8078000000,0,757000000,1982000000.0,5285000000.0,44,11114000000.0,2835000000,12028000000.0,817000000,2031000000,-132000000.0,356000000,12915000000.0,6722000000.0,-7000000,37000000,-1793000000,-952000000,5810000000.0,-6747000000.0,-15000000.0,5241000000,-166000000,5241000000,5770000000,1299000000,4000000,8361000000,33,432000000.0,387000000,0.0,-3280000000,-221000000,346000000,3969000000.0,182000000,0,32,280,21,57.0,0,27257000000.0,-554000000,2749000000,4000000.0,0.0,32535000000.0,6086000000.0,7078000000,2880000000.0,29655000000.0,32535000000.0,25434000000.0,-27845000000.0,2015.0,2.67,1962921348.0,Altria Group Inc,reports,Consumer Staples,Tobacco,"Richmond, Virginia",,764180,United States
MON,2015-08-31,3950000000.0,68000000,71000000,33,-967000000,11464000000.0,72.0,3701000000.0,-425000000,6000000.0,6819000000.0,205.0,277000000,387000000,716000000,3594000000,3161000000,-325000000,0,4973000000.0,4061000000.0,55,8182000000.0,864000000,1332000000.0,433000000,3496000000,4000000.0,457000000,8429000000.0,42000000.0,15000000,0,1238000000,1334000000,3108000000.0,-430000000.0,-1019000000.0,2314000000,240000000,2314000000,2286000000,3182000000,393000000,3523000000,23,610000000.0,199000000,540000000.0,-2801000000,-36000000,-56000000,922000000.0,-273000000,0,21,45,15,138.0,1580000000,10374000000.0,-698000000,2686000000,687000000.0,47000000.0,21920000000.0,10625000000.0,5177000000,6990000000.0,14930000000.0,21920000000.0,15001000000.0,-12053000000.0,2015.0,4.85,477113402.1,Monsanto Co.,reports,Materials,Fertilizers & Agricultural Chemicals,"Creve Coeur, Missouri",2002-08-07,1110783,United States
MOS,2015-12-31,1979800000.0,-60700000,-77700000,10,-1000300000,6400000.0,62.0,1276300000.0,-53700000,3500000.0,7177400000.0,202.0,691900000,977400000,772200000,1201100000,1103300000,-264100000,-2400000,8721000000.0,1595300000.0,19,1717900000.0,99100000,0.0,97800000,1563500000,-172700000.0,263800000,3769500000.0,980500000.0,33200000,0,-42400000,-1098300000,1807600000.0,-893400000.0,-1748400000.0,1000400000,197500000,1000400000,1000400000,675000000,0,1278800000,14,1257400000.0,628600000,0.0,-1492900000,243200000,-575400000,1030600000.0,-313300000,0,12,12,11,126.0,0,11014800000.0,-709500000,439100000,67200000.0,0.0,17389500000.0,4143400000.0,2047000000,9531800000.0,7857700000.0,17389500000.0,8895300000.0,0.0,2015.0,2.79,358566308.2,The Mosaic Company,reports,Materials,Fertilizers & Agricultural Chemicals,"Plymouth, Minnesota",2011-09-26,1285785,United States
MPC,2015-12-31,5890000000.0,1292000000,119000000,22,-1998000000,11071000000.0,18.0,1127000000.0,80000000,7000000.0,55891000000.0,149.0,0,4020000000,1646000000,4374000000,4374000000,0,88000000,25164000000.0,4019000000.0,22,16160000000.0,1506000000,0.0,0,5225000000,-1545000000.0,-2400000000,11896000000.0,3622000000.0,6438000000,0,746000000,-367000000,4061000000.0,-987000000.0,-3441000000.0,2852000000,606000000,2852000000,2940000000,2927000000,0,4485000000,6,839000000.0,192000000,426000000.0,-318000000,-148000000,102000000,1179000000.0,-31000000,1646000000,6,33,4,67.0,0,9752000000.0,-932000000,10029000000,29000000.0,0.0,43115000000.0,9471000000.0,6345000000,13237000000.0,29878000000.0,43115000000.0,72051000000.0,-7275000000.0,2015.0,5.29,539130434.8,Marathon Petroleum,reports,Energy,Oil & Gas Refining & Marketing & Transportation,"Findlay, Ohio",2011-07-01,1510295,United States
MRK,2015-12-31,16618000000.0,-480000000,-1527000000,10,-1283000000,40222000000.0,70.0,8524000000.0,805000000,1788000000.0,14934000000.0,155.0,0,6535000000,6375000000,5401000000,5401000000,-1310000000,0,12507000000.0,17723000000.0,62,24564000000.0,942000000,22602000000.0,0,4700000000,3871000000.0,-588000000,23929000000.0,13039000000.0,91000000,0,3492000000,1083000000,12421000000.0,-5270000000.0,-4758000000.0,4442000000,1855000000,4442000000,4442000000,6484000000,619000000,6928000000,18,6144000000.0,5153000000,0.0,-4148000000,56000000,-7346000000,7345000000.0,-5000000,0,14,12,11,131.0,6704000000,45348000000.0,-3701000000,10313000000,2585000000.0,4903000000.0,102000000000.0,29764000000.0,19203000000,44676000000.0,57103000000.0,102000000000.0,39498000000.0,-38534000000.0,2015.0,1.58,2811392405.0,Merck & Co.,reports,Health Care,Pharmaceuticals,"Whitehouse Station, New Jersey",,310158,United States
MRO,2015-12-31,1578000000.0,817000000,194000000,12,-3476000000,6498000000.0,71.0,1221000000.0,36000000,770000000.0,1694000000.0,150.0,0,2749000000,2957000000,-2958000000,-2958000000,-2000000,145000000,27061000000.0,115000000.0,69,3828000000.0,-754000000,0.0,0,313000000,77000000.0,-965000000,7276000000.0,1003000000.0,0,0,908000000,-1177000000,1565000000.0,462000000.0,-3202000000.0,-2204000000,1074000000,-2204000000,-2204000000,912000000,2070000000,-3030000000,55,1542000000.0,144000000,150000000.0,-135000000,14000000,197000000,2004000000.0,-150000000,2957000000,54,16,40,132.0,0,14974000000.0,0,1831000000,1000000.0,0.0,32311000000.0,2590000000.0,1729000000,18553000000.0,13758000000.0,32311000000.0,5522000000.0,-3554000000.0,2015.0,-3.26,676073619.6,Marathon Oil Corp.,reports,Energy,Oil & Gas Exploration & Production,"Houston, Texas",1991-05-01,101778,United States
MSFT,2015-06-30,12385000000.0,1456000000,346000000,15,-5944000000,0.0,194.0,5595000000.0,-272000000,68465000000.0,33038000000.0,247.0,0,3390000000,5957000000,18507000000,18507000000,-73000000,0,14731000000.0,16939000000.0,65,60542000000.0,6314000000,4835000000.0,0,2902000000,-12868000000.0,-79000000,27808000000.0,12053000000.0,0,0,13661000000,-3074000000,29668000000.0,-9668000000.0,-23001000000.0,12193000000,10005000000,12193000000,12193000000,17908000000,10011000000,18161000000,19,3117000000.0,5461000000,29778000000.0,2522000000,362000000,-4189000000,13544000000.0,408000000,0,20,23,13,241.0,12046000000,9096000000.0,-13809000000,20324000000,7484000000.0,90931000000.0,174000000000.0,123000000000.0,49647000000,80083000000.0,94389000000.0,174000000000.0,93580000000.0,0.0,2015.0,1.49,8183221477.0,Microsoft Corp.,reports,Information Technology,Systems Software,"Redmond, Washington",1994-06-01,789019,United States
MTB,2015-12-31,1870714000.0,0,0,7,-81936000,6680768000.0,,24892612000.0,0,79782000.0,73814000.0,,0,0,175349000,1929135000,1674692000,0,-14267000,666682000.0,4593112000.0,0,0.0,595025000,140268000.0,254443000,0,9717938000.0,-46338000,0.0,102000000000.0,0,0,-9579879000,-5317000,1742408000.0,-9462007000.0,7714282000.0,1079667000,499539000,1079667000,1065400000,5961703000,0,0,0,0.0,0,91957841000.0,-249263000,574159000,-1921720000,0.0,-289139000,196424000,34,10,22,,0,8430502000.0,0,2796508000,2132182000.0,0.0,123000000000.0,0.0,0,16173289000.0,107000000000.0,123000000000.0,4995881000.0,0.0,2015.0,7.22,149538365.7,M&T Bank Corp.,reports,Financials,Banks,"Buffalo, New York",,36270,United States
MTD,2015-12-31,454895000.0,1625000,867000,61,-82506000,697570000.0,18.0,98887000.0,-18785000,448000.0,1043454000.0,142.0,33051000,50976000,64038000,490875000,463424000,-5461000,0,517229000.0,446284000.0,56,1351993000.0,110604000,115252000.0,27451000,214383000,-5415000.0,23703000,575138000.0,0.0,0,0,147387000,13624000,426868000.0,-307032000.0,-100751000.0,352820000,8586000,352820000,352820000,411420000,11148000,490008000,20,52187000.0,70642000,88829000.0,-266649000,-572000,-12830000,194552000.0,-5119000,30951000,19,80,15,104.0,119076000,2692317000.0,-465410000,700810000,14488000.0,0.0,1959335000.0,795332000.0,558212000,580457000.0,1378878000.0,1959335000.0,2395447000.0,-2543229000.0,2015.0,12.75,27672156.86,Mettler Toledo,reports,Health Care,Life Sciences Tools & Services,"Columbus, Ohio",2016-09-06,1037646,United States
MU,2015-09-03,2611000000.0,393000000,-18000000,24,-4021000000,7474000000.0,90.0,2287000000.0,116000000,108000000.0,10977000000.0,220.0,597000000,0,2805000000,2980000000,2609000000,-121000000,447000000,10554000000.0,0.0,32,5215000000.0,157000000,449000000.0,371000000,2340000000,-2220000000.0,-707000000,6252000000.0,3492000000.0,937000000,49000000,-117000000,-1863000000,5208000000.0,-718000000.0,-6232000000.0,2899000000,-170000000,2899000000,2899000000,2507000000,3000000,2998000000,19,455000000.0,228000000,205000000.0,13000000,68000000,9000000,698000000.0,-128000000,0,16,21,18,160.0,1540000000,5588000000.0,-669000000,674000000,1089000000.0,1234000000.0,24143000000.0,8596000000.0,3905000000,12302000000.0,11841000000.0,24143000000.0,16192000000.0,-881000000.0,2015.0,2.71,1069741697.0,Micron Technology,reports,Information Technology,Semiconductors,"Boise, Idaho",1994-09-27,723125,United States
MUR,2015-12-31,1648451000.0,0,167330000,43,-2549736000,910074000.0,27.0,283183000.0,0,195056000.0,832306000.0,86.0,227031000,678387000,1751097000,-3164887000,-3282262000,10294000,0,9818365000.0,0.0,70,1954810000.0,-1026490000,0.0,117375000,166788000,217352000.0,0,3040594000.0,0.0,0,0,139566000,-910125000,1183369000.0,-364561000.0,-1922121000.0,-2270833000,1672877000,-2270833000,-2255772000,573855000,3246081000,-3332217000,120,0.0,251302000,7297000.0,-704542000,-9129000,410263000,793474000.0,213122000,1668489000,118,62,81,77.0,0,6212201000.0,-250000000,372457000,18881000.0,173288000.0,11493812000.0,1448416000.0,1674629000,5306728000.0,6187084000.0,11493812000.0,2787116000.0,-1306061000.0,2015.0,-13.03,174277283.2,Murphy Oil,reports,Energy,Integrated Oil & Gas,"El Dorado, Arkansas",,717423,United States
NAVI,2015-12-31,0.0,175000000,0,25,0,2967000000.0,,2095000000.0,0,4000000.0,0.0,,0,0,12000000,3674000000,1600000000,0,0,0.0,0.0,0,0.0,604000000,705000000.0,0,0,10677000000.0,-181000000,0.0,127000000000.0,24000000,0,-11015000000,151000000,1910000000.0,-12445000000.0,10686000000.0,997000000,-204000000,997000000,996000000,0,32000000,0,0,4682000000.0,0,0.0,-51000000,-245000000,9000000,2710000000.0,1111000000,573000000,31,40,19,,0,2480000000.0,-945000000,918000000,2570000000.0,0.0,134000000000.0,0.0,0,3975000000.0,130000000000.0,134000000000.0,5197000000.0,-1425000000.0,2015.0,2.66,374812030.1,Navient,reports,Financials,Consumer Finance,"Newark, Delaware",2014-05-01,1593538,United States
NBL,2015-12-31,1128000000.0,453000000,516000000,24,-2979000000,6360000000.0,57.0,1028000000.0,0,5000000.0,979000000.0,126.0,0,2826000000,2131000000,-1956000000,-2219000000,0,90000000,21300000000.0,0.0,69,2204000000.0,222000000,0.0,263000000,0,108000000.0,-528000000,7976000000.0,0.0,0,0,-149000000,-155000000,2062000000.0,654000000.0,-2871000000.0,-2441000000,1492000000,-2441000000,-2351000000,450000000,1800000000,-2472000000,78,620000000.0,798000000,677000000.0,-33000000,-18000000,0,1219000000.0,-54000000,2131000000,70,21,77,126.0,0,4726000000.0,1112000000,745000000,0.0,0.0,24196000000.0,2276000000.0,1805000000,10370000000.0,13826000000.0,24196000000.0,3183000000.0,-688000000.0,2015.0,-6.07,402141680.4,Noble Energy Inc,reports,Energy,Oil & Gas Exploration & Production,"Houston, Texas",2007-10-08,72207,United States
NDAQ,2015-12-31,427000000.0,55000000,4000000,8,-133000000,3011000000.0,,357000000.0,0,2000000.0,1313000000.0,,643000000,626000000,138000000,741000000,630000000,-8000000,17000000,323000000.0,5395000000.0,60,1979000000.0,203000000,1959000000.0,111000000,0,-66000000.0,-20000000,2364000000.0,201000000.0,0,0,137000000,-126000000,685000000.0,-362000000.0,-441000000.0,428000000,135000000,428000000,445000000,316000000,209000000,609000000,18,2667000000.0,0,2366000000.0,-864000000,32000000,-226000000,607000000.0,-50000000,138000000,19,11,13,,0,3571000000.0,-382000000,1050000000,0.0,0.0,11861000000.0,0.0,0,5609000000.0,6252000000.0,11861000000.0,3292000000.0,-111000000.0,2015.0,2.56,167187500.0,NASDAQ OMX Group,reports,Financials,Diversified Financial Services,"New York, New York",2008-10-22,1120193,United States
NEE,2015-12-31,3899000000.0,90000000,462000000,12,-3511000000,8596000000.0,6.0,571000000.0,17000000,5000000.0,8596000000.0,67.0,0,13499000000,3203000000,5201000000,3990000000,0,107000000,61386000000.0,0.0,51,8890000000.0,1228000000,0.0,1211000000,1259000000,-4239000000.0,-140000000,26681000000.0,2988000000.0,538000000,0,1444000000,-6000000,6116000000.0,1883000000.0,-8005000000.0,2752000000,243000000,2752000000,2762000000,2265000000,28000000,4632000000,26,11310000000.0,2700000000,2320000000.0,-167000000,-143000000,-255000000,9080000000.0,-59000000,2831000000,23,18,16,55.0,0,14140000000.0,1967000000,1399000000,3888000000.0,0.0,82479000000.0,6795000000.0,10107000000,22574000000.0,59905000000.0,82479000000.0,17486000000.0,0.0,2015.0,6.11,450409165.3,NextEra Energy,reports,Utilities,MultiUtilities,"Juno Beach, Florida",1976-06-30,753308,United States
NEM,2015-12-31,727000000.0,0,128000000,2,-1401000000,9427000000.0,198.0,2782000000.0,0,847000000.0,4312000000.0,352.0,1718000000,840000000,1239000000,1291000000,966000000,-21000000,-45000000,17303000000.0,0.0,44,3417000000.0,644000000,0.0,325000000,1606000000,29000000.0,0,6087000000.0,402000000.0,2942000000,0,-462000000,379000000,2145000000.0,296000000.0,-2041000000.0,220000000,950000000,220000000,277000000,445000000,56000000,1163000000,15,776000000.0,131000000,540000000.0,-334000000,0,-669000000,2547000000.0,-336000000,1239000000,12,9,3,238.0,289000000,1410000000.0,813000000,670000000,149000000.0,19000000.0,25182000000.0,4983000000.0,1416000000,11350000000.0,13832000000.0,25182000000.0,7729000000.0,0.0,2015.0,0.43,511627907.0,Newmont Mining Corp. (Hldg. Co.),reports,Materials,Gold,"Denver, Colorado",1969-06-30,1164727,United States
NFLX,2015-12-31,393880000.0,0,-31225000,6,-91248000,0.0,65.0,1809330000.0,0,1324809000.0,4591476000.0,154.0,0,0,3547045000,274601000,141885000,-15924000,0,173412000.0,0.0,32,2188035000.0,19244000,4312817000.0,132716000,0,-8074000.0,172560000,2371362000.0,0.0,0,0,1500000000,695722000,-749439000.0,1640277000.0,-179192000.0,122641000,-4592012000,122641000,122641000,0,0,305826000,5,284802000.0,3121125000,3135744000.0,-43308000,-545000,-79870000,2078459000.0,327000,0,2,6,2,154.0,650788000,941925000.0,60351000,1231421000,0.0,501385000.0,10202871000.0,5431840000.0,3529624000,2223426000.0,7979445000.0,10202871000.0,6779511000.0,0.0,2015.0,0.29,422900000.0,Netflix Inc.,reports,Information Technology,Internet Software & Services,"Los Gatos, California",2010-12-20,1065280,United States
NFX,2015-12-31,632000000.0,83000000,245000000,244,-1745000000,2436000000.0,1.0,5000000.0,-2000000,2000000.0,497000000.0,97.0,0,35000000,917000000,-4816000000,-4947000000,0,0,3991000000.0,0.0,68,1060000000.0,-1585000000,0.0,131000000,34000000,0.0,-18000000,2467000000.0,125000000.0,0,0,-424000000,-9000000,1209000000.0,380000000.0,-1598000000.0,-3362000000,3616000000,-3362000000,-3362000000,262000000,0,-5061000000,325,27000000.0,324000000,2000000.0,-2000000,-3000000,90000000,240000000.0,-25000000,917000000,318,359,216,91.0,0,-1035000000.0,807000000,5204000000,13000000.0,0.0,4768000000.0,625000000.0,647000000,1379000000.0,3389000000.0,4768000000.0,1557000000.0,-22000000.0,2015.0,-21.18,158734655.3,Newfield Exploration Co,reports,Energy,Oil & Gas Exploration & Production,"Houston, Texas",2010-12-20,912750,United States
NKE,2015-05-31,6151000000.0,-216000000,58000000,26,-963000000,6773000000.0,94.0,3852000000.0,-621000000,3000000.0,16534000000.0,246.0,2587000000,1479000000,649000000,4205000000,4205000000,-83000000,0,3011000000.0,131000000.0,46,14067000000.0,932000000,281000000.0,0,4337000000,785000000.0,1237000000,1079000000.0,0.0,0,0,-26000000,1632000000,4680000000.0,-2790000000.0,-175000000.0,3273000000,502000000,3273000000,3273000000,3358000000,0,4175000000,14,0.0,1968000000,0.0,1246000000,0,3000000,0.0,-144000000,0,14,33,11,178.0,0,4685000000.0,-2020000000,9892000000,181000000.0,2072000000.0,21597000000.0,15587000000.0,6332000000,12707000000.0,8890000000.0,21597000000.0,30601000000.0,0.0,2015.0,,,Nike,reports,Consumer Discretionary,"Apparel, Accessories & Luxury Goods","Washington County, Oregon",1988-11-30,320187,United States
NLSN,2015-12-31,1055000000.0,-35000000,179000000,13,-134000000,5119000000.0,21.0,357000000.0,0,32000000.0,2539000000.0,113.0,78000000,1074000000,574000000,1272000000,961000000,-52000000,-3000000,490000000.0,7783000000.0,59,3633000000.0,383000000,4772000000.0,311000000,0,30000000.0,60000000,7028000000.0,0.0,194000000,0,510000000,84000000,1209000000.0,-492000000.0,-581000000.0,570000000,98000000,570000000,570000000,1235000000,51000000,1093000000,18,272000000.0,316000000,322000000.0,-1059000000,1000000,-477000000,887000000.0,-63000000,574000000,16,22,9,113.0,0,341000000.0,-595000000,1915000000,310000000.0,0.0,15303000000.0,1908000000.0,1687000000,4433000000.0,10870000000.0,15303000000.0,6172000000.0,0.0,2015.0,1.55,367741935.5,Nielsen Holdings,reports,Industrials,Research & Consulting Services,"New York, New York",2013-07-09,1492633,United States
NOV,2015-12-31,4247000000.0,1639000000,-109000000,5,-453000000,8005000000.0,49.0,2080000000.0,410000000,4000000.0,11694000000.0,278.0,488000000,1805000000,747000000,-486000000,-589000000,-111000000,13000000,3124000000.0,6980000000.0,21,3063000000.0,178000000,3849000000.0,103000000,4678000000,0.0,-2560000000,3928000000.0,327000000.0,77000000,0,762000000,-1456000000,1332000000.0,-2163000000.0,-514000000.0,-769000000,1818000000,-769000000,-767000000,4552000000,1689000000,-390000000,3,156000000.0,491000000,0.0,-1553000000,0,-61000000,283000000.0,45000000,0,4,4,5,168.0,0,9927000000.0,-2214000000,1764000000,2000000.0,0.0,26725000000.0,11801000000.0,4249000000,16383000000.0,10342000000.0,26725000000.0,14757000000.0,0.0,2015.0,-1.99,386432160.8,National Oilwell Varco Inc.,reports,Energy,Oil & Gas Equipment & Services,"Houston, Texas",,1021860,United States
NSC,2015-12-31,1294000000.0,109000000,103000000,13,-2385000000,2143000000.0,49.0,1101000000.0,-35000000,299000000.0,3662000000.0,113.0,0,8942000000,1059000000,2987000000,2442000000,0,0,28992000000.0,0.0,65,6849000000.0,886000000,0.0,545000000,271000000,235000000.0,-152000000,9393000000.0,2572000000.0,0,0,1083000000,128000000,2908000000.0,-693000000.0,-2087000000.0,1556000000,290000000,1556000000,1556000000,946000000,0,2884000000,27,63000000.0,194000000,237000000.0,-445000000,0,63000000,1385000000.0,81000000,1054000000,23,20,15,100.0,0,10191000000.0,-1063000000,2911000000,700000000.0,0.0,34139000000.0,2512000000.0,2231000000,12188000000.0,21951000000.0,34139000000.0,10511000000.0,0.0,2015.0,5.13,303313840.2,Norfolk Southern Corp.,reports,Industrials,Railroads,"Norfolk, Virginia",,702165,United States
NTAP,2015-04-24,985000000.0,75000000,-3000000,16,-175000000,0.0,197.0,1922000000.0,-24000000,3385000000.0,2290000000.0,250.0,0,1473000000,307000000,713000000,713000000,-59000000,0,1030000000.0,1027000000.0,63,3833000000.0,153000000,90000000.0,0,146000000,-645000000.0,94000000,1487000000.0,0.0,0,0,495000000,-369000000,1268000000.0,-675000000.0,-903000000.0,560000000,236000000,560000000,560000000,779000000,0,716000000,12,481000000.0,522000000,1724000000.0,-24000000,-9000000,-83000000,318000000.0,20000000,0,12,21,9,245.0,920000000,53000000.0,-1008000000,2197000000,0.0,3404000000.0,9401000000.0,6773000000.0,2709000000,3414000000.0,5987000000.0,9401000000.0,6123000000.0,0.0,2015.0,1.77,316384180.8,NetApp,reports,Information Technology,Internet Software & Services,"Sunnyvale, California",,1002047,United States
NTRS,2015-12-31,0.0,-16200000,0,11,-98500000,1072300000.0,,76167800000.0,0,408600000.0,0.0,,0,0,404900000,1618900000,1465000000,-73800000,0,446900000.0,526400000.0,0,0.0,491200000,0.0,0,0,-7242100000.0,198600000,0.0,70554500000.0,0,0,1161900000,3394000000,1834400000.0,8534100000.0,-6900700000.0,973800000,-63800000,950400000,973800000,2157000000,0,0,0,4464400000.0,0,96868900000.0,-372700000,8123500000,439900000,3352900000.0,543900000,-43000000,30,17,20,,0,8242800000.0,-402900000,3280600000,4953200000.0,0.0,117000000000.0,0.0,0,8705900000.0,108000000000.0,117000000000.0,4856500000.0,-1033600000.0,2015.0,4.03,241637717.1,Northern Trust Corp.,reports,Financials,Asset Management & Custody Banks,"Chicago, Illinois",,73124,United States
NUE,2015-12-31,1333858000.0,655489000,0,5,-374123000,1918970000.0,147.0,1939469000.0,593830000,151426000.0,14858014000.0,415.0,0,718613000,700017000,877440000,703909000,-10271000,5329000,4891153000.0,2011278000.0,10,1581262000.0,213154000,770672000.0,173531000,2145444000,-475000.0,-432399000,4360600000.0,0.0,369135000,0,-172116000,915325000,2157043000.0,-789751000.0,-441696000.0,357659000,217912000,357659000,357659000,1383823000,244833000,877440000,5,822916000.0,185644000,0.0,-351362000,-2184000,-67098000,0.0,-73890000,0,4,9,2,261.0,0,7255972000.0,-66081000,458989000,51315000.0,100000000.0,14250399000.0,5754380000.0,1385173000,7416878000.0,6833521000.0,14250399000.0,16439276000.0,-1558128000.0,2015.0,1.11,322215315.3,Nucor Corp.,reports,Materials,Steel,"Charlotte, North Carolina",1985-04-30,73309,United States
NVDA,2015-01-25,896000000.0,-49000000,42000000,14,-122000000,3855000000.0,516.0,497000000.0,-95000000,1000000.0,2083000000.0,638.0,0,0,248000000,801000000,755000000,0,0,557000000.0,618000000.0,56,2599000000.0,124000000,222000000.0,46000000,483000000,-625000000.0,-63000000,1398000000.0,0.0,0,0,-3000000,-655000000,906000000.0,-834000000.0,-727000000.0,631000000,230000000,631000000,631000000,537000000,0,759000000,16,91000000.0,70000000,0.0,8000000,-3000000,20000000,489000000.0,4000000,0,16,17,13,584.0,1360000000,3949000000.0,-660000000,480000000,0.0,4126000000.0,7201000000.0,5713000000.0,896000000,4418000000.0,2783000000.0,7201000000.0,4682000000.0,-3395000000.0,2015.0,1.14,553508771.9,Nvidia Corporation,reports,Information Technology,Semiconductors,"Santa Clara, California",,1045810,United States
NWL,2015-12-31,1556500000.0,-33800000,-184000000,19,-211400000,801400000.0,14.0,274800000.0,-97800000,287500000.0,3611100000.0,125.0,38500000,226600000,171600000,417400000,337500000,-12800000,0,599200000.0,2791200000.0,39,2304600000.0,78200000,1063700000.0,79900000,721800000,0.0,44000000,2687600000.0,0.0,3500000,0,537600000,75400000,565800000.0,172300000.0,-649900000.0,350000000,131800000,350000000,259300000,1250700000,77200000,601400000,10,291900000.0,246200000,43300000.0,-833800000,0,-438500000,548800000.0,0,0,6,19,6,89.0,0,2090900000.0,-186100000,1626000000,388800000.0,0.0,7278000000.0,2493500000.0,1988600000,1822900000.0,5455100000.0,7278000000.0,5915700000.0,-523100000.0,2015.0,1.3,269230769.2,Newell Brands,reports,Consumer Discretionary,Housewares & Specialties,"Sandy Springs, Georgia",1989-04-30,814453,United States
NWSA,2015-06-30,1363000000.0,29000000,75000000,1,-308000000,12433000000.0,92.0,1951000000.0,18000000,6000000.0,0.0,190.0,219000000,166000000,498000000,552000000,552000000,-94000000,58000000,2690000000.0,3063000000.0,100,8524000000.0,185000000,2203000000.0,0,0,-370000000.0,12000000,0.0,2379000000.0,171000000,0,-129000000,-873000000,988000000.0,-190000000.0,-1671000000.0,-147000000,509000000,-147000000,367000000,1283000000,84000000,363000000,4,467000000.0,780000000,747000000.0,-582000000,-1000000,-993000000,623000000.0,0,498000000,6,5,2,190.0,0,88000000.0,-30000000,7579000000,0.0,0.0,15035000000.0,4014000000.0,2110000000,11945000000.0,3070000000.0,15015000000.0,8524000000.0,0.0,2015.0,-0.26,565384615.4,News Corp. Class A,reports,Consumer Discretionary,Publishing,"New York, New York",2013-08-01,1564708,United States
O,2015-12-31,166170000.0,-2641000,22243000,4,-1266885000,0.0,,40294000.0,0,7666428000.0,55352000.0,,0,0,421168000,731939000,498860000,0,0,10618884000.0,15321000.0,95,967933000.0,3169000,1034417000.0,233079000,0,22013000.0,6168000,4603486000.0,0.0,21737000,0,-93612000,36442000,692303000.0,523194000.0,-1179055000.0,283766000,-17247000,256686000,283766000,81678000,10560000,731939000,72,75276000.0,0,0.0,0,-7383000,65817000,304881000.0,0,409215000,49,8,28,,0,-1530210000.0,1186186000,49298000,238000000.0,0.0,11865870000.0,0.0,0,6531596000.0,5334274000.0,11865870000.0,1023285000.0,0.0,2015.0,1.09,260335779.8,Realty Income Corporation,reports,Real Estate,Retail REITs,"San Diego, California",2015-04-07,726728,United States
OKE,2015-12-31,745025000.0,157051000,-177167000,73,-1188312000,1378444000.0,6.0,97619000.0,6050000,2458000.0,5641052000.0,60.0,0,1700963000,354620000,938663000,521876000,0,125300000,12373989000.0,0.0,27,2122154000.0,136600000,1017258000.0,416787000,204780000,33915000.0,-223596000,8323582000.0,948221000.0,3430538000,0,757282000,-75150000,1006980000.0,108589000.0,-1190719000.0,244977000,422137000,244977000,385276000,593979000,83673000,996159000,13,131433000.0,78832000,236251000.0,-127242000,0,-36322000,16964000.0,-88477000,354620000,7,155,3,47.0,0,0.0,396329000,693331000,656990000.0,0.0,15446111000.0,975210000.0,1638266000,335798000.0,15110313000.0,15446111000.0,7763206000.0,-917862000.0,2015.0,1.17,209382051.3,ONEOK,reports,Energy,Oil & Gas Exploration & Production,"Tulsa, Oklahoma",2010-03-15,1039684,United States
OMC,2015-12-31,11414600000.0,0,39600000,45,-202700000,859900000.0,18.0,2605200000.0,0,59600000.0,12491400000.0,84.0,0,469100000,281900000,1959700000,1778600000,-262600000,8400000,692700000.0,8676400000.0,17,2643000000.0,583600000,344800000.0,181100000,1122700000,-500000.0,0,3564200000.0,136600000.0,437000000,167900000,-1100000,217100000,2172300000.0,-1429100000.0,-263500000.0,1093900000,129400000,1093900000,1093900000,7220900000,0,1920100000,13,279700000.0,1017200000,1798400000.0,-1015400000,-88200000,-60300000,800500000.0,557600000,291100000,12,73,7,76.0,0,10178200000.0,-740900000,431800000,1006600000.0,14500000.0,22110700000.0,11980500000.0,14219600000,2452400000.0,19658300000.0,22110700000.0,15134400000.0,-7629900000.0,2015.0,4.43,246930022.6,Omnicom Group,reports,Consumer Discretionary,Advertising,"New York, New York",,29989,United States
ORLY,2015-12-31,2813720000.0,-23858000,3474000,47,-414020000,1281497000.0,4.0,116301000.0,-76226000,977000.0,3804031000.0,99.0,0,79772000,212362000,1517495000,1460366000,0,0,2861556000.0,757142000.0,52,4162643000.0,529150000,0.0,57129000,2631015000,4074000.0,271310000,1390018000.0,13219000.0,0,0,-25000,-134259000,1281476000.0,-1008547000.0,-407188000.0,931216000,-56990000,931216000,931216000,233687000,0,1514021000,19,34741000.0,29023000,232678000.0,0,0,2758000,199182000.0,23662000,0,18,74,12,12.0,0,678840000.0,-1071600000,2648622000,0.0,0.0,6676684000.0,3010026000.0,3046398000,1961314000.0,4715370000.0,6676684000.0,7966674000.0,0.0,2015.0,9.32,99915879.83,O'Reilly Automotive,reports,Consumer Discretionary,Specialty Stores,"Springfield, Missouri",2009-03-27,898173,United States
OXY,2015-12-31,5282000000.0,1431000000,219000000,32,-5272000000,7640000000.0,64.0,4394000000.0,-24000000,178000000.0,5804000000.0,137.0,0,5362000000,4544000000,-9537000000,-9684000000,0,208000000,31639000000.0,0.0,53,6676000000.0,-1330000000,0.0,147000000,986000000,819000000.0,-2320000000,6883000000.0,2396000000.0,0,0,4304000000,-588000000,3351000000.0,1484000000.0,-5423000000.0,-7829000000,8166000000,-7829000000,-8146000000,2970000000,10275000000,-9756000000,78,0.0,1052000000,110000000.0,-307000000,0,-970000000,0.0,-617000000,4544000000,78,40,63,123.0,0,25960000000.0,-556000000,1613000000,1450000000.0,0.0,43437000000.0,9402000000.0,6842000000,24350000000.0,19087000000.0,43437000000.0,12480000000.0,-9121000000.0,2015.0,-10.23,765298142.7,Occidental Petroleum,reports,Energy,Oil & Gas Exploration & Production,"Los Angeles, California",1982-12-31,797468,United States
PAYX,2015-05-31,262100000.0,-29800000,6400000,38,-102800000,880100000.0,105.0,4443400000.0,0,3600000.0,0.0,111.0,0,1800000,182800000,1060000000,1060000000,0,0,353900000.0,561500000.0,100,2739600000.0,385100000,32400000.0,0,0,-300900000.0,51100000,0.0,399800000.0,0,0,0,17500000,895200000.0,-592700000.0,-285000000.0,674900000,28600000,674900000,674900000,214500000,0,1053600000,38,31700000.0,63700000,4310900000.0,7500000,141500000,118700000,107200000.0,-12400000,0,39,59,25,111.0,0,894300000.0,-182400000,1686000000,0.0,366600000.0,6467500000.0,5088200000.0,4573000000,1785500000.0,4682000000.0,6467500000.0,2739600000.0,0.0,2015.0,1.86,362849462.4,Paychex Inc.,reports,Information Technology,Internet Software & Services,"Penfield, New York",,723531,United States
PBCT,2015-12-31,0.0,0,0,5,-80300000,5337700000.0,,6784200000.0,0,3900000.0,95500000.0,,0,0,63200000,431800000,390500000,0,0,257800000.0,1958700000.0,0,0.0,130400000,129100000.0,41300000,0,-3281200000.0,0,0.0,34378400000.0,0,0,618200000,-298400000,328300000.0,2720500000.0,-3347200000.0,260100000,90800000,260100000,260100000,0,0,0,0,1132700000.0,0,28417400000.0,-329000000,2279200000,14300000,382400000.0,-92600000,57300000,27,8,18,,0,880800000.0,24300000,836700000,4307300000.0,380500000.0,38877400000.0,0.0,0,4731600000.0,34145800000.0,38877400000.0,1421300000.0,-1161800000.0,2015.0,0.86,302441860.5,People's United Financial,reports,Financials,Thrifts & Mortgage Finance,"Bridgeport, Connecticut",2008-11-13,1378946,United States
PBI,2015-12-31,1817966000.0,82767000,94838000,228,-166329000,161280000.0,34.0,650557000.0,-7621000,323338000.0,1558591000.0,102.0,70294000,205668000,173312000,698408000,610825000,-44387000,0,510750000.0,1745957000.0,56,2019469000.0,189778000,187378000.0,87583000,88824000,-67522000.0,-89042000,2507912000.0,763054000.0,296370000,0,-275120000,-403561000,514639000.0,-570725000.0,-303088000.0,407943000,-103651000,407943000,421047000,1399081000,25782000,603570000,17,544221000.0,64325000,0.0,-888635000,4603000,-69237000,673739000.0,32556000,0,17,342,11,98.0,110156000,5155537000.0,-131719000,1279961000,461085000.0,117021000.0,6141462000.0,2319808000.0,2279051000,178721000.0,5962740000.0,6141461000.0,3578060000.0,-4573305000.0,2015.0,2.04,199972058.8,Pitney-Bowes,reports,Industrials,"Technology, Hardware, Software and Supplies","Stamford, Connecticut",,78814,United States
PCAR,2015-12-31,356900000.0,-168100000,453300000,23,-1725200000,69300000.0,110.0,2016400000.0,64300000,351300000.0,15292100000.0,171.0,0,889100000,0,2455100000,2337100000,-105800000,0,5549400000.0,0.0,18,3379200000.0,733100000,0.0,118000000,796500000,-676900000.0,339500000,5795000000.0,9303600000.0,0,0,663800000,278800000,2556000000.0,-196500000.0,-1974900000.0,1604000000,848000000,1604000000,1604000000,879000000,12400000,2001800000,11,871100000.0,245700000,0.0,-1017000000,0,427200000,1767600000.0,-131700000,583700000,13,34,9,146.0,239800000,7536800000.0,-179800000,541500000,2796500000.0,1448100000.0,21109800000.0,5385700000.0,3153400000,6940400000.0,11605100000.0,18545500000.0,18671300000.0,0.0,2015.0,4.52,354867256.6,PACCAR Inc.,reports,Industrials,Construction & Farm Machinery & Heavy Trucks,"Bellevue, Washington",1980-12-31,75362,United States
PCG,2015-12-31,1620000000.0,-177000000,126000000,5,-5173000000,0.0,6.0,357000000.0,37000000,11282000000.0,12713000000.0,91.0,0,9206000000,2612000000,1634000000,861000000,0,0,46723000000.0,0.0,24,4120000000.0,-27000000,0.0,773000000,439000000,-124000000.0,-12000000,15925000000.0,2605000000.0,252000000,0,1506000000,-28000000,3780000000.0,1403000000.0,-5211000000.0,888000000,1319000000,874000000,888000000,2116000000,0,1508000000,9,8093000000.0,2901000000,3564000000.0,-7000000,-27000000,86000000,14912000000.0,-887000000,2612000000,5,5,5,84.0,0,5301000000.0,780000000,0,1179000000.0,0.0,63234000000.0,5813000000.0,6363000000,16576000000.0,46406000000.0,62982000000.0,16833000000.0,0.0,2015.0,1.81,490607734.8,PG&E Corp.,reports,Utilities,MultiUtilities,"San Francisco, California",,1004980,United States
PCLN,2015-12-31,1004429000.0,-68694000,29642000,29,-173915000,5184910000.0,184.0,1478071000.0,0,482000.0,632180000.0,247.0,0,892576000,346759000,3288549000,3128320000,-149103000,0,274786000.0,3375000000.0,93,8591807000.0,576960000,2167533000.0,160229000,0,-3585452000.0,166201000,6158443000.0,7931363000.0,0,0,2251405000,-1671386000,3102231000.0,-729996000.0,-3894518000.0,2551360000,212125000,2551360000,2551360000,645169000,0,3258907000,35,118656000.0,258751000,434881000.0,244852000,-10700000,-135151000,134777000.0,-105520000,272494000,34,36,28,247.0,0,9191865000.0,-3068204000,5060406000,0.0,1171246000.0,17420575000.0,3553237000.0,1439310000,8795469000.0,8625106000.0,17420575000.0,9223987000.0,-5826640000.0,2015.0,50.09,50935516.07,Priceline.com Inc,reports,Consumer Discretionary,Internet & Direct Marketing Retail,"Norwalk, Connecticut",2009-11-06,1075531,United States
PDCO,2015-04-25,538369000.0,-39882000,3425000,15,-60662000,21026000.0,69.0,347260000.0,-21754000,1033000.0,2850316000.0,272.0,0,41413000,44523000,308011000,274318000,-19805000,0,839927000.0,299924000.0,27,1060549000.0,94235000,125025000.0,33693000,408422000,29717000.0,52841000,722542000.0,71686000.0,0,0,0,82352000,262691000.0,-150935000.0,-9599000.0,223261000,-17357000,223261000,180083000,586263000,0,304586000,8,35461000.0,177908000,39316000.0,-138084000,-188000,21346000,89485000.0,-36568000,0,7,18,6,202.0,0,1630148000.0,-40239000,0,0.0,53372000.0,2945248000.0,1573225000.0,577685000,1514123000.0,1431125000.0,2945248000.0,3910865000.0,0.0,2015.0,2.26,98788053.1,Patterson Companies,reports,Health Care,Health Care Supplies,"St. Paul, Minnesota",,891024,United States
PEG,2015-12-31,1507000000.0,0,99000000,13,-3863000000,0.0,11.0,394000000.0,0,4915000000.0,6239000000.0,98.0,0,8405000000,1427000000,3073000000,2680000000,0,12000000,26539000000.0,16000000.0,40,4176000000.0,1001000000,102000000.0,393000000,976000000,-37000000.0,-200000000,8834000000.0,3730000000.0,1000000,0,855000000,-8000000,3919000000.0,15000000.0,-3942000000.0,1679000000,523000000,1679000000,1691000000,1570000000,0,2962000000,28,3654000000.0,554000000,894000000.0,-295000000,-51000000,-42000000,3654000000.0,490000000,1214000000,26,21,16,70.0,0,9117000000.0,0,0,1174000000.0,0.0,37535000000.0,3494000000.0,3575000000,13066000000.0,24469000000.0,37535000000.0,10415000000.0,-671000000.0,2015.0,3.32,505722891.6,Public Serv. Enterprise Inc.,reports,Utilities,Electric Utilities,"Newark, New Jersey",,788784,United States
PEP,2015-12-26,13507000000.0,-461000000,59000000,45,-2758000000,4076000000.0,68.0,9096000000.0,-244000000,24000000.0,28731000000.0,131.0,0,4959000000,2416000000,8412000000,7442000000,-221000000,0,16317000000.0,14177000000.0,54,34325000000.0,1941000000,13081000000.0,970000000,2720000000,-400000000.0,1747000000,29213000000.0,2311000000.0,107000000,-145000000,4632000000,2962000000,10580000000.0,-3828000000.0,-3569000000.0,5452000000,1956000000,5452000000,5452000000,6437000000,1359000000,8353000000,13,750000000.0,1865000000,0.0,-13319000000,-52000000,-411000000,5887000000.0,-335000000,75000000,12,62,9,116.0,0,50472000000.0,-4501000000,24538000000,4071000000.0,2913000000.0,69667000000.0,23031000000.0,17578000000,12068000000.0,57599000000.0,69667000000.0,63056000000.0,-29185000000.0,2015.0,3.71,1469541779.0,PepsiCo Inc.,reports,Consumer Staples,Soft Drinks,"Purchase, New York",,77476,United States
PFE,2015-12-31,8249000000.0,21000000,-2860000000,11,-1397000000,81016000000.0,79.0,3641000000.0,-199000000,459000000.0,9648000000.0,149.0,1794000000,26877000000,5157000000,8965000000,8965000000,-1000000000,0,13766000000.0,48242000000.0,80,39203000000.0,1990000000,40356000000.0,0,7513000000,14638000000.0,728000000,32810000000.0,15999000000.0,278000000,0,1306000000,298000000,14512000000.0,-10233000000.0,-2980000000.0,6960000000,1805000000,6960000000,6975000000,10838000000,1152000000,11824000000,24,3499000000.0,2163000000,10990000000.0,-9522000000,298000000,-16221000000,13376000000.0,14000000,3728000000,18,14,14,123.0,7690000000,71993000000.0,-4897000000,14809000000,10160000000.0,19649000000.0,167000000000.0,43804000000.0,29399000000,64720000000.0,103000000000.0,167000000000.0,48851000000.0,-79252000000.0,2015.0,1.13,6159292035.0,Pfizer Inc.,reports,Health Care,Pharmaceuticals,"New York, New York",,78003,United States
PFG,2015-12-31,18400000.0,-251200000,0,13,-136400000,9544800000.0,,2564800000.0,0,4700000.0,6697700000.0,,3276100000,697200000,463800000,1430800000,1430800000,0,0,633800000.0,1009000000.0,44,5266700000.0,177600000,1359200000.0,0,0,-3031200000.0,3217100000,3446300000.0,70366100000.0,65800000,85700000,909300000,700900000,4377100000.0,-508600000.0,-3167600000.0,1234000000,145200000,1209300000,1253200000,1429300000,0,1430800000,12,138000000000.0,0,0.0,-882500000,-163400000,0,205000000000.0,-451000000,3672400000,12,15,10,,0,6875900000.0,-797000000,163500000,181100000.0,0.0,219000000000.0,0.0,0,9311600000.0,209000000000.0,219000000000.0,11964400000.0,-6231300000.0,2015.0,4.11,300243309.0,Principal Financial Group,reports,Financials,Diversified Financial Services,"Des Moines, Iowa",,1126328,United States
PGR,2015-12-31,2587000000.0,-591200000,-900000,17,-130700000,1218800000.0,,224400000.0,0,583600000.0,18705900000.0,,564100000,109300000,315100000,2047600000,1911600000,-200000,0,1037200000.0,447600000.0,10,2147900000.0,611100000,494900000.0,136000000,0,-1038500000.0,563100000,2707900000.0,18867500000.0,0,464900000,342300000,116000000,2292900000.0,-252800000.0,-1923900000.0,1267600000,-109800000,1267600000,1300500000,5675800000,0,1911600000,9,335800000.0,0,0.0,800400000,16800000,-754700000,16660800000.0,815200000,77500000,9,26,6,,0,4686600000.0,-208300000,22800000,0.0,2172000000.0,29819300000.0,0.0,0,7289400000.0,22529900000.0,29819300000.0,20853800000.0,0.0,2015.0,2.16,586851851.9,Progressive Corp.,reports,Financials,Property & Casualty Insurance,"Mayfield Village, Ohio",,80661,United States
PH,2015-06-30,2125978000.0,143179000,38893000,20,-215527000,622729000.0,81.0,1180584000.0,-70377000,90523000.0,9655245000.0,232.0,406267000,63222000,317491000,1550646000,1432240000,-111005000,0,1664022000.0,2942679000.0,24,3056499000.0,419687000,1013439000.0,118406000,1300459000,-355937000.0,-54844000,2723960000.0,811930000.0,3282000,0,1482478000,-432971000,1301941000.0,-1044744000.0,-579163000.0,1012140000,49524000,1012140000,1012140000,1984728000,0,1511753000,12,0.0,241684000,0.0,-1738618000,0,-7699000,2035411000.0,-95585000,0,11,28,8,176.0,0,9841885000.0,-1395091000,1544746000,223142000.0,733490000.0,12279282000.0,5440945000.0,2349120000,5104287000.0,7174995000.0,12279282000.0,12711744000.0,-3712232000.0,2015.0,7.08,142957627.1,Parker-Hannifin,reports,Industrials,Industrial Conglomerates,"Cleveland, Ohio",1985-11-30,76334,United States
PHM,2015-12-31,1901558000.0,0,-17363000,10,-45440000,3093802000.0,,775435000.0,-917298000,3491000.0,4353850000.0,,0,0,46222000,816023000,816023000,0,0,81492000.0,0.0,27,1628114000.0,321933000,110215000.0,0,5450058000,-454000.0,-23898000,2342382000.0,483982000.0,0,0,386530000,-533785000,-337590000.0,-161631000.0,-34564000.0,494090000,343053000,494090000,494090000,1394879000,0,833386000,14,893345000.0,0,186141000.0,-609000,0,11330000,0.0,-279759000,0,14,17,8,,0,1662641000.0,-432203000,794728000,0.0,0.0,9189406000.0,0.0,0,4759325000.0,4430081000.0,9189406000.0,5981964000.0,0.0,2015.0,1.38,358036231.9,Pulte Homes Inc.,reports,Consumer Discretionary,Homebuilding,"Atlanta, Georgia",1984-04-30,822416,United States
PKI,2016-01-03,541172000.0,6760000,0,10,-29632000,52932000.0,42.0,237932000.0,-28700000,112034000.0,1237859000.0,184.0,0,0,120778000,286134000,244015000,-15992000,0,167029000.0,2276149000.0,45,1024500000.0,31327000,490811000.0,42119000,288028000,0.0,-50326000,1011762000.0,1586000.0,0,0,-35072000,63111000,287098000.0,-107139000.0,-100856000.0,212425000,26644000,212425000,212688000,439015000,13590000,286134000,13,197559000.0,68186000,19190000.0,-45956000,-103000,-71224000,482607000.0,0,0,11,12,9,133.0,125928000,1991431000.0,-61534000,598848000,1123000.0,0.0,4166295000.0,1033161000.0,561485000,2110441000.0,2055854000.0,4166295000.0,2262359000.0,0.0,2015.0,1.89,112394179.9,PerkinElmer,reports,Health Care,Health Care Equipment,"Waltham, Massachusetts",1985-05-31,31791,United States
PM,2015-12-31,12156000000.0,647000000,0,52,-960000000,1929000000.0,22.0,3417000000.0,-841000000,0.0,56479000000.0,103.0,360000000,1543000000,754000000,10623000000,9615000000,-686000000,105000000,5721000000.0,7415000000.0,24,17429000000.0,2688000000,2623000000.0,1008000000,8473000000,-55000000.0,106000000,25250000000.0,890000000.0,1768000000,0,44000000,1735000000,7865000000.0,-4736000000.0,-708000000.0,6873000000,-182000000,6873000000,6873000000,3266000000,68000000,10623000000,14,1143000000.0,648000000,0.0,-9402000000,-104000000,307000000,3253000000.0,349000000,82000000,13,73,9,48.0,0,29842000000.0,1574000000,6656000000,3230000000.0,0.0,33956000000.0,15804000000.0,15386000000,-13244000000.0,47200000000.0,33956000000.0,73908000000.0,-35613000000.0,2015.0,4.42,1554977376.0,Philip Morris International,reports,Consumer Staples,Tobacco,"New York, New York",2008-03-31,1413329,United States
PNC,2015-12-31,4975000000.0,0,0,9,0,16197000000.0,,119000000000.0,0,2708000000.0,403000000.0,,0,0,1088000000,6149000000,5507000000,0,0,0.0,9103000000.0,0,0.0,1364000000,379000000.0,642000000,0,-15554000000.0,-1788000000,0.0,290000000000.0,1270000000,0,-2367000000,-295000000,5496000000.0,10469000000.0,-16260000000.0,4106000000,285000000,3881000000,4106000000,0,0,0,0,23092000000.0,0,249000000000.0,130000000,16606000000,-706000000,6783000000.0,1172000000,255000000,34,12,25,,0,29043000000.0,-2513000000,9463000000,21899000000.0,0.0,358000000000.0,0.0,0,44710000000.0,314000000000.0,358000000000.0,16270000000.0,-3368000000.0,2015.0,7.52,546010638.3,PNC Financial Services,reports,Financials,Banks,"Pittsburgh, Pennsylvania",1988-04-30,713676,United States
PNR,2015-12-31,841700000.0,48800000,2800000,2,-134300000,2860300000.0,8.0,126300000.0,1400000,1800000.0,4263200000.0,187.0,0,844200000,271700000,180000000,71300000,-44200000,2800000,942800000.0,5255400000.0,34,2185800000.0,139100000,2490100000.0,108700000,1174300000,0.0,-80400000,4709300000.0,0.0,0,0,1719400000,15900000,739300000.0,1286300000.0,-1965500000.0,-76400000,580900000,-76400000,-65000000,1167700000,554700000,177200000,3,388100000.0,312300000,644100000.0,-645000000,0,-1831200000,808200000.0,4000000,0,1,2,1,108.0,119600000,1791700000.0,-180600000,1334300000,700000.0,0.0,11857000000.0,2780600000.0,1486500000,4008800000.0,7848200000.0,11857000000.0,6449000000.0,0.0,2015.0,-0.42,181904761.9,Pentair Ltd.,reports,Industrials,Industrial Machinery,"Worsley, UK",2012-10-01,77360,United Kingdom
PNW,2015-12-31,561748000.0,-17926000,34272000,10,-1076087000,0.0,3.0,39488000.0,-23945000,2541668000.0,1969675000.0,62.0,128835000,3010002000,571664000,888874000,693910000,0,0,11684969000.0,0.0,44,1525768000.0,237720000,123975000.0,194964000,279931000,-33508000.0,-94859000,3462391000.0,747302000.0,135540000,0,279445000,31884000,1094327000.0,3790000.0,-1066233000.0,437257000,205775000,437257000,437257000,368395000,0,854602000,24,1452661000.0,202702000,445273000.0,-44748000,1000,43362000,2394091000.0,-2572000,494422000,20,15,13,42.0,0,2092803000.0,19373000,176744000,435296000.0,0.0,15028258000.0,890516000.0,1442317000,4583917000.0,10444341000.0,15028258000.0,3495443000.0,-5806000.0,2015.0,3.94,110978934.0,Pinnacle West Capital,reports,Utilities,MultiUtilities,"Phoenix, Arizona",,764622,United States
PPG,2015-12-31,3419000000.0,-150000000,71000000,28,-454000000,635000000.0,31.0,1311000000.0,31000000,969000000.0,8206000000.0,143.0,711000000,460000000,471000000,1908000000,1783000000,-63000000,0,2822000000.0,3669000000.0,44,6560000000.0,424000000,2178000000.0,125000000,1659000000,327000000.0,192000000,4026000000.0,367000000.0,86000000,0,342000000,625000000,1837000000.0,-754000000.0,-395000000.0,1406000000,-39000000,1406000000,1359000000,2709000000,152000000,1837000000,12,617000000.0,889000000,995000000.0,-2702000000,-15000000,-268000000,2826000000.0,-197000000,471000000,12,36,10,108.0,476000000,15521000000.0,-698000000,3624000000,281000000.0,144000000.0,17076000000.0,6712000000.0,4695000000,4983000000.0,12093000000.0,17076000000.0,14766000000.0,-9440000000.0,2015.0,5.18,271428571.4,PPG Industries,reports,Materials,Diversified Chemicals,"Pittsburgh, Pennsylvania",,79879,United States
PPL,2015-12-31,1455000000.0,101000000,108000000,7,-3533000000,9687000000.0,22.0,836000000.0,0,7000000.0,1718000000.0,68.0,0,4057000000,942000000,2939000000,2068000000,-10000000,0,30382000000.0,3550000000.0,78,5951000000.0,465000000,679000000.0,871000000,357000000,136000000.0,-238000000,18563000000.0,0.0,0,0,1330000000,-563000000,2615000000.0,68000000.0,-3588000000.0,682000000,1688000000,682000000,1603000000,1185000000,0,2831000000,37,2044000000.0,268000000,1020000000.0,-2728000000,-461000000,-191000000,2886000000.0,-208000000,883000000,27,21,9,59.0,0,2953000000.0,203000000,2237000000,1401000000.0,0.0,39301000000.0,2646000000.0,3876000000,9919000000.0,29382000000.0,39301000000.0,7669000000.0,0.0,2015.0,1.01,675247524.8,PPL Corp.,reports,Utilities,Electric Utilities,"Allentown, Pennsylvania",,922224,United States
PRU,2015-12-31,8714000000.0,0,0,13,0,24482000000.0,,17612000000.0,0,6000000.0,32747000000.0,,16718000000,0,113000000,7769000000,7769000000,69000000,15000000,0.0,0.0,43,24372000000.0,2072000000,0.0,0,0,-7852000000.0,8556000000,24439000000.0,412000000000.0,33000000,0,209000000,2694000000,13895000000.0,-3524000000.0,-7746000000.0,5642000000,-1905000000,5642000000,5712000000,0,0,7769000000,14,303000000000.0,0,0.0,12285000000,-1161000000,106000000,674000000000.0,1419000000,0,14,19,10,,0,18931000000.0,-1455000000,16603000000,9098000000.0,8105000000.0,757000000000.0,0.0,0,41890000000.0,715000000000.0,757000000000.0,57119000000.0,-13814000000.0,2015.0,12.37,456103476.2,Prudential Financial,reports,Financials,Diversified Financial Services,"Newark, New Jersey",,1137774,United States
PSX,2015-12-31,7487000000.0,2129000000,352000000,18,-5764000000,19145000000.0,41.0,3074000000.0,-144000000,6000000.0,77693000000.0,163.0,0,6041000000,1099000000,6354000000,6044000000,9000000,1573000000,19721000000.0,3275000000.0,22,21282000000.0,1764000000,906000000.0,310000000,3477000000,0.0,-2530000000,8843000000.0,12143000000.0,838000000,0,243000000,-2133000000,5713000000.0,-2117000000.0,-5738000000.0,4227000000,555000000,4227000000,4280000000,5173000000,7000000,4429000000,4,279000000.0,532000000,0.0,-653000000,5000000,26000000,2227000000.0,324000000,1099000000,6,26,4,117.0,0,12348000000.0,-1147000000,15747000000,44000000.0,0.0,48580000000.0,12256000000.0,7531000000,23100000000.0,25480000000.0,48580000000.0,98975000000.0,-7746000000.0,2015.0,7.78,543316195.4,Phillips 66,reports,Energy,Oil & Gas Refining & Marketing & Transportation,"Houston, Texas",2012-05-01,1534701,United States
PVH,2016-01-31,1332400000.0,33200000,4000000,13,-263800000,2822500000.0,36.0,556400000.0,-96200000,83500000.0,3858700000.0,184.0,0,0,257400000,760500000,647500000,-22600000,16600000,744600000.0,3219300000.0,52,4161600000.0,75100000,3646400000.0,117000000,1322300000,-26600000.0,57100000,3054300000.0,0.0,0,0,-340400000,77100000,899600000.0,-478400000.0,-321500000.0,572400000,7900000,572400000,589000000,685900000,0,743900000,9,273500000.0,248000000,32300000.0,-704200000,0,-31100000,1562600000.0,67800000,0,8,14,7,98.0,0,2561200000.0,-131000000,3417700000,162500000.0,0.0,10696400000.0,2812600000.0,1527200000,4552300000.0,6144100000.0,10696400000.0,8020300000.0,-210700000.0,2015.0,6.95,82359712.23,PVH Corp.,reports,Consumer Discretionary,"Apparel, Accessories & Luxury Goods","New York, New York",2013-02-15,78239,United States
PWR,2015-12-31,1181364000.0,101112000,-338000,10,-209968000,3497740000.0,11.0,128771000.0,-33524000,2000.0,6648771000.0,189.0,0,186491000,198944000,236699000,228675000,-3154000,-466000,1101959000.0,1552658000.0,12,923665000.0,97472000,205074000.0,8024000,75285000,-4338000.0,150531000,475364000.0,0.0,2321000,0,410652000,-61744000,618183000.0,-1217378000.0,-307113000.0,321824000,-114896000,310907000,131203000,1938878000,58451000,237503000,3,76333000.0,134585000,15313000.0,-294689000,0,-92807000,260129000.0,841910000,34848000,3,7,4,183.0,0,1677698000.0,-1603676000,592863000,7067000.0,0.0,5213543000.0,2277519000.0,1203744000,3085494000.0,2128049000.0,5213543000.0,7572436000.0,-1795257000.0,2015.0,1.59,202405031.4,Quanta Services Inc.,reports,Industrials,Industrial Conglomerates,"Houston, Texas",2009-07-01,1050915,United States
PX,2015-12-31,935000000.0,1000000,0,35,-1541000000,4005000000.0,8.0,147000000.0,-23000000,4000000.0,5960000000.0,139.0,0,1390000000,1106000000,2321000000,2160000000,-61000000,43000000,10998000000.0,2986000000.0,45,4816000000.0,612000000,568000000.0,161000000,531000000,0.0,-55000000,8975000000.0,665000000.0,404000000,113000000,168000000,21000000,2682000000.0,-1297000000.0,-1303000000.0,1547000000,215000000,1547000000,1547000000,1601000000,0,2321000000,22,476000000.0,347000000,702000000.0,-4596000000,0,238000000,1155000000.0,-109000000,1106000000,20,49,14,111.0,93000000,12229000000.0,-665000000,1296000000,256000000.0,0.0,18319000000.0,2626000000.0,1893000000,4389000000.0,13930000000.0,18319000000.0,10776000000.0,-7253000000.0,2015.0,5.39,287012987.0,Praxair Inc.,reports,Materials,Industrial Gases,"Danbury, Connecticut",1992-07-01,884905,United States
PYPL,2015-12-31,1356000000.0,113000000,27000000,9,-722000000,13100000000.0,25.0,1393000000.0,0,0.0,0.0,152.0,0,1505000000,608000000,1488000000,1488000000,-44000000,0,1344000000.0,4069000000.0,100,9248000000.0,260000000,358000000.0,0,0,-6117000000.0,258000000,0.0,2348000000.0,0,0,-862000000,-808000000,2546000000.0,4728000000.0,-8038000000.0,1228000000,1216000000,1228000000,1228000000,16582000000,48000000,1461000000,16,114000000.0,655000000,0.0,-9000000,-18000000,-1199000000,0.0,-877000000,608000000,16,11,13,152.0,792000000,668000000.0,3933000000,6339000000,12261000000.0,2018000000.0,28881000000.0,20648000000.0,13617000000,13759000000.0,15122000000.0,28881000000.0,9248000000.0,0.0,2015.0,1.0,1228000000.0,PayPal,reports,Information Technology,Data Processing & Outsourced Services,"San Jose, California",2015-07-20,1633917,United States
QCOM,2015-09-27,2161000000.0,550000000,815000000,17,-994000000,0.0,284.0,7560000000.0,93000000,0.0,10378000000.0,362.0,1453000000,2496000000,1214000000,6591000000,6487000000,-20000000,0,2534000000.0,5479000000.0,59,14903000000.0,1219000000,3742000000.0,104000000,1492000000,178000000.0,-1797000000,9969000000.0,13626000000.0,-7000000,0,10937000000,-347000000,5506000000.0,-2261000000.0,-3572000000.0,5271000000,971000000,5271000000,5268000000,2599000000,0,5776000000,23,1863000000.0,687000000,2939000000.0,195000000,38000000,-2756000000,817000000.0,-793000000,0,26,21,21,338.0,5490000000,31226000000.0,-10459000000,3637000000,1000000000.0,9761000000.0,50796000000.0,22099000000.0,6100000000,31421000000.0,19375000000.0,50796000000.0,25281000000.0,0.0,2015.0,3.26,1616871166.0,QUALCOMM Inc.,reports,Information Technology,Semiconductors,"San Diego, California",,804328,United States
QRVO,2015-03-28,314339000.0,-30369000,196000,3,-169862000,0.0,167.0,299814000.0,10423000,6584247000.0,1021658000.0,461.0,0,310189000,216992000,122662000,121241000,-868000,0,883371000.0,2140586000.0,40,689308000.0,-75062000,2307229000.0,1421000,346900000,-126252000.0,-11906000,0.0,4083000.0,0,0,-87503000,127916000,305624000.0,-112898000.0,-63942000.0,196303000,-49435000,196303000,196303000,529854000,0,122466000,7,57005000.0,78707000,10971000.0,-124000,-34550000,232172000,83720000.0,-26384000,0,7,2,11,354.0,257494000,-410963000.0,-4802000,309348000,0.0,244830000.0,6892379000.0,1500105000.0,325310000,6173160000.0,719219000.0,6892379000.0,1710966000.0,0.0,2015.0,2.17,90462211.98,Qorvo,reports,Information Technology,Semiconductors,"Greensboro, North Carolina",2015-06-11,1604778,United States
R,2015-12-31,1045725000.0,-40323000,110009000,15,-2667978000,1006021000.0,4.0,60945000.0,1448000,26745000.0,5086449000.0,65.0,0,1587522000,1192728000,619649000,469215000,37000,0,8899705000.0,389135000.0,23,1485444000.0,163226000,55192000.0,150434000,63725000,70980000.0,-93132000,4868097000.0,510246000.0,0,0,808271000,10853000,1441788000.0,731485000.0,-2161355000.0,304768000,76591000,304768000,305989000,835489000,14225000,509640000,8,0.0,138143000,0.0,-712735000,0,435643000,829595000.0,-292000,0,7,24,5,62.0,0,1667080000.0,17494000,961579000,634530000.0,0.0,10952580000.0,1098302000.0,1680255000,1987111000.0,8965469000.0,10952580000.0,6571893000.0,0.0,2015.0,5.75,53003130.43,Ryder System,reports,Industrials,Industrial Conglomerates,"Miami, Florida",1982-12-31,85961,United States
REGN,2015-12-31,644112000.0,-491421000,-12578000,17,-677933000,3099526000.0,129.0,809102000.0,-111825000,108000.0,392709000.0,359.0,461945000,664679000,74909000,1239338000,1225097000,0,0,1594120000.0,0.0,90,3711019000.0,589041000,0.0,14241000,238578000,-229668000.0,912549000,362919000.0,632162000.0,0,0,-140447000,160383000,1330780000.0,-262796000.0,-907601000.0,636056000,389988000,636056000,636056000,1467793000,0,1251916000,31,5810000.0,163501000,167050000.0,8572000,-160537000,0,115535000.0,-79476000,0,30,34,15,330.0,1620577000,852700000.0,-367129000,838526000,0.0,236121000.0,5609132000.0,2915095000.0,811162000,3654837000.0,1954295000.0,5609132000.0,4103728000.0,-306069000.0,2015.0,6.17,103088492.7,Regeneron,reports,Health Care,Biotechnology,"Tarrytown, New York",2013-05-01,872589,United States
RHI,2015-12-31,655396000.0,-75745000,550000,36,-75057000,979477000.0,34.0,224577000.0,0,131000.0,2980462000.0,183.0,117054000,0,53465000,581030000,581030000,-14280000,0,142906000.0,208579000.0,42,2114471000.0,223234000,4508000.0,0,0,-28225000.0,80180000,1007000.0,0.0,0,0,-140000,-62542000,438236000.0,-368548000.0,-117950000.0,357796000,35956000,357796000,357796000,704640000,0,580480000,11,0.0,268780000,0.0,-10294000,0,-14668000,10707000.0,-13416000,192000,11,58,7,183.0,0,34467000.0,-269609000,1533799000,153000.0,0.0,1671044000.0,1197997000.0,655549000,1003781000.0,667263000.0,1671044000.0,5094933000.0,0.0,2015.0,2.72,131542647.1,Robert Half International,reports,Industrials,Human Resource & Employment Services,"Menlo Park, California",,315213,United States
RHT,2015-02-28,237733000.0,-121536000,14898000,14,-45648000,1963851000.0,95.0,1047473000.0,0,23000.0,273199000.0,141.0,98892000,387213000,93804000,264892000,255498000,-45301000,0,172151000.0,927060000.0,85,1516290000.0,75297000,134276000.0,9394000,0,11607000.0,353733000,702939000.0,546016000.0,0,0,638947000,400731000,622795000.0,148240000.0,-325003000.0,180201000,155275000,180201000,180201000,468021000,0,249994000,14,22731000.0,152695000,1096300000.0,-60621000,0,-290962000,72046000.0,-38682000,0,14,20,10,141.0,367856000,900373000.0,-496314000,898440000,0.0,215254000.0,3784569000.0,1883443000.0,1334033000,1288338000.0,2496231000.0,3784569000.0,1789489000.0,-1515288000.0,2015.0,0.97,185774226.8,Red Hat Inc.,reports,Information Technology,Systems Software,"Raleigh, North Carolina",2009-07-27,1087423,United States
RL,2015-03-28,952000000.0,-96000000,-20000000,18,-391000000,2117000000.0,96.0,500000000.0,-97000000,1000000.0,3242000000.0,280.0,45000000,0,294000000,1004000000,987000000,-81000000,-11000000,1436000000.0,903000000.0,57,4378000000.0,285000000,267000000.0,17000000,1042000000,-285000000.0,7000000,298000000.0,0.0,0,0,210000000,-297000000,894000000.0,-421000000.0,-689000000.0,702000000,77000000,702000000,691000000,857000000,17000000,1035000000,14,131000000.0,281000000,0.0,-165000000,-1000000,-13000000,731000000.0,7000000,25000000,13,25,9,192.0,0,5787000000.0,-480000000,3301000000,234000000.0,644000000.0,6106000000.0,3324000000.0,1186000000,3891000000.0,2215000000.0,6106000000.0,7620000000.0,-3849000000.0,2015.0,7.96,88190954.77,Polo Ralph Lauren Corp.,reports,Consumer Discretionary,"Apparel, Accessories & Luxury Goods","New York, New York",2007-02-02,1037038,United States
ROK,2015-09-30,947500000.0,73400000,-5500000,37,-122900000,1552100000.0,162.0,1427300000.0,-2500000,181400000.0,3604800000.0,294.0,494800000,0,162500000,1191200000,1127500000,-96700000,0,605600000.0,1028800000.0,43,2703100000.0,299900000,229500000.0,63700000,535600000,-104900000.0,31400000,1500900000.0,0.0,0,0,269300000,236000000,1187700000.0,-608100000.0,-246900000.0,827600000,100000000,827600000,827600000,1041000000,0,1196700000,19,149200000.0,171000000,380200000.0,-1334600000,-1600000,-19100000,1319300000.0,-4700000,0,18,50,13,253.0,0,5316900000.0,-538100000,1506400000,0.0,721900000.0,6404700000.0,3896800000.0,1327700000,2256800000.0,4147900000.0,6404700000.0,6307900000.0,-3459000000.0,2015.0,6.15,134569105.7,Rockwell Automation Inc.,reports,Industrials,Industrial Conglomerates,"Milwaukee, Wisconsin",,1024478,United States
ROP,2015-12-31,446293000.0,30753000,58652000,13,-36260000,1419262000.0,108.0,778511000.0,-1150000,1028000.0,1417749000.0,225.0,31532000,810856000,208397000,1086570000,1002345000,-58654000,0,105510000.0,5824726000.0,60,2164646000.0,306278000,2528996000.0,84225000,189868000,0.0,2916000,3264417000.0,0.0,0,0,1062868000,168081000,928825000.0,996242000.0,-1698332000.0,696067000,-9094000,696067000,696067000,610313000,0,1027918000,29,59554000.0,39355000,267030000.0,-212779000,-1677000,-1662072000,74017000.0,936000,0,28,19,19,198.0,0,4110530000.0,21201000,1136728000,6805000.0,0.0,10168365000.0,1618047000.0,720128000,5298947000.0,4869418000.0,10168365000.0,3582395000.0,-19094000.0,2015.0,6.92,100587716.8,Roper Industries,reports,Industrials,Industrial Conglomerates,"Sarasota, Florida",2009-12-23,882835,United States
ROST,2016-01-30,1602847000.0,0,0,41,-366960000,1122329000.0,48.0,761602000.0,-46429000,4023000.0,8576873000.0,148.0,0,130088000,274828000,1611759000,1611759000,0,0,2342906000.0,0.0,28,3363126000.0,591098000,0.0,0,1419104000,386000.0,-36687000,396025000.0,1331000.0,0,0,0,64994000,1326252000.0,-898749000.0,-362509000.0,1020661000,127375000,1020661000,1020661000,73627000,0,1624371000,14,152687000.0,116125000,0.0,182000,0,4065000,268168000.0,-13496000,0,13,65,9,59.0,0,1574982000.0,-748739000,1738755000,0.0,1737000.0,4869119000.0,2372195000.0,1602847000,2471991000.0,2397128000.0,4869119000.0,11939999000.0,-229525000.0,2015.0,2.53,403423320.2,Ross Stores,reports,Consumer Discretionary,Apparel Retail,"Pleasanton, California",2009-12-21,745732,United States
RRC,2015-12-31,335513000.0,64704000,-12987000,26,-1035085000,2442623000.0,0.0,471000.0,-14868000,1693000.0,648968000.0,125.0,0,882760000,1200712000,-885923000,-1052362000,0,0,6380760000.0,0.0,45,532736000.0,-338677000,0.0,166439000,33217000,367000.0,-66667000,2651303000.0,7218000.0,0,0,-446120000,23000,683700000.0,-464905000.0,-218772000.0,-713685000,213504000,-713685000,-736180000,123842000,659199000,-872936000,74,72979000.0,281544000,15071000.0,0,0,815946000,254590000.0,0,581155000,89,38,60,115.0,0,317587000.0,8298000,165318000,1136000.0,0.0,6900031000.0,439074000.0,351720000,2759658000.0,4140373000.0,6900031000.0,1181704000.0,-2245000.0,2015.0,-4.29,166360139.9,Range Resources Corp.,reports,Energy,Oil & Gas Exploration & Production,"Fort Worth, Texas",2007-12-21,315852,United States
RSG,2015-12-31,1365600000.0,-15700000,2000000,10,-945600000,4677700000.0,2.0,32400000.0,0,3500000.0,5518600000.0,67.0,0,1131800000,1050000000,1560800000,1195900000,0,0,7552800000.0,11145500000.0,39,3596400000.0,445500000,246400000.0,364900000,0,0.0,29600000,7527400000.0,0.0,2500000,0,497400000,-42800000,1679700000.0,-239700000.0,-1482800000.0,749900000,196000000,749900000,749900000,962900000,0,1558800000,17,360900000.0,235000000,463700000.0,-30500000,-7000000,-537200000,2265300000.0,-330600000,970600000,13,15,8,67.0,0,3138300000.0,-338800000,1067000000,5500000.0,0.0,20535900000.0,1230300000.0,1834800000,7774100000.0,12761800000.0,20535900000.0,9115000000.0,-14900000.0,2015.0,2.14,350420560.7,Republic Services Inc,reports,Industrials,Industrial Conglomerates,"Phoenix, Arizona",2008-12-05,1060391,United States
SBUX,2015-09-27,2664300000.0,-82800000,372500000,47,-1303700000,41100000.0,44.0,1530100000.0,-207900000,1500000.0,7787500000.0,109.0,1180800000,0,933800000,3973500000,3903000000,-150600000,249900000,4088300000.0,1575400000.0,59,11375200000.0,1143700000,520400000.0,70500000,1306400000,60900000.0,308000000,2347500000.0,664500000.0,1800000,0,238400000,-178300000,3749100000.0,-2256500000.0,-1520300000.0,2757400000,-222800000,2757400000,2946200000,719000000,0,3601000000,19,415900000.0,334200000,983800000.0,-199400000,-93600000,-277500000,600900000.0,261500000,893900000,20,67,14,73.0,0,5974800000.0,-1605100000,7130200000,0.0,81300000.0,12416300000.0,3971000000.0,3648100000,5818000000.0,6598300000.0,12416300000.0,19162700000.0,0.0,2015.0,1.84,1498586957.0,Starbucks Corp.,reports,Consumer Discretionary,Restaurants,"Seattle, Washington",,829224,United States
SCG,2015-12-31,991000000.0,188000000,149000000,14,-1153000000,0.0,9.0,176000000.0,-16000000,2390000000.0,2714000000.0,71.0,0,1907000000,414000000,1457000000,1139000000,0,0,13540000000.0,0.0,38,1666000000.0,393000000,0.0,318000000,312000000,493000000.0,-192000000,5882000000.0,71000000.0,0,0,-65000000,39000000,1059000000.0,-360000000.0,-660000000.0,746000000,-419000000,746000000,746000000,732000000,-234000000,1308000000,30,2157000000.0,158000000,264000000.0,-65000000,0,0,1962000000.0,338000000,358000000,26,21,17,55.0,0,3118000000.0,14000000,234000000,697000000.0,0.0,17146000000.0,1378000000.0,1952000000,5443000000.0,11703000000.0,17146000000.0,4380000000.0,0.0,2015.0,5.22,142911877.4,SCANA Corp,reports,Utilities,MultiUtilities,"Cayce, South Carolina",2009-01-02,754737,United States
SCHW,2015-12-31,37924000000.0,-1760000000,0,11,-266000000,4152000000.0,,31576000000.0,0,15000000.0,0.0,,0,0,386000000,2411000000,2279000000,0,0,1145000000.0,1227000000.0,100,6380000000.0,832000000,181000000.0,132000000,0,-28330000000.0,-8000000,2890000000.0,131000000000.0,0,0,989000000,615000000,1246000000.0,27992000000.0,-28623000000.0,1447000000,113000000,1364000000,1447000000,17895000000,0,2279000000,36,1174000000.0,0,130000000000.0,-134000000,26719000000,0,0.0,1068000000,213000000,36,17,23,,0,11253000000.0,671000000,3877000000,0.0,0.0,184000000000.0,0.0,0,13402000000.0,170000000000.0,184000000000.0,6380000000.0,-3343000000.0,2015.0,1.04,1391346154.0,Charles Schwab Corporation,reports,Financials,Investment Banking & Brokerage,"San Francisco, California",,316709,United States
SEE,2015-12-31,669000000.0,36700000,-109800000,43,-184000000,1915000000.0,19.0,351700000.0,-38300000,22600000.0,4444900000.0,123.0,204700000,75000000,213300000,653600000,425900000,-60400000,0,945700000.0,2909500000.0,37,2586600000.0,90500000,784300000.0,227700000,660800000,24000000.0,81400000,4266800000.0,0.0,0,0,211900000,73000000,982100000.0,-788700000.0,-60000000.0,225400000,154100000,335400000,225400000,912600000,78300000,763400000,11,345100000.0,290600000,843300000.0,-820000000,-129200000,100000000,729000000.0,199500000,88700000,6,81,3,86.0,0,675200000.0,-802000000,1656200000,294800000.0,0.0,7405000000.0,2215700000.0,1807100000,527100000.0,6877900000.0,7405000000.0,7031500000.0,-1265700000.0,2015.0,1.63,138282208.6,Sealed Air,reports,Materials,Paper Packaging,"Elmwood Park, New Jersey",,1012100,United States
SHW,2015-12-31,2099243000.0,-56873000,-4683000,121,-234340000,0.0,10.0,205744000.0,-40733000,115761000.0,5780078000.0,124.0,244882000,0,198562000,1610757000,1548966000,-13465000,0,1041862000.0,1143333000.0,49,5559226000.0,495117000,255371000.0,61791000,1018530000,-65593000.0,170819000,1920196000.0,0.0,0,0,167288000,165012000,1447463000.0,-980353000.0,-288633000.0,1053849000,177053000,1053849000,1053849000,1202158000,0,1615440000,14,447533000.0,232442000,0.0,1743331000,-42384000,11300000,861890000.0,-55214000,0,14,178,9,77.0,0,3228876000.0,-945301000,3943786000,42616000.0,0.0,5791855000.0,2658874000.0,2141859000,867910000.0,4923945000.0,5791855000.0,11339304000.0,-4220058000.0,2015.0,11.38,92605360.28,Sherwin-Williams,reports,Materials,Specialty Chemicals,"Cleveland, Ohio",1964-06-30,89800,United States
SJM,2015-04-30,684600000.0,21800000,-169100000,5,-247700000,6007700000.0,12.0,125600000.0,25300000,29900000.0,3724000000.0,194.0,0,2397000000,268400000,602900000,523000000,-28600000,0,1678300000.0,6011600000.0,35,1968700000.0,178100000,6950300000.0,79900000,1163600000,0.0,-207300000,5944900000.0,0.0,0,0,1166200000,-27900000,733200000.0,863200000.0,-1595700000.0,344900000,172800000,344900000,344900000,430100000,0,772000000,14,182200000.0,264600000,112000000.0,-109900000,-24700000,-1348000000,354900000.0,107300000,110900000,9,7,6,80.0,0,1159200000.0,-24300000,1085800000,226000000.0,0.0,16806300000.0,1983900000.0,1022600000,7086900000.0,9719400000.0,16806300000.0,5692700000.0,0.0,2015.0,3.33,103573573.6,JM Smucker,reports,Consumer Staples,Packaged Foods & Meats,"Orrville, Ohio",2008-11-06,91419,United States
SLG,2015-12-31,486886000.0,-5127000,196777000,4,-3059753000,5439735000.0,,2158997000.0,0,1001000.0,534326000.0,,370435000,400885000,607464000,274087000,274087000,0,28872000,14620896000.0,0.0,68,1128503000.0,0,0.0,0,0,-261231000.0,13736000,9453108000.0,1248996000.0,431852000,706722000,1822137000,-26010000,526484000.0,1713417000.0,-2265911000.0,284084000,-375833000,269132000,302910000,572917000,0,401131000,24,850719000.0,0,0.0,-8749000,25000000,1055073000,29000000.0,-31215000,588235000,16,4,17,,0,1643546000.0,253152000,139137000,1062023000.0,0.0,19857941000.0,0.0,0,7287465000.0,12570476000.0,19857941000.0,1662829000.0,-10000000.0,2015.0,1.02,278513725.5,SL Green Realty,reports,Real Estate,Office REITs,"New York, New York",2015-03-20,1040971,United States
SNA,2016-01-02,587400000.0,-79300000,-2400000,20,-80400000,296300000.0,14.0,92800000.0,-43300000,67400000.0,1774600000.0,267.0,60400000,14300000,82500000,762400000,710500000,-4200000,1300000,413500000.0,790100000.0,51,1818500000.0,221200000,195000000.0,51900000,497800000,-219400000.0,25400000,861700000.0,1039300000.0,18000000,0,-34000000,-40100000,507200000.0,-236700000.0,-306400000.0,478700000,59500000,478700000,478700000,1091900000,0,764800000,21,44000000.0,106300000,64400000.0,-364200000,-24300000,-6600000,354200000.0,-28200000,0,20,29,13,193.0,0,2986900000.0,-68800000,1053700000,18400000.0,0.0,4331100000.0,1788800000.0,670200000,2412700000.0,1918400000.0,4331100000.0,3593100000.0,-573700000.0,2015.0,8.24,58094660.19,Snap-On Inc.,reports,Consumer Discretionary,Household Appliances,"Kenosha, Wisconsin",1982-09-30,91440,United States
SNI,2015-12-31,310543000.0,-79070000,40900000,40,-52480000,1347491000.0,23.0,223444000.0,0,1287000.0,987357000.0,177.0,91954000,0,921052000,1229911000,1121864000,12539000,80916000,293230000.0,1804748000.0,67,2030870000.0,343391000,1785563000.0,108047000,0,19456000.0,116100000,3511098000.0,807630000.0,313245000,99000000,1250764000,-654720000,814214000.0,-876973000.0,-604500000.0,606828000,-908212000,606828000,687744000,816679000,0,1103932000,37,161308000.0,687758000,96040000.0,-130233000,-671702000,-571476000,250391000.0,-14129000,137596000,37,74,20,177.0,0,305386000.0,-1133148000,785179000,568066000.0,0.0,6672314000.0,1727881000.0,974649000,1523931000.0,5148383000.0,6672314000.0,3018227000.0,0.0,2015.0,4.68,129664102.6,Scripps Networks Interactive Inc.,reports,Consumer Discretionary,Broadcasting & Cable TV,"Cincinnati, Ohio",2008-07-01,1430602,United States
SO,2015-12-31,3434000000.0,243000000,-178000000,11,-7393000000,0.0,15.0,1404000000.0,17000000,0.0,9811000000.0,71.0,2937000000,14448000000,2395000000,4469000000,3629000000,0,0,62354000000.0,0.0,44,7678000000.0,1194000000,0.0,840000000,1929000000,396000000.0,-567000000,24688000000.0,1512000000.0,0,43000000,3723000000,694000000,6274000000.0,1700000000.0,-7280000000.0,2421000000,1218000000,2367000000,2421000000,2162000000,0,4282000000,24,4989000000.0,1031000000,1489000000.0,0,-75000000,-283000000,7910000000.0,533000000,2034000000,21,17,14,50.0,0,0.0,70000000,997000000,4206000000.0,0.0,78318000000.0,6526000000.0,9129000000,21982000000.0,56218000000.0,78200000000.0,17489000000.0,0.0,2015.0,2.6,931153846.2,Southern Co.,reports,Utilities,Electric Utilities,"Atlanta, Georgia",,92122,United States
SPG,2015-12-31,2692345000.0,9918000,109393000,48,-1020924000,9384450000.0,,701134000.0,0,31000.0,960192000.0,,1352259000,0,1239214000,2778266000,1854569000,0,284806000,23547738000.0,0.0,82,4305911000.0,0,0.0,923697000,0,-474811000.0,35542000,22502173000.0,4424937000.0,744905000,25537000,1356647000,88852000,3024685000.0,-1473113000.0,-1462720000.0,2139375000,-276687000,1824383000,2139375000,624605000,6635000,2668873000,51,0.0,0,0.0,-252686000,-120953000,33015000,214249000.0,-122677000,1177568000,35,41,41,,0,-4266930000.0,-504725000,452835000,0.0,0.0,30650673000.0,0.0,0,4471464000.0,26179209000.0,30650673000.0,5266103000.0,-437134000.0,2015.0,5.88,363839285.7,Simon Property Group Inc,reports,Real Estate,REITs,"Indianapolis, Indiana",,1063761,United States
SPGI,2015-12-31,766000000.0,-118000000,11000000,596,-139000000,475000000.0,51.0,1481000000.0,0,412000000.0,0.0,113.0,0,0,157000000,1917000000,1815000000,-67000000,0,270000000.0,2882000000.0,100,5313000000.0,547000000,1522000000.0,102000000,0,-4000000.0,-1665000000,3468000000.0,0.0,49000000,920000000,2817000000,-1016000000,195000000.0,1510000000.0,-2525000000.0,1156000000,531000000,1156000000,1268000000,1100000000,0,1917000000,36,213000000.0,709000000,1999000000.0,-600000000,-5000000,-2382000000,644000000.0,-107000000,157000000,34,936,22,113.0,0,7636000000.0,-904000000,3250000000,143000000.0,6000000.0,8183000000.0,3296000000.0,2908000000,194000000.0,7989000000.0,8183000000.0,5313000000.0,-7729000000.0,2015.0,4.26,271361502.3,"S&P Global, Inc.",reports,Financials,Diversified Financial Services,"New York, New York",,64040,United States
SPLS,2016-01-30,3247000000.0,-19000000,-15000000,7,-381000000,5010000000.0,25.0,825000000.0,18000000,1000000.0,15545000000.0,157.0,0,0,455000000,631000000,492000000,-28000000,0,1586000000.0,2653000000.0,26,5514000000.0,113000000,274000000.0,139000000,2078000000,0.0,33000000,1018000000.0,0.0,8000000,0,-92000000,198000000,978000000.0,-378000000.0,-374000000.0,379000000,153000000,379000000,379000000,1899000000,201000000,641000000,3,547000000.0,310000000,0.0,-1116000000,0,7000000,506000000.0,-41000000,67000000,2,9,2,93.0,0,6900000000.0,17000000,4600000000,17000000.0,0.0,10172000000.0,5112000000.0,3264000000,5376000000.0,4796000000.0,10172000000.0,21059000000.0,-5419000000.0,2015.0,0.59,642372881.4,Staples Inc.,reports,Consumer Discretionary,Specialty Stores,"Framingham, Massachusetts",,791519,United States
SRCL,2015-12-31,346531000.0,-55890000,793000,10,-114761000,1143020000.0,9.0,55634000.0,0,849000.0,1719723000.0,130.0,0,608272000,127412000,488405000,410907000,-4234000,0,665602000.0,3758177000.0,42,1266185000.0,142894000,1842561000.0,77498000,0,294000.0,47811000,3052639000.0,0.0,17947000,0,1622419000,33398000,390328000.0,2181208000.0,-2533904000.0,267046000,2026000,256940000,267046000,614494000,0,487612000,16,49282000.0,91631000,79409000.0,-282631000,0,-2419437000,81352000.0,956000,65770000,14,15,9,130.0,0,1868645000.0,576448000,712803000,161409000.0,69000.0,7077450000.0,761828000.0,587349000,2729891000.0,4347559000.0,7077450000.0,2985908000.0,0.0,2015.0,3.02,88425827.81,Stericycle Inc,reports,Industrials,Industrial Conglomerates,"Lake Forest, Illinois",2008-11-19,861878,United States
SRE,2015-12-31,2015000000.0,99000000,225000000,11,-3156000000,0.0,9.0,430000000.0,-65000000,2621000000.0,6648000000.0,63.0,0,4605000000,1250000000,2161000000,1600000000,-14000000,189000000,28039000000.0,819000000.0,35,3583000000.0,341000000,404000000.0,561000000,298000000,277000000.0,130000000,13283000000.0,4499000000.0,750000000,20000000,516000000,-167000000,2905000000.0,-173000000.0,-2885000000.0,1350000000,-492000000,1349000000,1350000000,1509000000,0,1936000000,19,4498000000.0,654000000,1012000000.0,-806000000,35000000,-6000000,6071000000.0,535000000,1250000000,16,14,13,56.0,0,9994000000.0,-22000000,397000000,1585000000.0,0.0,41150000000.0,2891000000.0,4612000000,11809000000.0,29341000000.0,41150000000.0,10231000000.0,0.0,2015.0,5.43,248618784.5,Sempra Energy,reports,Utilities,MultiUtilities,"San Diego, California",,1032208,United States
STI,2015-12-31,0.0,0,0,8,-186000000,9094000000.0,,33424000000.0,0,550000000.0,219000000.0,,0,0,786000000,2989000000,2707000000,0,0,1502000000.0,6337000000.0,0,0.0,764000000,1325000000.0,282000000,0,-5381000000.0,-190000000,1263000000.0,170000000000.0,0,0,-8892000000,-2630000000,3496000000.0,-810000000.0,-5316000000.0,1933000000,-328000000,1863000000,1933000000,0,0,0,0,5582000000.0,0,150000000000.0,-460000000,9300000000,251000000,3198000000.0,-407000000,205000000,32,12,23,,0,14686000000.0,-679000000,5120000000,4627000000.0,0.0,191000000000.0,0.0,0,23437000000.0,167000000000.0,191000000000.0,8533000000.0,-1658000000.0,2015.0,3.62,533977900.6,SunTrust Banks,reports,Financials,Banks,"Atlanta, Georgia",1988-05-31,750556,United States
STT,2015-12-31,14643000000.0,-104000000,0,9,-703000000,9746000000.0,,181000000000.0,0,504000000.0,0.0,,0,0,801000000,2698000000,2298000000,0,0,1894000000.0,5671000000.0,0,0.0,318000000,1768000000.0,0,0,25625000000.0,-48000000,0.0,120000000000.0,32000000,0,-5246000000,-648000000,-1403000000.0,-24240000000.0,24995000000.0,1980000000,820000000,1848000000,1980000000,2346000000,25000000,0,0,33903000000.0,0,192000000000.0,-1442000000,-17343000000,73000000,0.0,-4927000000,209000000,21,11,18,,0,16049000000.0,-996000000,7828000000,6253000000.0,0.0,245000000000.0,0.0,0,21103000000.0,224000000000.0,245000000000.0,10760000000.0,-6457000000.0,2015.0,4.53,437086092.7,State Street Corp.,reports,Financials,Diversified Financial Services,"Boston, Massachusetts",,93751,United States
STX,2015-07-03,2343000000.0,45000000,119000000,58,-747000000,5734000000.0,106.0,2479000000.0,29000000,0.0,9930000000.0,238.0,496000000,0,841000000,2177000000,1970000000,-20000000,0,2278000000.0,874000000.0,28,3809000000.0,228000000,370000000.0,207000000,993000000,18000000.0,-210000000,4155000000.0,0.0,0,0,170000000,-155000000,2647000000.0,-1495000000.0,-1287000000.0,1742000000,206000000,1742000000,1742000000,1857000000,32000000,2058000000,15,259000000.0,233000000,0.0,-30000000,-12000000,-558000000,329000000.0,-6000000,129000000,14,65,13,195.0,1353000000,-2686000000.0,-989000000,237000000,0.0,6000000.0,9845000000.0,5568000000.0,2343000000,3018000000.0,6827000000.0,9845000000.0,13739000000.0,0.0,2015.0,5.38,323791821.6,Seagate Technology,reports,Information Technology,Computer Storage & Peripherals,"Dublin, Ireland",2012-07-02,1137789,Ireland
STZ,2015-02-28,920200000.0,16100000,-4400000,15,-719400000,2269800000.0,10.0,110100000.0,-132500000,2800000.0,3449400000.0,257.0,0,818900000,214200000,1517300000,1179600000,-2500000,21500000,2681600000.0,6208200000.0,43,2578600000.0,343400000,3181000000.0,337700000,1827200000,0.0,45500000,7086000000.0,0.0,110600000,0,312400000,46200000,1081000000.0,-16400000.0,-1015900000.0,839300000,137600000,839300000,860800000,598900000,0,1500200000,25,111400000.0,374600000,0.0,-130900000,-571700000,-296500000,176100000.0,-36100000,0,20,20,14,96.0,0,5277500000.0,178700000,1078400000,210500000.0,0.0,15093000000.0,2910800000.0,1130700000,5770700000.0,9322300000.0,15093000000.0,6028000000.0,-1648500000.0,2015.0,,,Constellation Brands,reports,Consumer Staples,Distillers & Vintners,"Victor, New York",,16918,United States
SWK,2016-01-02,2795000000.0,-53900000,15200000,15,-311400000,4421700000.0,17.0,465400000.0,-54700000,442300000.0,7099800000.0,131.0,0,825900000,414000000,1331200000,1150800000,-132900000,0,1450200000.0,7084300000.0,36,4072000000.0,248600000,2541500000.0,180400000,1526400000,137700000.0,-139800000,3792100000.0,0.0,47600000,0,-14900000,-31200000,1182300000.0,-875600000.0,-205000000.0,883700000,124700000,883700000,903800000,1331800000,74900000,1316000000,12,389700000.0,338500000,0.0,-1729100000,-21000000,-31300000,1848000000.0,8300000,0,10,20,8,76.0,0,4491700000.0,-519800000,2681100000,7600000.0,0.0,15127800000.0,3662100000.0,2802600000,5811600000.0,9316200000.0,15127800000.0,11171800000.0,-1815000000.0,2015.0,5.96,148271812.1,Stanley Black & Decker,reports,Consumer Discretionary,Household Appliances,"New Britain, Connecticut",1982-09-30,93556,United States
SWKS,2015-10-02,372600000.0,-222200000,500000,25,-430100000,2495200000.0,225.0,1043600000.0,3600000,47600000.0,1703900000.0,413.0,56300000,0,195800000,1023600000,1023600000,0,0,826400000.0,856700000.0,48,1554500000.0,225300000,45000000.0,0,267900000,0.0,196500000,0.0,0.0,0,0,0,237800000,992800000.0,-300300000.0,-454700000.0,798300000,60000000,798300000,798300000,538000000,3400000,1023100000,31,20300000.0,65200000,91300000.0,-8200000,0,-24600000,96300000.0,-39200000,33500000,31,32,24,355.0,303200000,1469200000.0,-234500000,191300000,0.0,0.0,3719400000.0,1914700000.0,463900000,3159200000.0,560200000.0,3719400000.0,3258400000.0,-844600000.0,2015.0,4.21,189619952.5,Skyworks Solutions,reports,Information Technology,Semiconductors,"Woburn, Massachusetts",2015-03-12,4127,United States
SYF,2015-12-31,3740000000.0,-163000000,0,18,0,9351000000.0,,15467000000.0,0,1000000.0,607000000.0,,0,0,174000000,4059000000,3531000000,0,0,0.0,949000000.0,0,0.0,1317000000,701000000.0,528000000,0,-11075000000.0,803000000,0.0,67935000000.0,0,0,-3117000000,497000000,6184000000.0,5116000000.0,-10803000000.0,2214000000,2657000000,2214000000,2214000000,0,0,0,0,2225000000.0,0,43447000000.0,-41000000,8233000000,272000000,0.0,499000000,5690000000,26,28,16,,0,3293000000.0,0,3264000000,13603000000.0,0.0,84135000000.0,0.0,0,12604000000.0,71531000000.0,84135000000.0,13620000000.0,0.0,2015.0,2.66,832330827.1,Synchrony Financial,reports,Financials,Consumer Finance,"Stamford, Connecticut",2015-11-18,1601712,United States
SYK,2015-12-31,2734000000.0,-151000000,-126000000,17,-270000000,1321000000.0,116.0,3379000000.0,-115000000,37000000.0,3344000000.0,227.0,0,0,397000000,1735000000,1735000000,-130000000,0,1199000000.0,4136000000.0,66,6602000000.0,296000000,1794000000.0,0,1639000000,2379000000.0,-1388000000,3230000000.0,0.0,0,0,48000000,1584000000,899000000.0,-1141000000.0,1956000000.0,1439000000,503000000,1439000000,1439000000,1662000000,0,1861000000,19,1151000000.0,563000000,0.0,-639000000,6000000,-153000000,980000000.0,214000000,210000000,17,20,14,180.0,625000000,7792000000.0,-700000000,3906000000,768000000.0,700000000.0,16223000000.0,7943000000.0,3502000000,8511000000.0,7712000000.0,16223000000.0,9946000000.0,0.0,2015.0,3.82,376701570.7,Stryker Corp.,reports,Health Care,Health Care Equipment,"Kalamazoo, Michigan",,310764,United States
SYMC,2015-04-03,448000000.0,-35000000,25000000,15,-303000000,0.0,87.0,2843000000.0,0,6101000000.0,727000000.0,122.0,0,752000000,355000000,179000000,101000000,-180000000,0,950000000.0,3146000000.0,82,3229000000.0,-8000000,525000000.0,78000000,0,-734000000.0,-528000000,1746000000.0,10000000.0,0,0,-21000000,-833000000,1312000000.0,-811000000.0,-1154000000.0,878000000,-669000000,878000000,109000000,852000000,164000000,154000000,4,3180000000.0,710000000,3655000000.0,104000000,-3000000,-117000000,347000000.0,16000000,87000000,3,2,22,122.0,812000000,-270000000.0,-384000000,2012000000,350000000.0,1017000000.0,13233000000.0,5422000000.0,4453000000,5935000000.0,7298000000.0,13233000000.0,3956000000.0,0.0,2015.0,1.27,691338582.7,Symantec Corp.,reports,Information Technology,Application Software,"Mountain View, California",2003-03-25,849399,United States
SYY,2015-06-27,4349563000.0,-11741000,33592000,13,-542830000,1213999000.0,55.0,5130044000.0,-125232000,765175000.0,40129236000.0,122.0,0,81591000,580964000,1262954000,1008147000,-81702000,0,3982143000.0,1959817000.0,18,8551516000.0,321374000,154809000.0,254807000,2691823000,0.0,398575000,2271825000.0,0.0,41304000,0,4557026000,4716998000,1555484000.0,3897562000.0,-654346000.0,686773000,62852000,686773000,686773000,3488635000,0,1229362000,3,398208000.0,183802000,0.0,-923197000,0,-111516000,934722000.0,-36707000,0,2,19,1,94.0,0,8751985000.0,240176000,0,5050052000.0,0.0,17989281000.0,11494304000.0,9399615000,5260224000.0,12729057000.0,17989281000.0,48680752000.0,-4547738000.0,2015.0,1.16,592045689.7,Sysco Corp.,reports,Consumer Staples,Food Distributors,"Houston, Texas",1986-12-31,96021,United States
T,2015-12-31,40180000000.0,-535000000,-52000000,11,-19218000000,89763000000.0,11.0,5121000000.0,0,6495000000.0,67046000000.0,75.0,0,56181000000,22016000000,24812000000,20692000000,0,79000000,124000000000.0,105000000000.0,54,79755000000.0,7005000000,121000000000.0,4120000000,0,748000000.0,556000000,119000000000.0,1606000000.0,969000000,0,23926000000,-3482000000,35880000000.0,9782000000.0,-49144000000.0,13345000000,3423000000,13345000000,13424000000,16532000000,0,24785000000,17,15346000000.0,14339000000,0.0,5334000000,-3818000000,-30674000000,56520000000.0,-3267000000,22016000000,14,17,9,75.0,0,33671000000.0,-126000000,32954000000,7636000000.0,0.0,403000000000.0,35992000000.0,47816000000,123000000000.0,280000000000.0,403000000000.0,147000000000.0,-12592000000.0,2015.0,2.37,5630801688.0,AT&T Inc,reports,Telecommunications Services,Integrated Telecommunications Services,"Dallas, Texas",1983-11-30,732717,United States
TAP,2015-12-31,1184400000.0,60800000,9200000,5,-275000000,4000400000.0,35.0,430900000.0,10900000,1700000.0,2163500000.0,103.0,0,799800000,325500000,531000000,410700000,-43400000,516300000,1590800000.0,1983300000.0,39,1404000000.0,51800000,4745700000.0,120300000,179300000,-1600000.0,-114900000,2908700000.0,2441000000.0,20100000,0,-50800000,-150300000,715900000.0,-531500000.0,-334700000.0,359500000,-600000,359500000,358900000,525900000,346700000,521800000,15,256700000.0,122700000,4100000.0,-983700000,0,-58100000,287500000.0,71400000,0,12,6,10,89.0,0,4496000000.0,-115500000,1051800000,28700000.0,0.0,12276300000.0,1258800000.0,1217200000,7043000000.0,5233300000.0,12276300000.0,3567500000.0,-471400000.0,2015.0,1.94,185309278.4,Molson Coors Brewing Company,reports,Consumer Staples,Brewers,"Denver, Colorado",1976-06-30,24545,United States
TDC,2015-12-31,216000000.0,1000000,60000000,25,-52000000,1128000000.0,88.0,839000000.0,-11000000,1000000.0,1254000000.0,182.0,41000000,43000000,170000000,-135000000,-144000000,-20000000,0,143000000.0,380000000.0,50,1276000000.0,70000000,212000000.0,9000000,49000000,85000000.0,16000000,570000000.0,0.0,0,0,313000000,5000000,401000000.0,-324000000.0,-52000000.0,-214000000,436000000,-214000000,-214000000,580000000,478000000,-195000000,8,20000000.0,266000000,527000000.0,-76000000,18000000,-85000000,115000000.0,3000000,0,6,17,8,177.0,228000000,-204000000.0,-657000000,765000000,210000000.0,0.0,2530000000.0,1734000000.0,953000000,849000000.0,1681000000.0,2530000000.0,2530000000.0,0.0,2015.0,-1.53,139869281.0,Teradata Corp.,reports,Information Technology,Application Software,"Miamisburg, Ohio",2007-10-01,816761,United States
TDG,2015-09-30,414375000.0,-25418000,-18393000,43,-54871000,950324000.0,109.0,714033000.0,-25974000,551000.0,1257270000.0,272.0,0,404997000,109460000,1055609000,636824000,-2251000,0,260684000.0,4686220000.0,54,1449845000.0,189612000,1539851000.0,418785000,591401000,0.0,43396000,8106383000.0,0.0,0,0,935939000,-105515000,520938000.0,1054947000.0,-1679149000.0,447212000,-15346000,443847000,447212000,444072000,0,1074002000,40,30593000.0,37081000,0.0,-96009000,-1266000,-1624278000,173267000.0,-12392000,54219000,24,61,17,182.0,0,-1717232000.0,61674000,321624000,243219000.0,0.0,8303935000.0,1786587000.0,657594000,-1038306000.0,9342241000.0,8303935000.0,2707115000.0,-175940000.0,2015.0,2.5,178884800.0,TransDigm Group,reports,Industrials,Aerospace & Defense,"Cleveland, Ohio",2016-06-03,1260221,United States
TEL,2015-09-25,2892000000.0,-210000000,-38000000,25,-600000000,4359000000.0,93.0,3329000000.0,-220000000,182000000.0,8146000000.0,221.0,2144000000,329000000,616000000,1711000000,1575000000,-71000000,0,2920000000.0,4824000000.0,33,4087000000.0,337000000,1555000000.0,136000000,1615000000,0.0,-217000000,3386000000.0,964000000.0,0,0,-184000000,872000000,1913000000.0,-1606000000.0,636000000.0,2420000000,-839000000,2420000000,1238000000,2465000000,207000000,1749000000,14,297000000.0,476000000,185000000.0,-373000000,0,1236000000,3714000000.0,69000000,0,13,16,20,175.0,627000000,6673000000.0,-920000000,1504000000,498000000.0,0.0,20589000000.0,7885000000.0,3575000000,9585000000.0,11004000000.0,20589000000.0,12233000000.0,-1256000000.0,2015.0,5.98,404682274.2,TE Connectivity Ltd.,reports,Information Technology,Electronic Manufacturing Services,"Schaffhausen, Switzerland",2011-10-17,1385157,Switzerland
TGNA,2015-12-31,468244000.0,32787000,-11529000,21,-118767000,539505000.0,21.0,129200000.0,1807000,324419000.0,923336000.0,133.0,0,883141000,262244000,896565000,622936000,0,-5064000,458319000.0,3919726000.0,70,2127609000.0,202314000,3065107000.0,273629000,0,-21313000.0,-99232000,4200816000.0,288790000.0,264773000,24666000,-307509000,10716000,613106000.0,-819666000.0,217276000.0,459522000,-67069000,459522000,420622000,575089000,-58857000,913158000,30,657000.0,100870000,137893000.0,-130951000,-72501000,357356000,365608000.0,-40117000,205087000,20,28,15,133.0,0,7111129000.0,-271030000,1068221000,646000.0,0.0,8537758000.0,805159000.0,606783000,2191971000.0,6345787000.0,8537758000.0,3050945000.0,-5652131000.0,2015.0,2.04,225255882.4,"Tegna, Inc.",reports,Consumer Discretionary,Publishing,"McLean, Virginia",1975-12-31,39899,United States
TGT,2016-01-30,11654000000.0,0,620000000,26,-1438000000,5348000000.0,32.0,4046000000.0,-316000000,50000000.0,51997000000.0,112.0,0,823000000,2213000000,5530000000,4923000000,0,0,25217000000.0,0.0,30,21788000000.0,1602000000,0.0,607000000,8601000000,24000000.0,534000000,11945000000.0,0.0,0,0,-85000000,1836000000,5844000000.0,-4516000000.0,508000000.0,3363000000,-881000000,3363000000,3321000000,0,0,4910000000,7,915000000.0,1483000000,153000000.0,-629000000,0,1922000000,1915000000.0,227000000,2213000000,7,38,5,44.0,0,8188000000.0,-3069000000,14665000000,815000000.0,0.0,40262000000.0,14130000000.0,12622000000,12957000000.0,27305000000.0,40262000000.0,73785000000.0,0.0,2015.0,5.35,628598130.8,Target Corp.,reports,Consumer Discretionary,General Merchandise Stores,"Minneapolis, Minnesota",1976-12-31,27419,United States
TIF,2016-01-31,356200000.0,-16700000,-1200000,16,-252700000,1175700000.0,121.0,843600000.0,63700000,1300000.0,1613600000.0,481.0,382800000,55100000,194200000,758900000,709900000,500000,0,935800000.0,0.0,61,2491300000.0,246000000,0.0,49000000,2225000000,-26400000.0,-24600000,798100000.0,0.0,18100000,0,-2500000,113600000,813600000.0,-422300000.0,-278200000.0,463900000,149500000,463900000,463900000,206400000,0,760100000,19,302700000.0,190400000,67900000.0,-278100000,0,900000,617100000.0,-16400000,0,17,24,11,176.0,0,2012500000.0,-218400000,1731200000,305800000.0,43000000.0,5129700000.0,3508400000.0,729900000,2911400000.0,2218300000.0,5129700000.0,4104900000.0,0.0,2015.0,3.61,128504155.1,Tiffany & Co.,reports,Consumer Discretionary,"Apparel, Accessories & Luxury Goods","New York, New York",,98246,United States
TJX,2015-01-31,3929634000.0,-9052000,-16830000,52,-911522000,0.0,71.0,2493775000.0,-332271000,684733000.0,20776522000.0,167.0,22532000,282885000,588975000,3589671000,3549884000,-150161000,0,3868365000.0,0.0,29,8301885000.0,1334756000,309870000.0,39787000,3217923000,-43115000.0,451000000,1623864000.0,0.0,0,0,749475000,344029000,3008369000.0,-1559542000.0,-954637000.0,2215128000,115748000,2215128000,2198298000,226299000,0,3606501000,12,210539000.0,356824000,0.0,-554385000,-424294000,0,888137000.0,-21159000,0,12,83,8,85.0,0,4133882000.0,-1507699000,4695384000,0.0,282623000.0,10988750000.0,6577444000.0,3929634000,4264230000.0,6724520000.0,10988750000.0,29078407000.0,0.0,2015.0,3.2,692227500.0,TJX Companies Inc.,reports,Consumer Discretionary,Apparel Retail,"Framingham, Massachusetts",1985-09-30,109198,United States
TMK,2015-12-31,1450888000.0,0,0,13,-36957000,482284000.0,,61383000.0,0,130218000.0,2016212000.0,,3617135000,0,445625000,842829000,766187000,34369000,0,0.0,441591000.0,46,1749853000.0,249894000,0.0,76642000,0,-596393000.0,645811000,1233862000.0,14811682000.0,0,0,1978000,-4636000,1120050000.0,-525705000.0,-633350000.0,527100000,-3848000,527100000,516293000,344552000,0,766187000,20,522104000.0,0,0.0,231947000,-78216000,0,13112911000.0,-494638000,907024000,20,19,14,,0,3614369000.0,-382568000,0,490129000.0,54766000.0,19853213000.0,0.0,0,4055552000.0,15797661000.0,19853213000.0,3766065000.0,-403266000.0,2015.0,4.21,125201900.2,Torchmark Corp.,reports,Financials,Life & Health Insurance,"McKinney, Texas",1989-04-30,320335,United States
TMO,2015-12-31,2776600000.0,-149400000,-399800000,9,-422900000,11801200000.0,11.0,452100000.0,-140700000,411900000.0,9209500000.0,138.0,0,2622600000,1688200000,1936400000,1936400000,-129600000,0,2448800000.0,18827600000.0,46,7755900000.0,-43900000,12758300000.0,0,1991700000,12000000.0,145000000,11473900000.0,0.0,0,0,-1932700000,-891400000,2816900000.0,-2491300000.0,-1087400000.0,1975400000,-401100000,1975400000,1980300000,2544900000,115300000,2336200000,14,1113100000.0,752500000,317900000.0,-1997300000,-6100000,-676500000,1295000000.0,-291800000,0,11,9,12,90.0,692300000,12142300000.0,-376000000,4612100000,1052800000.0,0.0,40889000000.0,5741200000.0,4147300000,21350200000.0,19538800000.0,40889000000.0,16965400000.0,-1007900000.0,2015.0,4.96,398266129.0,Thermo Fisher Scientific,reports,Health Care,Health Care Equipment,"Waltham, Massachusetts",,97745,United States
TRIP,2015-12-31,142000000.0,-31000000,17000000,14,-109000000,741000000.0,212.0,614000000.0,0,0.0,58000000.0,277.0,0,15000000,93000000,249000000,239000000,-10000000,0,247000000.0,732000000.0,96,1434000000.0,41000000,176000000.0,10000000,0,53000000.0,67000000,200000000.0,37000000.0,0,0,-140000000,159000000,382000000.0,-153000000.0,-60000000.0,198000000,55000000,198000000,198000000,180000000,0,232000000,16,71000000.0,24000000,169000000.0,-63000000,-61000000,-4000000,189000000.0,0,93000000,16,17,13,277.0,0,826000000.0,12000000,1109000000,1000000.0,47000000.0,2128000000.0,865000000.0,312000000,1412000000.0,716000000.0,2128000000.0,1492000000.0,-92000000.0,2015.0,1.38,143478260.9,TripAdvisor,reports,Consumer Discretionary,Internet & Direct Marketing Retail,"Newton, Massachusetts",2011-12-21,1526520,United States
TRV,2015-12-31,296000000.0,87000000,0,15,0,0.0,,380000000.0,0,22172000000.0,13723000000.0,,2145000000,0,4703000000,5113000000,4740000000,-12000000,0,0.0,3573000000.0,49,13092000000.0,1301000000,279000000.0,373000000,0,634000000.0,248000000,6640000000.0,66441000000.0,0,0,-8000000,6000000,3434000000.0,-3733000000.0,317000000.0,3439000000,-104000000,3439000000,3439000000,19721000000,0,4740000000,18,2974000000.0,0,0.0,-157000000,55000000,-317000000,69946000000.0,-4939000000,3885000000,18,20,13,,0,29945000000.0,-3041000000,4094000000,0.0,4671000000.0,100000000000.0,0.0,0,23598000000.0,76586000000.0,100000000000.0,26815000000.0,-28362000000.0,2015.0,10.99,312920837.1,The Travelers Companies Inc.,reports,Financials,Property & Casualty Insurance,"New York, New York",,86312,United States
TSCO,2015-12-26,670406000.0,0,0,29,-236496000,596131000.0,10.0,63813000.0,-168925000,1352000.0,4083333000.0,221.0,9224000,84793000,123569000,650508000,647617000,0,0,847576000.0,10258000.0,34,2143174000.0,237222000,0.0,2891000,1284375000,0.0,89588000,166992000.0,0.0,0,0,149493000,12679000,429180000.0,-180589000.0,-235912000.0,410395000,-12747000,410395000,410395000,49733000,0,650508000,10,18337000.0,87510000,0.0,0,0,584000,54463000.0,-12700000,123569000,10,46,7,30.0,0,2225601000.0,-254013000,1369097000,878000.0,0.0,2370826000.0,1485431000.0,671284000,1393294000.0,977532000.0,2370826000.0,6226507000.0,-1429790000.0,2015.0,3.03,135443894.4,Tractor Supply Company,reports,Consumer Discretionary,Specialty Retail,"Brentwood, Tennessee",2014-01-24,916365,United States
TSN,2015-10-03,1662000000.0,66000000,45000000,13,-854000000,4307000000.0,19.0,688000000.0,220000000,42000000.0,37456000000.0,152.0,0,2449000000,711000000,2214000000,1921000000,-15000000,0,5176000000.0,6667000000.0,9,3917000000.0,697000000,5168000000.0,293000000,2878000000,14000000.0,-8000000,5975000000.0,0.0,15000000,0,-1494000000,250000000,2570000000.0,-2035000000.0,-270000000.0,1220000000,286000000,1220000000,1220000000,1620000000,0,2169000000,5,577000000.0,195000000,1158000000.0,-90000000,17000000,570000000,1304000000.0,71000000,0,5,20,3,71.0,0,6813000000.0,-411000000,1748000000,715000000.0,0.0,22969000000.0,5381000000.0,3535000000,9691000000.0,13278000000.0,22969000000.0,41373000000.0,-1381000000.0,2015.0,,,Tyson Foods,reports,Consumer Staples,Packaged Foods & Meats,"Springdale, Arkansas",,100493,United States
TSO,2015-12-31,1568000000.0,638000000,-29000000,30,-1030000000,1391000000.0,37.0,942000000.0,-179000000,26000000.0,22466000000.0,170.0,0,1222000000,772000000,2847000000,2630000000,0,7000000,9541000000.0,0.0,22,6245000000.0,936000000,1211000000.0,217000000,2302000000,-97000000.0,-863000000,4067000000.0,0.0,2527000000,0,-111000000,-58000000,2131000000.0,-1060000000.0,-1129000000.0,1540000000,150000000,1540000000,1694000000,792000000,0,2827000000,10,1273000000.0,271000000,962000000.0,-149000000,-7000000,-2000000,773000000.0,-77000000,756000000,9,50,5,79.0,0,5954000000.0,-532000000,2620000000,0.0,0.0,16332000000.0,4307000000.0,2530000000,5213000000.0,11119000000.0,16332000000.0,28711000000.0,-2009000000.0,2015.0,12.5,123200000.0,Tesoro Petroleum Co.,reports,Energy,Oil & Gas Refining & Marketing & Transportation,"San Antonio, Texas",2007-09-27,50104,United States
TSS,2015-12-31,118807000.0,-39218000,-37219000,20,-54640000,241891000.0,115.0,389328000.0,0,20277000.0,1855181000.0,260.0,5598000,216470000,260502000,496888000,496888000,-7111000,22106000,289898000.0,1545424000.0,33,924360000.0,151364000,981201000.0,0,0,-1686000.0,-29853000,1383634000.0,106118000.0,5664000,23410000,-52807000,100145000,600194000.0,-290754000.0,-202184000.0,369041000,48220000,364044000,367630000,339375000,0,534107000,19,97159000.0,154199000,166579000.0,-33544000,0,-145858000,96886000.0,-8498000,0,18,27,13,260.0,0,2256058000.0,-183599000,390253000,53832000.0,0.0,3908300000.0,882902000.0,339218000,1843018000.0,2065282000.0,3908300000.0,2779541000.0,-641664000.0,2015.0,1.98,186384343.4,Total System Services,reports,Information Technology,Internet Software & Services,"Columbus, Georgia",2008-01-02,721683,United States
TXN,2015-12-31,1555000000.0,77000000,32000000,30,-551000000,1629000000.0,126.0,1000000000.0,93000000,1741000000.0,5440000000.0,277.0,201000000,413000000,1133000000,4306000000,4216000000,0,0,2596000000.0,4362000000.0,58,7560000000.0,1230000000,1629000000.0,90000000,1691000000,125000000.0,-170000000,3120000000.0,221000000.0,0,0,-502000000,-199000000,4268000000.0,-4165000000.0,-302000000.0,2986000000,146000000,2986000000,2986000000,1165000000,258000000,4274000000,33,147000000.0,1000000000,0.0,-532000000,-3000000,124000000,196000000.0,3000000,0,32,42,23,211.0,1280000000,31176000000.0,-2299000000,1748000000,1000000000.0,2218000000.0,16230000000.0,7074000000.0,2555000000,9946000000.0,6284000000.0,16230000000.0,13000000000.0,-24068000000.0,2015.0,2.86,1044055944.0,Texas Instruments,reports,Information Technology,Semiconductors,"Dallas, Texas",,97476,United States
TXT,2016-01-02,3530000000.0,76000000,0,14,-420000000,1587000000.0,27.0,1005000000.0,-239000000,36000000.0,10979000000.0,172.0,0,0,461000000,1140000000,971000000,-15000000,0,2492000000.0,2023000000.0,18,2444000000.0,273000000,0.0,169000000,4144000000,105000000.0,-43000000,3348000000.0,1087000000.0,0,0,-295000000,183000000,1090000000.0,-504000000.0,-388000000.0,697000000,111000000,697000000,698000000,1047000000,0,1140000000,8,2569000000.0,341000000,0.0,-1398000000,0,-73000000,2604000000.0,31000000,0,7,20,5,63.0,0,5298000000.0,-187000000,1304000000,262000000.0,0.0,14708000000.0,6537000000.0,3792000000,4964000000.0,9744000000.0,14708000000.0,13423000000.0,-559000000.0,2015.0,2.52,276587301.6,Textron Inc.,reports,Industrials,Industrial Conglomerates,"Providence, Rhode Island",1978-12-31,217346,United States
UA,2015-12-31,393395000.0,-191876000,-7234000,14,-298928000,636630000.0,27.0,129852000.0,-278524000,72000.0,2057766000.0,313.0,92157000,0,100940000,401313000,386685000,-11822000,0,538531000.0,585181000.0,48,1905547000.0,154112000,75686000.0,14628000,783031000,-6534000.0,39010000,627000000.0,0.0,0,0,384798000,-463323000,-44104000.0,440078000.0,-847475000.0,232573000,130249000,232573000,232573000,433638000,0,408547000,10,78582000.0,152242000,43415000.0,-45013000,0,-542013000,94868000.0,-76476000,0,10,23,6,149.0,0,1076533000.0,10310000,1497000000,42000000.0,0.0,2868900000.0,1498763000.0,478810000,1668222000.0,1200678000.0,2868900000.0,3963313000.0,0.0,2015.0,1.08,215345370.4,Under Armour,reports,Consumer Discretionary,"Apparel, Accessories & Luxury Goods","Baltimore, Maryland",2014-05-01,1336917,United States
UAL,2015-12-31,7972000000.0,-15000000,-327000000,82,-2747000000,7946000000.0,42.0,3058000000.0,0,4000000.0,12130000000.0,63.0,2037000000,2826000000,1819000000,4839000000,4219000000,0,0,21580000000.0,4523000000.0,68,25734000000.0,-3121000000,4136000000.0,620000000,738000000,190000000.0,-728000000,10400000000.0,0.0,0,0,-1228000000,1004000000,5992000000.0,-2495000000.0,-2493000000.0,7340000000,-2264000000,7340000000,7340000000,1128000000,326000000,5166000000,14,757000000.0,740000000,2959000000.0,-831000000,-13000000,64000000,6255000000.0,-160000000,1819000000,11,47,19,57.0,0,3457000000.0,-1217000000,18423000000,1483000000.0,2190000000.0,40861000000.0,7828000000.0,12414000000,8966000000.0,31895000000.0,40861000000.0,37864000000.0,-1610000000.0,2015.0,19.52,376024590.2,United Continental Holdings,reports,Industrials,Airlines,"Chicago, Illinois",2015-09-03,100517,United States
UDR,2015-12-31,209672000.0,0,253228000,12,-461374000,4447816000.0,,27540000.0,0,2618000.0,282037000.0,,0,0,399294000,223471000,101596000,0,62329000,6531627000.0,0.0,68,612601000.0,-3886000,0.0,121875000,0,-160676000.0,-9590000,3570795000.0,950681000.0,856000,946436000,-95088000,-8482000,431615000.0,-201648000.0,-238449000.0,340383000,-311280000,336661000,105482000,16694000,0,159591000,18,137302000.0,0,18786000.0,-12678000,-19027000,379552000,0.0,-3968000,381277000,11,4,38,,0,-1584459000.0,210011000,71733000,36330000.0,0.0,7663844000.0,0.0,0,2899755000.0,4764089000.0,7663844000.0,894638000.0,0.0,2015.0,1.3,261833076.9,UDR Inc,reports,Real Estate,Residential REITs,"Highlands Ranch, Colorado",2016-03-07,74208,United States
UHS,2015-12-31,1037684000.0,-45814000,0,16,-912976000,0.0,6.0,61228000.0,0,983000.0,0.0,156.0,35357000,315900000,398618000,1259395000,1145901000,-1609000,0,3835978000.0,3596114000.0,100,9043451000.0,395203000,0.0,113494000,116037000,-3300000.0,90202000,3387303000.0,0.0,59514000,242509000,178999000,29159000,1020898000.0,-77245000.0,-912885000.0,680528000,36356000,680528000,680528000,1437549000,0,1259395000,14,448360000.0,103490000,0.0,-317857000,0,3391000,278834000.0,-209162000,398618000,13,27,8,146.0,0,4566521000.0,-201341000,7385438000,62722000.0,0.0,9634113000.0,1718304000.0,1100406000,4249647000.0,5384466000.0,9634113000.0,9043451000.0,0.0,2015.0,6.89,98770391.87,"Universal Health Services, Inc.",reports,Health Care,Health Care Facilities,"King of Prussia, Pennsylvania",2014-09-20,352915,United States
ULTA,2015-01-31,359594000.0,-5391000,894000,21,-249067000,576982000.0,150.0,389149000.0,-123296000,647000.0,2104582000.0,350.0,5656000,368625000,131764000,411309000,411309000,0,0,717159000.0,0.0,35,1136787000.0,154174000,0.0,0,581229000,-150209000.0,80140000,0.0,0.0,0,0,0,-30327000,396592000.0,-27643000.0,-399276000.0,257135000,25408000,257135000,257135000,73220000,14366000,410415000,13,0.0,66548000,0.0,0,0,0,7442000.0,30832000,0,13,33,8,189.0,0,679593000.0,-30872000,712006000,0.0,150209000.0,1983170000.0,1260355000.0,359594000,1247509000.0,735661000.0,1983170000.0,3241369000.0,-9713000.0,2015.0,4.0,64283750.0,Ulta Salon Cosmetics & Fragrance Inc,reports,Consumer Discretionary,Specialty Stores,"Bolingbrook, Illinois",2016-04-18,1403568,United States
UNH,2015-12-31,26324000000.0,-591000000,0,17,-1556000000,29000000.0,,10923000000.0,0,10000000.0,104000000000.0,,0,5729000000,1693000000,11021000000,10231000000,-156000000,0,4861000000.0,44453000000.0,34,53232000000.0,4363000000,8391000000.0,790000000,0,-531000000.0,4102000000,31965000000.0,18792000000.0,-105000000,1736000000,14607000000,3428000000,9740000000.0,12239000000.0,-18395000000.0,5813000000,98000000,5813000000,5868000000,13324000000,0,11021000000,7,8522000000.0,0,0.0,-3334000000,334000000,-16308000000,11775000000.0,-1430000000,42211000000,7,30,4,,0,37125000000.0,-916000000,0,6634000000.0,1988000000.0,111000000000.0,0.0,0,33830000000.0,77424000000.0,111000000000.0,157000000000.0,0.0,2015.0,6.1,952950819.7,United Health Group Inc.,reports,Health Care,Managed Health Care,"Minnetonka, Minnesota",1994-07-01,731766,United States
UNM,2015-12-31,6000000.0,29300000,0,10,-100200000,2247200000.0,,112900000.0,0,30300000.0,7209400000.0,,2008500000,91800000,99500000,1391100000,1238300000,0,0,523900000.0,230900000.0,33,3521900000.0,371200000,0.0,152800000,0,-558500000.0,313900000,3242900000.0,49919200000.0,0,0,45100000,10400000,1292100000.0,-568700000.0,-713000000.0,867100000,-150300000,867100000,867100000,6323500000,0,1238300000,12,663500000.0,0,0.0,16100000,-28100000,-54300000,48585100000.0,132600000,1295700000,12,14,8,,0,7995200000.0,-411500000,835100000,352400000.0,807300000.0,60589700000.0,0.0,0,8663900000.0,51925800000.0,60589700000.0,10731300000.0,-1624900000.0,2015.0,3.51,247037037.0,Unum Group,reports,Financials,Diversified Financial Services,"Chattanooga, Tennessee",1994-03-01,5513,United States
UNP,2015-12-31,2612000000.0,255000000,226000000,23,-4650000000,4417000000.0,43.0,1391000000.0,-24000000,2776000000.0,4434000000.0,129.0,0,15241000000,2012000000,8278000000,7656000000,0,0,48866000000.0,0.0,80,17379000000.0,2884000000,0.0,622000000,736000000,0.0,-361000000,13607000000.0,1410000000.0,0,0,2772000000,-195000000,7344000000.0,-3063000000.0,-4476000000.0,4772000000,737000000,4772000000,4772000000,1356000000,0,8052000000,37,194000000.0,647000000,0.0,-1195000000,-26000000,174000000,1844000000.0,-47000000,2012000000,35,37,22,106.0,0,30233000000.0,-3465000000,7315000000,594000000.0,0.0,54600000000.0,4130000000.0,3206000000,20702000000.0,33898000000.0,54600000000.0,21813000000.0,-15529000000.0,2015.0,5.51,866061706.0,Union Pacific,reports,Industrials,Railroads,"Omaha, Nebraska",,100885,United States
UPS,2015-12-31,5497000000.0,-452000000,15000000,196,-2379000000,0.0,44.0,2730000000.0,0,9000000.0,12947000000.0,123.0,255000000,115000000,2084000000,7683000000,7342000000,-117000000,0,18352000000.0,3419000000.0,78,45416000000.0,2498000000,1549000000.0,341000000,0,-1022000000.0,-216000000,11316000000.0,473000000.0,21000000,0,3588000000,439000000,7430000000.0,-1565000000.0,-5309000000.0,4844000000,809000000,4844000000,4844000000,7134000000,0,7668000000,13,1055000000.0,1348000000,1464000000.0,-3489000000,-175000000,-1908000000,13693000000.0,361000000,2084000000,13,297,8,123.0,0,6001000000.0,-2453000000,35664000000,3735000000.0,1996000000.0,38311000000.0,13208000000.0,10696000000,2470000000.0,35841000000.0,38311000000.0,58363000000.0,-51000000.0,2015.0,5.38,900371747.2,United Parcel Service,reports,Industrials,Air Freight & Logistics,"Atlanta, Georgia",,1090727,United States
URBN,2015-01-31,353740000.0,-18393000,-1935000,18,-229804000,0.0,73.0,154558000.0,-68992000,13000.0,2148147000.0,229.0,85944000,207032000,138110000,363450000,363450000,-3748000,0,889232000.0,0.0,35,1174930000.0,131022000,0.0,0,358237000,424638000.0,48543000,0.0,104448000.0,0,0,0,-87500000,322321000.0,-600907000.0,194834000.0,232428000,13882000,232428000,232428000,89213000,0,365385000,11,0.0,102863000,0.0,-15427000,-615422000,0,0.0,-23257000,0,11,27,7,127.0,0,1343383000.0,10693000,809545000,0.0,104246000.0,1888741000.0,809117000.0,353740000,1327969000.0,560772000.0,1888741000.0,3323077000.0,0.0,2015.0,1.7,136722352.9,Urban Outfitters,reports,Consumer Discretionary,Apparel Retail,"Philadelphia, Pennsylvania",2010-02-08,912615,United States
UTX,2015-12-31,21513000000.0,-438000000,0,28,-1652000000,0.0,31.0,7075000000.0,-766000000,16033000000.0,40431000000.0,118.0,1961000000,0,1863000000,7291000000,6467000000,-174000000,0,8732000000.0,27301000000.0,28,15667000000.0,2111000000,15603000000.0,824000000,8135000000,-87000000.0,343000000,19320000000.0,1018000000.0,1486000000,122000000,775000000,1630000000,6755000000.0,-10776000000.0,-2794000000.0,7608000000,1687000000,7608000000,3996000000,10653000000,0,7291000000,13,6163000000.0,843000000,0.0,-7724000000,-508000000,-1055000000,16580000000.0,8329000000,0,12,24,14,82.0,2279000000,49956000000.0,-8859000000,6097000000,1105000000.0,0.0,87484000000.0,26706000000.0,22618000000,27358000000.0,60126000000.0,87484000000.0,56098000000.0,-30907000000.0,2015.0,8.72,872477064.2,United Technologies,reports,Industrials,Industrial Conglomerates,"Hartford, Connecticut",,101829,United States
V,2015-09-30,2502000000.0,359000000,-66000000,21,-414000000,18073000000.0,132.0,4590000000.0,0,0.0,2079000000.0,187.0,0,3273000000,494000000,8998000000,8995000000,1000000,0,1888000000.0,11825000000.0,85,11801000000.0,2667000000,11361000000.0,3000000,0,-938000000.0,-893000000,0.0,3384000000.0,0,0,318000000,1547000000,6584000000.0,-3603000000.0,-1435000000.0,6328000000,3307000000,6328000000,6328000000,1255000000,14000000,9064000000,65,888000000.0,1679000000,2073000000.0,-74000000,0,-83000000,897000000.0,-3011000000,494000000,65,30,46,187.0,0,11843000000.0,-2828000000,2229000000,780000000.0,2497000000.0,39367000000.0,10021000000.0,5355000000,29842000000.0,9525000000.0,39367000000.0,13880000000.0,0.0,2015.0,,,Visa Inc.,reports,Information Technology,Internet Software & Services,"San Francisco, California",2009-12-21,1403161,United States
VAR,2015-10-02,550100000.0,-79400000,13600000,24,-91400000,682200000.0,61.0,845500000.0,-41600000,98100000.0,1816400000.0,174.0,119400000,0,68500000,562600000,554700000,14200000,0,379200000.0,283500000.0,41,1282700000.0,142700000,72600000.0,7900000,612600000,-24900000.0,64100000,337500000.0,0.0,14700000,0,58600000,-3800000,469600000.0,-276700000.0,-210900000.0,411500000,54200000,411500000,411500000,770900000,0,549000000,18,331000000.0,164000000,668200000.0,-86500000,-600000,-94600000,138200000.0,-8200000,0,18,32,13,129.0,245200000,1017800000.0,-347300000,488500000,158400000.0,0.0,3578700000.0,2393000000.0,1376700000,1711600000.0,1867100000.0,3578700000.0,3099100000.0,0.0,2015.0,4.13,99636803.87,Varian Medical Systems,reports,Health Care,Health Care Equipment,"Palo Alto, California",2007-02-12,203527,United States
VFC,2016-01-02,1478844000.0,-124248000,8807000,23,-254501000,3192675000.0,49.0,945605000.0,-175098000,106654000.0,6393800000.0,214.0,0,0,272075000,1669803000,1580389000,-66683000,0,988159000.0,1788407000.0,48,5982944000.0,348796000,2112619000.0,89414000,1611994000,0.0,-52994000,1401820000.0,0.0,0,0,428287000,-26290000,1146510000.0,-783295000.0,-322822000.0,1231593000,-7417000,1231593000,1231593000,1319558000,143562000,1660996000,13,587221000.0,285979000,0.0,-1043222000,0,-68321000,911171000.0,2599000,0,13,29,10,131.0,0,3128731000.0,-701752000,4178386000,462869000.0,0.0,9639542000.0,4163136000.0,1941713000,5384838000.0,4254704000.0,9639542000.0,12376744000.0,0.0,2015.0,2.9,424687241.4,V.F. Corp.,reports,Consumer Discretionary,"Apparel, Accessories & Luxury Goods","Greensboro, North Carolina",1979-06-30,103379,United States
VIAB,2015-09-30,1254000000.0,124000000,-54000000,54,-142000000,10017000000.0,13.0,506000000.0,-4826000000,0.0,6868000000.0,119.0,0,150000000,5147000000,3160000000,2503000000,-73000000,102000000,4563000000.0,11456000000.0,48,6400000000.0,501000000,340000000.0,657000000,786000000,0.0,-9000000,12267000000.0,0.0,61000000,219000000,-410000000,-494000000,2313000000.0,-2477000000.0,-257000000.0,1922000000,-76000000,1922000000,2002000000,2807000000,206000000,3112000000,23,1206000000.0,479000000,2581000000.0,-534000000,-144000000,-115000000,2055000000.0,-49000000,222000000,19,71,14,98.0,0,14780000000.0,-1402000000,2860000000,18000000.0,0.0,22143000000.0,4578000000.0,3853000000,3538000000.0,18605000000.0,22143000000.0,13268000000.0,-20725000000.0,2015.0,4.78,402092050.2,Viacom Inc.,reports,Consumer Discretionary,Broadcasting & Cable TV,"New York, New York",,1339947,United States
VLO,2015-12-31,7233000000.0,0,46000000,19,-1618000000,7064000000.0,56.0,4114000000.0,0,7000000.0,74651000000.0,203.0,2668000000,6768000000,1842000000,6404000000,5971000000,-154000000,0,26703000000.0,0.0,15,13153000000.0,1870000000,0.0,433000000,5898000000,0.0,0,7250000000.0,0.0,827000000,0,933000000,425000000,5611000000.0,-2545000000.0,-2487000000.0,3990000000,955000000,3990000000,4101000000,4756000000,0,6358000000,7,0.0,204000000,0.0,-933000000,25000000,-869000000,1611000000.0,-1287000000,1842000000,7,29,5,123.0,0,25188000000.0,-2610000000,4953000000,127000000.0,0.0,44343000000.0,14972000000.0,7360000000,20527000000.0,23816000000.0,44343000000.0,87804000000.0,-10799000000.0,2015.0,8.0,498750000.0,Valero Energy,reports,Energy,Oil & Gas Refining & Marketing & Transportation,"San Antonio, Texas",,1035002,United States
VMC,2015-12-31,353349000.0,-42164000,8594000,5,-289262000,2822578000.0,81.0,285210000.0,-20925000,133172000.0,2564648000.0,307.0,0,904736000,274823000,548445000,327857000,0,0,3156290000.0,3094824000.0,25,857533000.0,94943000,766579000.0,220588000,347073000,0.0,10394000,1980334000.0,40558000.0,0,0,-60060000,142787000,503378000.0,-50849000.0,-309742000.0,221177000,46042000,221177000,232914000,418024000,4988000,549778000,16,158790000.0,34284000,0.0,-120069000,-65000,-20480000,608895000.0,14031000,0,10,7,6,209.0,0,1618507000.0,51496000,312694000,130000.0,0.0,8301632000.0,1084591000.0,353479000,4454188000.0,3847444000.0,8301632000.0,3422181000.0,0.0,2015.0,1.66,133239156.6,Vulcan Materials,reports,Materials,Construction Materials,"Birmingham, Alabama",,1396009,United States
VNO,2015-12-31,443955000.0,11936000,352880000,11,-1270447000,7132979000.0,,1943506000.0,0,7521000.0,1011249000.0,,480421000,463594000,487154000,1100498000,722473000,0,-12630000,14671870000.0,0.0,60,1491018000.0,-84695000,227901000.0,378025000,0,18398000.0,-48067000,11091010000.0,2276180000.0,778483000,1229221000,1465740000,637230000,672150000.0,643826000.0,-678746000.0,760434000,-412332000,679856000,807168000,1029307000,12511000,760248000,30,514108000.0,0,0.0,46921000,-225000000,573303000,439435000.0,-225971000,542952000,29,11,30,,0,-1766780000.0,61281000,175307000,0.0,0.0,21143293000.0,0.0,0,6697595000.0,14445698000.0,21143293000.0,2502267000.0,0.0,2015.0,3.61,210646537.4,Vornado Realty Trust,reports,Real Estate,REITs,"New York, New York",,899689,United States
VRSK,2015-12-31,247495000.0,-14609000,17003000,37,-166138000,2023390000.0,10.0,138348000.0,0,137000.0,803274000.0,41.0,0,396430000,228383000,838752000,717436000,606000,0,418168000.0,3134826000.0,61,1264736000.0,209859000,1376745000.0,121316000,0,85309000.0,-63307000,2293179000.0,0.0,0,0,1733966000,98989000,623687000.0,2481013000.0,-3006317000.0,507577000,-97937000,507577000,507577000,368952000,0,736562000,36,81619000.0,93693000,356951000.0,-242052000,-8381000,-2925488000,75050000.0,63580000,215484000,35,52,25,41.0,0,2161726000.0,739223000,312690000,874811000.0,3576000.0,5615927000.0,604569000.0,1479257000,1372011000.0,4243916000.0,5615927000.0,2068010000.0,-2571190000.0,2015.0,3.07,165334527.7,Verisk Analytics,reports,Industrials,Research & Consulting Services,"Jersey City, New Jersey",2015-10-08,1442145,United States
VRSN,2015-12-31,188171000.0,661000,-10665000,35,-40656000,17558822000.0,127.0,228659000.0,0,323000.0,192788000.0,131.0,17361000,575053000,73783000,595281000,487650000,246000,0,295570000.0,52527000.0,82,866578000.0,112414000,0.0,107631000,0,-452302000.0,92001000,1235354000.0,0.0,0,0,492237000,37051000,651482000.0,-117778000.0,-496899000.0,375236000,29201000,375236000,375236000,12638000,0,605946000,57,24355000.0,39856000,680483000.0,-3993000,0,-3941000,114797000.0,80600000,0,46,46,35,131.0,63718000,-18625599000.0,-628479000,196914000,634326000.0,1686771000.0,2357737000.0,1967924000.0,1502980000,-1070447000.0,3428184000.0,2357737000.0,1059366000.0,0.0,2015.0,3.29,114053495.4,Verisign Inc.,reports,Information Technology,Internet Software & Services,"Dulles, Virginia",,1014473,United States
VRTX,2015-12-31,380762000.0,-104847000,-6715000,59,-45302000,6197500000.0,221.0,793678000.0,-23146000,2427000.0,124512000.0,278.0,0,120153000,62343000,-473594000,-557800000,-2834000,0,697715000.0,50384000.0,88,907824000.0,30381000,284340000.0,84206000,57207000,404402000.0,51303000,739503000.0,30000000.0,153661000,0,3327000,89509000,-365432000.0,188919000.0,268856000.0,-556334000,246356000,-556334000,-588181000,177639000,2206000,-466879000,45,29283000.0,50935000,38564000.0,1824000,0,-90244000,39242000.0,-9260000,0,54,59,54,267.0,995922000,-5261784000.0,185592000,376575000,87023000.0,327694000.0,2498875000.0,1407153000.0,506349000,939967000.0,1558908000.0,2498875000.0,1032336000.0,0.0,2015.0,-2.31,240837229.4,Vertex Pharmaceuticals Inc,reports,Health Care,Biotechnology,"Cambridge, Massachusetts",2013-09-23,875320,United States
VTR,2015-12-31,860244000.0,0,-13359000,4,-2877949000,11602838000.0,,53023000.0,0,83579000.0,1410205000.0,,0,338382000,954982000,733200000,366086000,-522000,-1420000,18280798000.0,1047497000.0,57,1875141000.0,-39284000,1344422000.0,367114000,0,-38151000.0,10687000,11206996000.0,95707000.0,61100000,196529000,329029000,-1803000,1391767000.0,1030122000.0,-2423692000.0,419222000,-35440000,417843000,389539000,857112000,102944000,732148000,22,412403000.0,0,0.0,-7565000,1278234000,492408000,34340000.0,42316000,894057000,11,4,13,,0,-2111958000.0,454016000,145992000,0.0,77896000.0,22261918000.0,0.0,0,9564327000.0,12697591000.0,22261918000.0,3285346000.0,-2567000.0,2015.0,1.26,332715873.0,Ventas Inc,reports,Real Estate,REITs,"Chicago, Illinois",2009-03-04,740260,United States
VZ,2015-12-31,19362000000.0,-945000000,186000000,109,-17775000000,11196000000.0,14.0,4470000000.0,-99000000,424000000.0,52557000000.0,64.0,0,45484000000,16017000000,33160000000,28240000000,0,-86000000,93808000000.0,25331000000.0,60,79063000000.0,9865000000,94913000000.0,4920000000,1252000000,0.0,2545000000,104000000000.0,796000000.0,1414000000,0,-3017000000,-6128000000,38930000000.0,-15015000000.0,-30043000000.0,17879000000,3506000000,17879000000,17793000000,13457000000,0,33060000000,25,7512000000.0,2751000000,9201000000.0,978000000,1634000000,-12268000000,42557000000.0,-469000000,16017000000,21,172,14,60.0,0,11246000000.0,-5094000000,29986000000,6489000000.0,350000000.0,245000000000.0,22280000000.0,35052000000,16428000000.0,228000000000.0,245000000000.0,132000000000.0,-7416000000.0,2015.0,4.38,4081963470.0,Verizon Communications,reports,Telecommunications Services,Integrated Telecommunications Services,"New York, New York",1983-11-30,732712,United States
WAT,2015-12-31,153469000.0,-49888000,10711000,23,-100012000,1490342000.0,425.0,487665000.0,-19967000,1577000.0,842672000.0,570.0,0,0,89987000,578162000,541919000,-25472000,0,333355000.0,356864000.0,59,1199660000.0,72866000,218022000.0,36243000,263415000,-278387000.0,54738000,1493027000.0,0.0,0,0,205079000,65488000,560293000.0,-69594000.0,-399739000.0,469053000,44501000,469053000,469053000,468315000,7794000,567451000,28,146903000.0,82540000,235298000.0,-146726000,0,-21340000,152723000.0,-28131000,10123000,27,26,23,523.0,118545000,4863566000.0,-282645000,495747000,175309000.0,1911598000.0,4268677000.0,3213533000.0,564076000,2058851000.0,2209826000.0,4268677000.0,2042332000.0,-4149908000.0,2015.0,5.7,82290000.0,Waters Corporation,reports,Health Care,Health Care Distributors,"Milford, Massachusetts",,1000697,United States
WDC,2015-07-03,2831000000.0,458000000,15000000,16,-612000000,2428000000.0,163.0,5024000000.0,-143000000,3000000.0,10351000000.0,263.0,0,0,1114000000,1626000000,1577000000,0,0,2965000000.0,2766000000.0,29,4221000000.0,112000000,332000000.0,49000000,1368000000,-84000000.0,-1005000000,2149000000.0,0.0,0,0,130000000,220000000,2242000000.0,-1069000000.0,-953000000.0,1465000000,256000000,1465000000,1465000000,1532000000,0,1611000000,11,594000000.0,327000000,0.0,-20000000,-64000000,-257000000,564000000.0,97000000,0,11,17,10,221.0,1646000000,9107000000.0,-758000000,964000000,407000000.0,262000000.0,15170000000.0,8513000000.0,3238000000,9219000000.0,5951000000.0,15170000000.0,14572000000.0,-2299000000.0,2015.0,6.31,232171156.9,Western Digital,reports,Information Technology,Computer Storage & Peripherals,"Irvine, California",2009-07-01,106040,United States
WEC,2015-12-31,985100000.0,84000000,58900000,7,-1266200000,4347200000.0,2.0,49800000.0,-69400000,3200000.0,3949400000.0,81.0,0,5201700000,583500000,1405500000,1074100000,0,96100000,19189700000.0,3023500000.0,33,1976700000.0,433800000,0.0,331400000,687000000,-1338600000.0,4800000,9124100000.0,1466700000.0,0,0,1783400000,-12100000,1293600000.0,1211800000.0,-2517500000.0,640300000,297700000,638500000,736400000,1028600000,0,1250500000,21,3468500000.0,441400000,471200000.0,4600000,-18900000,87300000,3635200000.0,-247300000,561800000,18,12,11,56.0,0,4299800000.0,-97300000,164400000,1252700000.0,0.0,29355200000.0,2206800000.0,2709000000,8685200000.0,20670000000.0,29355200000.0,5926100000.0,0.0,2015.0,2.36,271313559.3,Wec Energy Group Inc,reports,Utilities,Electric Utilities,"Milwaukee, Wisconsin",2008-10-31,783325,United States
WFC,2015-12-31,73365000000.0,-623000000,0,12,0,60714000000.0,,714000000000.0,0,9136000000.0,963000000.0,,0,0,3288000000,36654000000,33641000000,0,0,8704000000.0,25529000000.0,0,0.0,10365000000,0.0,3013000000,0,-113000000000.0,-6804000000,0.0,1360000000000.0,893000000,0,49707000000,-460000000,14772000000.0,92003000000.0,-107000000000.0,22894000000,-47580000000,21470000000,22894000000,0,0,0,0,102000000000.0,0,1220000000000.0,-1065000000,55353000000,5712000000,0.0,-4029000000,3688000000,37,17,25,,0,121000000000.0,-4231000000,48728000000,97528000000.0,0.0,1790000000000.0,0.0,0,193000000000.0,1590000000000.0,1790000000000.0,90033000000.0,-18867000000.0,2015.0,4.18,5477033493.0,Wells Fargo,reports,Financials,Banks,"San Francisco, California",1976-06-30,72971,United States
WFM,2015-09-27,776000000.0,-21000000,17000000,14,-335000000,0.0,41.0,364000000.0,-61000000,2904000000.0,9973000000.0,123.0,144000000,587000000,456000000,878000000,878000000,-5000000,0,3163000000.0,710000000.0,35,5416000000.0,342000000,79000000.0,0,500000000,434000000.0,132000000,62000000.0,63000000.0,0,0,-1000000,47000000,1129000000.0,-622000000.0,-455000000.0,536000000,96000000,536000000,536000000,417000000,83000000,861000000,6,38000000.0,108000000,473000000.0,-28000000,-1000000,-554000000,71000000.0,-9000000,0,6,23,3,83.0,0,2017000000.0,-447000000,4472000000,3000000.0,155000000.0,5741000000.0,1544000000.0,1252000000,3769000000.0,1972000000.0,5741000000.0,15389000000.0,-1124000000.0,2015.0,1.49,359731543.6,Whole Foods Market,reports,Consumer Staples,Food Retail,"Austin, Texas",,865436,United States
WHR,2015-12-31,6236000000.0,-89000000,-89000000,17,-689000000,2641000000.0,10.0,772000000.0,-141000000,111000000.0,17201000000.0,89.0,2301000000,0,668000000,1196000000,1031000000,-91000000,0,3774000000.0,3006000000.0,18,3690000000.0,209000000,2678000000.0,165000000,2619000000,-70000000.0,-76000000,3470000000.0,0.0,931000000,0,-217000000,-254000000,1225000000.0,-707000000.0,-681000000.0,783000000,-63000000,783000000,783000000,2530000000,201000000,1285000000,6,377000000.0,953000000,980000000.0,-2332000000,-9000000,78000000,2122000000.0,104000000,74000000,5,22,4,55.0,0,6722000000.0,-212000000,2130000000,528000000.0,0.0,19010000000.0,6874000000.0,7744000000,4743000000.0,13336000000.0,18079000000.0,20891000000.0,-2399000000.0,2015.0,9.95,78693467.34,Whirlpool Corp.,reports,Consumer Discretionary,Household Appliances,"Benton Harbor, Michigan",,106640,United States
WLTW,2015-12-31,45000000.0,-155000000,55000000,17,-146000000,1672000000.0,,532000000.0,0,0.0,0.0,,76000000,992000000,182000000,482000000,340000000,-44000000,11000000,563000000.0,3737000000.0,100,3829000000.0,-33000000,1115000000.0,142000000,0,3000000.0,928000000,3266000000.0,13000000.0,131000000,53000000,890000000,-59000000,243000000.0,641000000.0,-943000000.0,373000000,-144000000,373000000,373000000,1258000000,126000000,427000000,11,11545000000.0,0,0.0,-1037000000,7000000,-800000000,12123000000.0,-952000000,970000000,9,15,10,,0,1597000000.0,37000000,2306000000,988000000.0,0.0,18839000000.0,0.0,0,2229000000.0,16610000000.0,18839000000.0,3829000000.0,-3000000.0,2015.0,,,Willis Towers Watson,reports,Financials,Insurance Brokers,"London, United Kingdom",2016-01-05,1140536,United Kingdom
WM,2015-12-31,1785000000.0,-178000000,-562000000,14,-1233000000,4827000000.0,2.0,39000000.0,0,6000000.0,8231000000.0,93.0,0,1391000000,1335000000,1445000000,1060000000,-3000000,-38000000,10665000000.0,5984000000.0,36,4730000000.0,308000000,477000000.0,385000000,92000000,-20000000.0,-209000000,8676000000.0,360000000.0,22000000,0,-982000000,-1268000000,2498000000.0,-2155000000.0,-1608000000.0,753000000,789000000,753000000,160000000,2094000000,97000000,2045000000,16,536000000.0,120000000,472000000.0,-127000000,31000000,-355000000,2423000000.0,9000000,1245000000,8,20,6,90.0,0,6939000000.0,-524000000,1343000000,253000000.0,0.0,20367000000.0,2345000000.0,2510000000,5345000000.0,15022000000.0,20367000000.0,12961000000.0,-6300000000.0,2015.0,1.66,453614457.8,Waste Management Inc.,reports,Industrials,Environmental Services,"Houston, Texas",,823768,United States
WMB,2015-12-31,1822000000.0,39000000,129000000,9,-3167000000,14807000000.0,4.0,100000000.0,105000000,784000000.0,3434000000.0,61.0,0,4218000000,1820000000,-669000000,-1713000000,0,-1024000000,29579000000.0,47000000.0,53,3926000000.0,-399000000,9970000000.0,1044000000,127000000,-707000000.0,-64000000,23812000000.0,7336000000.0,10077000000,0,2915000000,-140000000,2678000000.0,481000000.0,-3299000000.0,-571000000,2335000000,-571000000,-1314000000,1083000000,1098000000,226000000,3,561000000.0,217000000,0.0,-442000000,395000000,575000000,2268000000.0,-243000000,1738000000,23,28,8,56.0,0,-7960000000.0,197000000,864000000,675000000.0,0.0,49020000000.0,1527000000.0,2497000000,6148000000.0,42872000000.0,49020000000.0,7360000000.0,-1041000000.0,2015.0,-0.76,751315789.5,Williams Cos.,reports,Energy,Oil & Gas Exploration & Production,"Tulsa, Oklahoma",1975-03-31,107263,United States
WMT,2015-01-31,58583000000.0,-569000000,113000000,20,-12174000000,2462000000.0,14.0,9135000000.0,-1229000000,323000000.0,365000000000.0,97.0,0,8805000000,9173000000,27260000000,24799000000,-514000000,0,117000000000.0,18102000000.0,25,121000000000.0,7985000000,0.0,2461000000,45141000000,0.0,4093000000,43495000000.0,0.0,4543000000,0,-5018000000,1854000000,28564000000.0,-15071000000.0,-11125000000.0,16363000000,-3000000,16363000000,16814000000,6778000000,0,27147000000,6,5455000000.0,2224000000,0.0,-7168000000,-409000000,1049000000,0.0,0,0,5,30,3,28.0,0,85777000000.0,-2859000000,93418000000,6670000000.0,0.0,203000000000.0,63278000000.0,65253000000,81394000000.0,122000000000.0,203000000000.0,486000000000.0,0.0,2015.0,5.07,3227416174.0,Wal-Mart Stores,reports,Consumer Staples,Hypermarkets & Super Centers,"Bentonville, Arkansas",1982-08-31,104169,United States
WRK,2015-09-30,1586300000.0,106100000,7100000,4,-585500000,10767800000.0,10.0,215100000.0,-27200000,2600000.0,8986500000.0,192.0,0,3189700000,740800000,866700000,734200000,-7200000,7100000,9159800000.0,4647100000.0,19,2138300000.0,233000000,2794900000.0,132500000,1761000000,1100000.0,-211800000,5558200000.0,0.0,132100000,14200000,540400000,195700000,1203600000.0,-718000000.0,-282700000.0,511800000,93900000,507100000,501200000,1575400000,140800000,852500000,8,4594600000.0,624500000,528800000.0,-780200000,-600000,301700000,2647600000.0,-10000000,118900000,7,6,5,111.0,0,1661600000.0,-1023800000,1026100000,63700000.0,0.0,25372400000.0,4176000000.0,2178800000,11651800000.0,13720600000.0,25372400000.0,11124800000.0,0.0,2015.0,2.97,172323232.3,WestRock Company,reports,Materials,Paper Packaging,"Richmond, Virginia",,1636023,United States
WU,2015-12-31,1090700000.0,0,300000,60,-94400000,566500000.0,16.0,1315900000.0,0,5000000.0,3199400000.0,57.0,0,0,270200000,1109700000,941800000,0,0,231800000.0,3163800000.0,42,2284300000.0,104000000,705000000.0,167900000,0,-19900000.0,46700000,0.0,0.0,0,0,-500000000,-467300000,1071100000.0,-1252000000.0,-286400000.0,837800000,23800000,837800000,837800000,0,0,1109400000,20,733700000.0,3308700000,3737700000.0,-143900000,0,-172100000,0.0,-107400000,0,17,67,15,57.0,0,977300000.0,-435500000,1174900000,3225600000.0,0.0,9458900000.0,4624600000.0,8054000000,1404900000.0,8054000000.0,9458900000.0,5483700000.0,0.0,2015.0,1.63,513987730.1,Western Union Co,reports,Information Technology,Internet Software & Services,"Englewood, Colorado",,1365135,United States
WY,2015-12-31,875000000.0,17000000,36000000,10,-479000000,0.0,116.0,1012000000.0,10000000,638000000.0,5694000000.0,248.0,4000000,86000000,479000000,850000000,503000000,0,-105000000,9261000000.0,40000000.0,20,1388000000.0,-3000000,0.0,347000000,568000000,0.0,-118000000,4891000000.0,74000000.0,0,0,0,-568000000,1064000000.0,-1145000000.0,-487000000.0,506000000,202000000,462000000,506000000,517000000,25000000,919000000,13,933000000.0,77000000,0.0,2868000000,2000000,-8000000,1765000000.0,-32000000,0,7,10,7,184.0,24000000,1349000000.0,-484000000,420000000,0.0,0.0,12486000000.0,2174000000.0,875000000,4869000000.0,7617000000.0,12486000000.0,7082000000.0,0.0,2015.0,0.89,568539325.8,Weyerhaeuser Corp.,reports,Real Estate,REITs,"Federal Way, Washington",,106535,United States
WYN,2015-12-31,1221000000.0,-341000000,19000000,64,-222000000,3923000000.0,9.0,171000000.0,-25000000,2000000.0,2700000000.0,96.0,0,1450000000,234000000,1041000000,916000000,-26000000,0,2363000000.0,1563000000.0,51,2836000000.0,304000000,1123000000.0,125000000,295000000,-17000000.0,130000000,4955000000.0,2438000000.0,3000000,0,171000000,-12000000,991000000.0,-675000000.0,-302000000.0,612000000,358000000,612000000,612000000,984000000,6000000,1015000000,18,360000000.0,419000000,483000000.0,-74000000,18000000,-63000000,401000000.0,23000000,234000000,17,96,11,80.0,0,1592000000.0,-658000000,1574000000,253000000.0,0.0,9716000000.0,1869000000.0,1957000000,950000000.0,8766000000.0,9716000000.0,5536000000.0,-4493000000.0,2015.0,5.18,118146718.1,Wyndham Worldwide,reports,Consumer Discretionary,"Hotels, Resorts & Cruise Lines","Parsippany, New Jersey",,1361658,United States
WYNN,2015-12-31,657762000.0,47011000,-70484000,174,-1921240000,983131000.0,198.0,2080089000.0,-23613000,1146000.0,2530374000.0,226.0,104367000,36357000,342414000,590153000,289247000,412000,1823000,7477478000.0,0.0,38,1545509000.0,7723000,110972000.0,300906000,74493000,-3660000.0,-220361000,9212765000.0,136983000.0,133824000,0,1916725000,-102075000,572813000.0,1216258000.0,-1891558000.0,195290000,145838000,195290000,71109000,187887000,88738000,658814000,16,186681000.0,48012000,452409000.0,1092000,0,33342000,141121000.0,0,322629000,7,258,5,219.0,0,55332000.0,-8564000,475328000,0.0,115297000.0,10522259000.0,2505778000.0,1110171000,-111979000.0,10634238000.0,10522259000.0,4075883000.0,-1152680000.0,2015.0,1.93,101186528.5,Wynn Resorts Ltd,reports,Consumer Discretionary,Casinos & Gaming,"Las Vegas, Nevada",2008-11-14,1174922,United States
XEC,2015-12-31,396636000.0,186699000,24822000,86,-1049636000,2762976000.0,190.0,779382000.0,0,948000.0,519874000.0,263.0,0,352705000,778923000,-3727227000,-3782384000,0,0,3506155000.0,620232000.0,64,932745000.0,-1373436000,0.0,55157000,54579000,0.0,-276735000,1485620000.0,501000.0,0,0,-24633000,373520000,691500000.0,690625000.0,-1008605000.0,-2408948000,2373607000,-2408948000,-2408948000,218425000,3726004000,-3740803000,258,38468000.0,25544000,13431000.0,441000,0,41031000,197216000.0,37954000,778923000,260,135,166,250.0,0,33313000.0,773539000,179867000,0.0,0.0,5243286000.0,1077930000.0,410067000,2797678000.0,2445608000.0,5243286000.0,1452619000.0,0.0,2015.0,-25.92,92937808.64,Cimarex Energy,reports,Energy,Oil & Gas Exploration & Production,"Denver, Colorado",2014-06-21,1168054,United States
XEL,2015-12-31,1728410000.0,139451000,87584000,9,-3683359000,5889106000.0,2.0,84940000.0,-11240000,1268839000.0,7033633000.0,72.0,0,6530391000,1249338000,2122486000,1527204000,0,34390000,31205851000.0,0.0,36,3990853000.0,542719000,0.0,595282000,608584000,-22443000.0,-175214000,12490719000.0,1954078000.0,0,0,1201830000,5332000,3025839000.0,602267000.0,-3622774000.0,984485000,716728000,984485000,1018875000,1519692000,0,2000512000,18,2983161000.0,697229000,797027000.0,-109753000,0,55791000,5373208000.0,122291000,1124524000,14,14,9,57.0,0,3552728000.0,7011000,865817000,1532860000.0,0.0,39053535000.0,2910445000.0,4058297000,10600920000.0,28452615000.0,39053535000.0,11024486000.0,0.0,2015.0,1.94,507466494.8,Xcel Energy Inc,reports,Utilities,MultiUtilities,"Minneapolis, Minnesota",,72903,United States
XL,2015-12-31,2117727000.0,158487000,312311000,10,0,8910167000.0,,3411228000.0,0,2947000.0,6199645000.0,,1172879000,120651000,330770000,1114246000,909031000,-64377000,44740000,0.0,0.0,33,3109281000.0,-19161000,2210266000.0,205215000,0,905906000.0,-427856000,4762697000.0,37826830000.0,1977384000,0,893153000,734422000,615556000.0,46811000.0,136432000.0,1201560000,-415658000,1207152000,928192000,10625023000,0,909031000,10,2758992000.0,0,0.0,686616000,-84758000,-769474000,38976751000.0,-343526000,1966939000,10,8,13,,0,2077349000.0,-435385000,0,1168376000.0,677720000.0,58682938000.0,0.0,0,11677079000.0,47005859000.0,58682938000.0,9308926000.0,0.0,2015.0,4.22,284729857.8,XL Capital,reports,Financials,Property & Casualty Insurance,"Hamilton, Bermuda",,875159,Bermuda
XLNX,2015-03-28,321082000.0,21219000,0,25,-29619000,653882000.0,343.0,892572000.0,2664000,2583000.0,708823000.0,409.0,0,289868000,86936000,755078000,740076000,0,0,301038000.0,159296000.0,70,1668521000.0,91860000,12752000.0,15002000,231328000,13279000.0,-40849000,994839000.0,266902000.0,0,23947000,0,-81105000,790780000.0,-884841000.0,12956000.0,648216000,86243000,648216000,648216000,326134000,24491000,755078000,32,223026000.0,74528000,66071000.0,-11149000,0,29296000,14611000.0,-13649000,9537000,31,28,27,385.0,525745000,1966278000.0,-598345000,353670000,576053000.0,2410489000.0,4898065000.0,3935051000.0,963206000,2611594000.0,2286471000.0,4898065000.0,2377344000.0,0.0,2015.0,2.44,265662295.1,Xilinx Inc,reports,Information Technology,Semiconductors,"San Jose, California",,743988,United States
XOM,2015-12-31,35214000000.0,4692000000,1750000000,9,-26490000000,0.0,7.0,3705000000.0,-379000000,11612000000.0,166000000000.0,79.0,0,36818000000,18048000000,22277000000,21966000000,-394000000,7644000000,252000000000.0,0.0,36,93898000000.0,5415000000,0.0,311000000,16245000000,235000000.0,-7471000000,25342000000.0,34245000000.0,5999000000,0,9255000000,-911000000,30344000000.0,-7037000000.0,-23824000000.0,16150000000,-750000000,16150000000,23794000000,19875000000,1523000000,12883000000,5,8285000000.0,2798000000,0.0,-23511000000,2000000,2431000000,43812000000.0,-347000000,18048000000,8,13,6,49.0,0,412000000000.0,-4034000000,61444000000,18762000000.0,0.0,337000000000.0,42623000000.0,53976000000,171000000000.0,166000000000.0,337000000000.0,259000000000.0,-230000000000.0,2015.0,3.85,4194805195.0,Exxon Mobil Corp.,reports,Energy,Integrated Oil & Gas,"Irving, Texas",,34088,United States
XRAY,2015-12-31,463900000.0,-900000,10400000,11,-72000000,237800000.0,60.0,284600000.0,32100000,1600000.0,1157100000.0,251.0,0,160300000,134200000,385600000,329700000,-6600000,-1600000,558800000.0,1987600000.0,57,1517200000.0,77000000,600700000.0,55900000,340400000,24400000.0,13100000,1141000000.0,0.0,1400000,0,-116800000,133000000,497400000.0,-302900000.0,-54900000.0,251200000,74000000,251200000,251200000,399900000,64700000,375200000,14,59100000.0,171800000,0.0,-594000000,0,-7300000,286200000.0,-6200000,0,12,14,9,180.0,0,3591000000.0,-157700000,1077300000,12100000.0,0.0,4402900000.0,1196700000.0,476000000,2338000000.0,2064900000.0,4402900000.0,2674300000.0,-898400000.0,2015.0,1.79,140335195.5,Dentsply Sirona,reports,Health Care,Health Care Supplies,"York, Pennsylvania",2008-11-14,818479,United States
XRX,2015-12-31,2265000000.0,408000000,0,5,-251000000,3017000000.0,26.0,1368000000.0,-101000000,1013000000.0,12782000000.0,127.0,0,0,1190000000,412000000,412000000,-88000000,135000000,1491000000.0,8823000000.0,29,5263000000.0,-23000000,1765000000.0,0,942000000,0.0,221000000,6382000000.0,3965000000.0,43000000,349000000,-370000000,-43000000,1611000000.0,-2074000000.0,508000000.0,474000000,-77000000,474000000,570000000,3634000000,186000000,412000000,2,2088000000.0,644000000,2004000000.0,-4642000000,-1000000,759000000,3715000000.0,-522000000,310000000,2,5,3,109.0,563000000,9686000000.0,-1334000000,3792000000,985000000.0,0.0,24817000000.0,6685000000.0,5254000000,9074000000.0,15743000000.0,24817000000.0,18045000000.0,0.0,2015.0,0.42,1128571429.0,Xerox Corp.,reports,Information Technology,IT Consulting & Other Services,"Norwalk, Connecticut",,108772,United States
XYL,2015-12-31,745000000.0,-24000000,9000000,16,-117000000,1834000000.0,83.0,680000000.0,23000000,2000000.0,2249000000.0,244.0,0,118000000,133000000,458000000,403000000,-53000000,0,439000000.0,1584000000.0,38,1404000000.0,63000000,435000000.0,55000000,433000000,0.0,6000000,1196000000.0,0.0,0,0,-3000000,17000000,464000000.0,-262000000.0,-132000000.0,340000000,-24000000,340000000,340000000,749000000,6000000,449000000,12,194000000.0,143000000,0.0,-238000000,-1000000,-15000000,436000000.0,10000000,0,11,19,9,191.0,95000000,885000000.0,-158000000,854000000,78000000.0,0.0,4657000000.0,2005000000.0,823000000,2084000000.0,2573000000.0,4657000000.0,3653000000.0,-399000000.0,2015.0,1.88,180851063.8,Xylem Inc.,reports,Industrials,Industrial Conglomerates,"White Plains, New York",2011-11-01,1524472,United States
YHOO,2015-12-31,1143349000.0,-39065000,-64682000,15,-554163000,8807273000.0,459.0,1631911000.0,0,959000.0,2077748000.0,588.0,0,13494992000,719892000,-4813176000,-4813176000,-23619000,383571000,1547323000.0,808114000.0,58,2890553000.0,-89598000,347269000.0,0,0,2446759000.0,-3427810000,1233485000.0,34651551000.0,35883000,0,0,-1032187000,-2383422000.0,-377258000.0,1752112000.0,-4359082000,4692826000,-4359082000,-4347982000,1047504000,4624660000,-4748494000,96,342390000.0,602792000,134031000.0,16576031000,-275052000,-140484000,118689000.0,21842000,79042000,97,17,88,588.0,1177923000,4570807000.0,-144641000,1768522000,0.0,4225112000.0,45203966000.0,7507319000.0,1277380000,29043537000.0,16160429000.0,45203966000.0,4968301000.0,-911533000.0,2015.0,-4.64,939457327.6,Yahoo Inc.,reports,Information Technology,Internet Software & Services,"Sunnyvale, California",,1011006,United States
YUM,2015-12-26,2165000000.0,-54000000,0,142,-973000000,0.0,27.0,840000000.0,58000000,0.0,9359000000.0,55.0,676000000,0,747000000,1921000000,1787000000,-6000000,0,4189000000.0,656000000.0,29,3746000000.0,489000000,271000000.0,134000000,229000000,0.0,148000000,3054000000.0,61000000.0,58000000,6000000,631000000,159000000,2139000000.0,-1292000000.0,-682000000.0,1293000000,-111000000,1293000000,1293000000,377000000,79000000,1921000000,15,534000000.0,242000000,0.0,-239000000,-55000000,291000000,958000000.0,53000000,0,14,196,10,47.0,0,1150000000.0,-1188000000,1746000000,923000000.0,0.0,8075000000.0,1688000000.0,3088000000,911000000.0,7164000000.0,8075000000.0,13105000000.0,0.0,2015.0,2.97,435353535.4,Yum! Brands Inc,reports,Consumer Discretionary,Restaurants,"Louisville, Kentucky",1997-10-06,1041061,United States
ZBH,2015-12-31,432000000.0,-56100000,-27500000,1,-434100000,8195300000.0,100.0,1459300000.0,-205400000,3000000.0,1800600000.0,362.0,0,3150200000,712400000,439800000,153200000,-22600000,0,2062600000.0,9934200000.0,70,4197200000.0,7000000,8746300000.0,286600000,2254100000,588100000.0,-263100000,11556300000.0,0.0,1500000,0,-239900000,376000000,816700000.0,7139800000.0,-7557900000.0,147000000,341200000,147000000,147000000,1446500000,831800000,467300000,8,613500000.0,538400000,1185900000.0,-329000000,0,-7711900000,1005700000.0,141500000,337400000,3,2,2,223.0,268800000,8347700000.0,-44800000,2291900000,0.0,164600000.0,27219500000.0,5862900000.0,1617900000,9887900000.0,17331600000.0,27219500000.0,5997800000.0,-6329100000.0,2015.0,0.78,188461538.5,Zimmer Biomet Holdings,reports,Health Care,Health Care Equipment,"Warsaw, Indiana",,1136869,United States
ZION,2015-12-31,0.0,0,-2530000,4,-157361000,0.0,,15763133000.0,0,4766731000.0,49344000.0,,0,0,151088000,520726000,451859000,0,0,912554000.0,1014129000.0,0,0.0,142388000,16272000.0,68867000,0,-2567082000.0,-5759000,0.0,49278450000.0,0,0,-187518000,-43623000,535169000.0,2071926000.0,-2650718000.0,309471000,139531000,246614000,309471000,0,0,0,0,921919000.0,0,50374091000.0,-54612000,2520776000,73725000,623580000.0,-81615000,49282000,20,6,14,,0,1966910000.0,-153277000,1591239000,346987000.0,0.0,59669525000.0,0.0,0,7507519000.0,52162006000.0,59669525000.0,2210591000.0,0.0,2015.0,1.2,257892500.0,Zions Bancorp,reports,Financials,Regional Banks,"Salt Lake City, Utah",,109380,United States
ZTS,2015-12-31,1313000000.0,-58000000,-81000000,32,-224000000,1012000000.0,65.0,1154000000.0,-262000000,5000000.0,1738000000.0,215.0,82000000,264000000,199000000,669000000,545000000,-32000000,0,1307000000.0,1455000000.0,64,3027000000.0,206000000,1190000000.0,124000000,1467000000,0.0,87000000,4526000000.0,0.0,23000000,0,1115000000,272000000,664000000.0,755000000.0,-1115000000.0,339000000,334000000,339000000,339000000,937000000,320000000,750000000,16,49000000.0,272000000,63000000.0,-622000000,0,-891000000,251000000.0,25000000,61000000,11,51,7,133.0,364000000,876000000.0,-192000000,1532000000,405000000.0,0.0,7913000000.0,3830000000.0,1781000000,1068000000.0,6845000000.0,7913000000.0,4765000000.0,-203000000.0,2015.0,0.68,498529411.8,Zoetis,reports,Health Care,Pharmaceuticals,"Florham Park, New Jersey",2013-06-21,1555280,United States
